parameter,symbol,value/range,units,provenance_class,source,source_date/version,reason,used_by,physical_validation_status
schema_version,schema_version,1,dimensionless,DERIVED,inputs/design.json,2026-09-29 / schema 1,Declared experiment control or sensitivity input; not mine measurement,shared model / numerical verification,NOT PHYSICALLY VALIDATED
seed,seed,26007,dimensionless,DERIVED,inputs/design.json,2026-09-29 / schema 1,Declared experiment control or sensitivity input; not mine measurement,SIM-07,NOT PHYSICALLY VALIDATED
sets.favourable.delay_s,sets.favourable.delay_s,0.5,s,ASSUMED_SENSITIVITY,inputs/design.json,2026-09-29 / schema 1,Declared experiment control or sensitivity input; not mine measurement,shared model / numerical verification,NOT PHYSICALLY VALIDATED
sets.favourable.deceleration_mps2,sets.favourable.deceleration_mps2,3.0,m/s2,ASSUMED_SENSITIVITY,inputs/design.json,2026-09-29 / schema 1,Declared experiment control or sensitivity input; not mine measurement,shared model / numerical verification,NOT PHYSICALLY VALIDATED
sets.favourable.margin_m,sets.favourable.margin_m,0.5,m,ASSUMED_SENSITIVITY,inputs/design.json,2026-09-29 / schema 1,Declared experiment control or sensitivity input; not mine measurement,shared model / numerical verification,NOT PHYSICALLY VALIDATED
sets.favourable.uncertainty_m,sets.favourable.uncertainty_m,0.5,m,ASSUMED_SENSITIVITY,inputs/design.json,2026-09-29 / schema 1,Declared experiment control or sensitivity input; not mine measurement,shared model / numerical verification,NOT PHYSICALLY VALIDATED
sets.reference.delay_s,sets.reference.delay_s,1.5,s,ASSUMED_SENSITIVITY,inputs/design.json,2026-09-29 / schema 1,Declared experiment control or sensitivity input; not mine measurement,shared model / numerical verification,NOT PHYSICALLY VALIDATED
sets.reference.deceleration_mps2,sets.reference.deceleration_mps2,1.5,m/s2,ASSUMED_SENSITIVITY,inputs/design.json,2026-09-29 / schema 1,Declared experiment control or sensitivity input; not mine measurement,shared model / numerical verification,NOT PHYSICALLY VALIDATED
sets.reference.margin_m,sets.reference.margin_m,2.0,m,ASSUMED_SENSITIVITY,inputs/design.json,2026-09-29 / schema 1,Declared experiment control or sensitivity input; not mine measurement,shared model / numerical verification,NOT PHYSICALLY VALIDATED
sets.reference.uncertainty_m,sets.reference.uncertainty_m,1.0,m,ASSUMED_SENSITIVITY,inputs/design.json,2026-09-29 / schema 1,Declared experiment control or sensitivity input; not mine measurement,shared model / numerical verification,NOT PHYSICALLY VALIDATED
sets.adverse.delay_s,sets.adverse.delay_s,2.5,s,ASSUMED_SENSITIVITY,inputs/design.json,2026-09-29 / schema 1,Declared experiment control or sensitivity input; not mine measurement,shared model / numerical verification,NOT PHYSICALLY VALIDATED
sets.adverse.deceleration_mps2,sets.adverse.deceleration_mps2,0.5,m/s2,ASSUMED_SENSITIVITY,inputs/design.json,2026-09-29 / schema 1,Declared experiment control or sensitivity input; not mine measurement,shared model / numerical verification,NOT PHYSICALLY VALIDATED
sets.adverse.margin_m,sets.adverse.margin_m,5.0,m,ASSUMED_SENSITIVITY,inputs/design.json,2026-09-29 / schema 1,Declared experiment control or sensitivity input; not mine measurement,shared model / numerical verification,NOT PHYSICALLY VALIDATED
sets.adverse.uncertainty_m,sets.adverse.uncertainty_m,5.0,m,ASSUMED_SENSITIVITY,inputs/design.json,2026-09-29 / schema 1,Declared experiment control or sensitivity input; not mine measurement,shared model / numerical verification,NOT PHYSICALLY VALIDATED
visual_cases_m[0],visual_cases_m[0],3,m,OFFICIAL_SIH,sources/SIH26007_official_modal.html: Background,2026-09-29 / schema 1,Declared experiment control or sensitivity input; not mine measurement,shared model / numerical verification,NOT PHYSICALLY VALIDATED
visual_cases_m[1],visual_cases_m[1],4,m,DERIVED,sources/SIH26007_official_modal.html: Background,2026-09-29 / schema 1,Declared experiment control or sensitivity input; not mine measurement,shared model / numerical verification,NOT PHYSICALLY VALIDATED
visual_cases_m[2],visual_cases_m[2],5,m,OFFICIAL_SIH,sources/SIH26007_official_modal.html: Background,2026-09-29 / schema 1,Declared experiment control or sensitivity input; not mine measurement,shared model / numerical verification,NOT PHYSICALLY VALIDATED
range_grid_m[0],range_grid_m[0],0,m,ASSUMED_SENSITIVITY,inputs/design.json,2026-09-29 / schema 1,Declared experiment control or sensitivity input; not mine measurement,shared model / numerical verification,NOT PHYSICALLY VALIDATED
range_grid_m[1],range_grid_m[1],150,m,ASSUMED_SENSITIVITY,inputs/design.json,2026-09-29 / schema 1,Declared experiment control or sensitivity input; not mine measurement,shared model / numerical verification,NOT PHYSICALLY VALIDATED
range_grid_m[2],range_grid_m[2],1,m,ASSUMED_SENSITIVITY,inputs/design.json,2026-09-29 / schema 1,Declared experiment control or sensitivity input; not mine measurement,shared model / numerical verification,NOT PHYSICALLY VALIDATED
speed_grid_mps[0],speed_grid_mps[0],0,m/s,ASSUMED_SENSITIVITY,inputs/design.json,2026-09-29 / schema 1,Declared experiment control or sensitivity input; not mine measurement,shared model / numerical verification,NOT PHYSICALLY VALIDATED
speed_grid_mps[1],speed_grid_mps[1],15,m/s,ASSUMED_SENSITIVITY,inputs/design.json,2026-09-29 / schema 1,Declared experiment control or sensitivity input; not mine measurement,shared model / numerical verification,NOT PHYSICALLY VALIDATED
speed_grid_mps[2],speed_grid_mps[2],0.25,m/s,ASSUMED_SENSITIVITY,inputs/design.json,2026-09-29 / schema 1,Declared experiment control or sensitivity input; not mine measurement,shared model / numerical verification,NOT PHYSICALLY VALIDATED
candidate_speeds_mps[0],candidate_speeds_mps[0],2,m/s,ASSUMED_SENSITIVITY,inputs/design.json,2026-09-29 / schema 1,Declared experiment control or sensitivity input; not mine measurement,shared model / numerical verification,NOT PHYSICALLY VALIDATED
candidate_speeds_mps[1],candidate_speeds_mps[1],5,m/s,ASSUMED_SENSITIVITY,inputs/design.json,2026-09-29 / schema 1,Declared experiment control or sensitivity input; not mine measurement,shared model / numerical verification,NOT PHYSICALLY VALIDATED
candidate_speeds_mps[2],candidate_speeds_mps[2],10,m/s,ASSUMED_SENSITIVITY,inputs/design.json,2026-09-29 / schema 1,Declared experiment control or sensitivity input; not mine measurement,shared model / numerical verification,NOT PHYSICALLY VALIDATED
candidate_speeds_mps[3],candidate_speeds_mps[3],15,m/s,ASSUMED_SENSITIVITY,inputs/design.json,2026-09-29 / schema 1,Declared experiment control or sensitivity input; not mine measurement,shared model / numerical verification,NOT PHYSICALLY VALIDATED
encounter.separations_m[0],encounter.separations_m[0],5,m,ASSUMED_SENSITIVITY,inputs/design.json,2026-09-29 / schema 1,Declared experiment control or sensitivity input; not mine measurement,SIM-03,NOT PHYSICALLY VALIDATED
encounter.separations_m[1],encounter.separations_m[1],20,m,ASSUMED_SENSITIVITY,inputs/design.json,2026-09-29 / schema 1,Declared experiment control or sensitivity input; not mine measurement,SIM-03,NOT PHYSICALLY VALIDATED
encounter.separations_m[2],encounter.separations_m[2],40,m,ASSUMED_SENSITIVITY,inputs/design.json,2026-09-29 / schema 1,Declared experiment control or sensitivity input; not mine measurement,SIM-03,NOT PHYSICALLY VALIDATED
encounter.separations_m[3],encounter.separations_m[3],80,m,ASSUMED_SENSITIVITY,inputs/design.json,2026-09-29 / schema 1,Declared experiment control or sensitivity input; not mine measurement,SIM-03,NOT PHYSICALLY VALIDATED
encounter.speeds_mps[0],encounter.speeds_mps[0],2,m/s,ASSUMED_SENSITIVITY,inputs/design.json,2026-09-29 / schema 1,Declared experiment control or sensitivity input; not mine measurement,SIM-03,NOT PHYSICALLY VALIDATED
encounter.speeds_mps[1],encounter.speeds_mps[1],5,m/s,ASSUMED_SENSITIVITY,inputs/design.json,2026-09-29 / schema 1,Declared experiment control or sensitivity input; not mine measurement,SIM-03,NOT PHYSICALLY VALIDATED
encounter.speeds_mps[2],encounter.speeds_mps[2],10,m/s,ASSUMED_SENSITIVITY,inputs/design.json,2026-09-29 / schema 1,Declared experiment control or sensitivity input; not mine measurement,SIM-03,NOT PHYSICALLY VALIDATED
encounter.ranges_m[0],encounter.ranges_m[0],5,m,ASSUMED_SENSITIVITY,inputs/design.json,2026-09-29 / schema 1,Declared experiment control or sensitivity input; not mine measurement,SIM-03,NOT PHYSICALLY VALIDATED
encounter.ranges_m[1],encounter.ranges_m[1],20,m,ASSUMED_SENSITIVITY,inputs/design.json,2026-09-29 / schema 1,Declared experiment control or sensitivity input; not mine measurement,SIM-03,NOT PHYSICALLY VALIDATED
encounter.ranges_m[2],encounter.ranges_m[2],50,m,ASSUMED_SENSITIVITY,inputs/design.json,2026-09-29 / schema 1,Declared experiment control or sensitivity input; not mine measurement,SIM-03,NOT PHYSICALLY VALIDATED
encounter.lead_speed_ratio,encounter.lead_speed_ratio,0.5,s,ASSUMED_SENSITIVITY,inputs/design.json,2026-09-29 / schema 1,Declared experiment control or sensitivity input; not mine measurement,SIM-03,NOT PHYSICALLY VALIDATED
encounter.oncoming_speed_ratio,encounter.oncoming_speed_ratio,-1,s,ASSUMED_SENSITIVITY,inputs/design.json,2026-09-29 / schema 1,Declared experiment control or sensitivity input; not mine measurement,SIM-03,NOT PHYSICALLY VALIDATED
encounter.post_stop_horizon_s,encounter.post_stop_horizon_s,5,s,ASSUMED_SENSITIVITY,inputs/design.json,2026-09-29 / schema 1,Declared experiment control or sensitivity input; not mine measurement,SIM-03,NOT PHYSICALLY VALIDATED
uncertainty.counts[0],uncertainty.counts[0],1000,dimensionless,DERIVED,inputs/design.json,2026-09-29 / schema 1,Declared experiment control or sensitivity input; not mine measurement,SIM-07,NOT PHYSICALLY VALIDATED
uncertainty.counts[1],uncertainty.counts[1],5000,dimensionless,DERIVED,inputs/design.json,2026-09-29 / schema 1,Declared experiment control or sensitivity input; not mine measurement,SIM-07,NOT PHYSICALLY VALIDATED
uncertainty.counts[2],uncertainty.counts[2],10000,dimensionless,DERIVED,inputs/design.json,2026-09-29 / schema 1,Declared experiment control or sensitivity input; not mine measurement,SIM-07,NOT PHYSICALLY VALIDATED
uncertainty.counts[3],uncertainty.counts[3],20000,dimensionless,DERIVED,inputs/design.json,2026-09-29 / schema 1,Declared experiment control or sensitivity input; not mine measurement,SIM-07,NOT PHYSICALLY VALIDATED
uncertainty.counts[4],uncertainty.counts[4],40000,dimensionless,DERIVED,inputs/design.json,2026-09-29 / schema 1,Declared experiment control or sensitivity input; not mine measurement,SIM-07,NOT PHYSICALLY VALIDATED
uncertainty.delay_s[0],uncertainty.delay_s[0],0.5,s,ASSUMED_SENSITIVITY,inputs/design.json,2026-09-29 / schema 1,Declared experiment control or sensitivity input; not mine measurement,SIM-07,NOT PHYSICALLY VALIDATED
uncertainty.delay_s[1],uncertainty.delay_s[1],2.5,s,ASSUMED_SENSITIVITY,inputs/design.json,2026-09-29 / schema 1,Declared experiment control or sensitivity input; not mine measurement,SIM-07,NOT PHYSICALLY VALIDATED
uncertainty.deceleration_mps2[0],uncertainty.deceleration_mps2[0],0.5,m/s2,ASSUMED_SENSITIVITY,inputs/design.json,2026-09-29 / schema 1,Declared experiment control or sensitivity input; not mine measurement,SIM-07,NOT PHYSICALLY VALIDATED
uncertainty.deceleration_mps2[1],uncertainty.deceleration_mps2[1],3,m/s2,ASSUMED_SENSITIVITY,inputs/design.json,2026-09-29 / schema 1,Declared experiment control or sensitivity input; not mine measurement,SIM-07,NOT PHYSICALLY VALIDATED
uncertainty.uncertainty_m[0],uncertainty.uncertainty_m[0],0.5,m,ASSUMED_SENSITIVITY,inputs/design.json,2026-09-29 / schema 1,Declared experiment control or sensitivity input; not mine measurement,SIM-07,NOT PHYSICALLY VALIDATED
uncertainty.uncertainty_m[1],uncertainty.uncertainty_m[1],5,m,ASSUMED_SENSITIVITY,inputs/design.json,2026-09-29 / schema 1,Declared experiment control or sensitivity input; not mine measurement,SIM-07,NOT PHYSICALLY VALIDATED
uncertainty.range_m[0],uncertainty.range_m[0],3,m,ASSUMED_SENSITIVITY,inputs/design.json,2026-09-29 / schema 1,Declared experiment control or sensitivity input; not mine measurement,SIM-07,NOT PHYSICALLY VALIDATED
uncertainty.range_m[1],uncertainty.range_m[1],100,m,ASSUMED_SENSITIVITY,inputs/design.json,2026-09-29 / schema 1,Declared experiment control or sensitivity input; not mine measurement,SIM-07,NOT PHYSICALLY VALIDATED
uncertainty.speed_mps[0],uncertainty.speed_mps[0],0,m/s,ASSUMED_SENSITIVITY,inputs/design.json,2026-09-29 / schema 1,Declared experiment control or sensitivity input; not mine measurement,SIM-07,NOT PHYSICALLY VALIDATED
uncertainty.speed_mps[1],uncertainty.speed_mps[1],15,m/s,ASSUMED_SENSITIVITY,inputs/design.json,2026-09-29 / schema 1,Declared experiment control or sensitivity input; not mine measurement,SIM-07,NOT PHYSICALLY VALIDATED
uncertainty.margin_m,uncertainty.margin_m,2,m,ASSUMED_SENSITIVITY,inputs/design.json,2026-09-29 / schema 1,Declared experiment control or sensitivity input; not mine measurement,SIM-07,NOT PHYSICALLY VALIDATED
uncertainty.quantiles[0],uncertainty.quantiles[0],0.05,dimensionless,DERIVED,inputs/design.json,2026-09-29 / schema 1,Declared experiment control or sensitivity input; not mine measurement,SIM-07,NOT PHYSICALLY VALIDATED
uncertainty.quantiles[1],uncertainty.quantiles[1],0.5,dimensionless,DERIVED,inputs/design.json,2026-09-29 / schema 1,Declared experiment control or sensitivity input; not mine measurement,SIM-07,NOT PHYSICALLY VALIDATED
uncertainty.quantiles[2],uncertainty.quantiles[2],0.95,dimensionless,DERIVED,inputs/design.json,2026-09-29 / schema 1,Declared experiment control or sensitivity input; not mine measurement,SIM-07,NOT PHYSICALLY VALIDATED
uncertainty.fraction_stability_tolerance,uncertainty.fraction_stability_tolerance,0.02,s,DERIVED,inputs/design.json,2026-09-29 / schema 1,Declared experiment control or sensitivity input; not mine measurement,SIM-07,NOT PHYSICALLY VALIDATED
uncertainty.quantile_stability_tolerance_m,uncertainty.quantile_stability_tolerance_m,3,m,DERIVED,inputs/design.json,2026-09-29 / schema 1,Declared experiment control or sensitivity input; not mine measurement,SIM-07,NOT PHYSICALLY VALIDATED
cycle.fixed_fraction,cycle.fixed_fraction,0.4,dimensionless,ASSUMED_SENSITIVITY,inputs/design.json,2026-09-29 / schema 1,Declared experiment control or sensitivity input; not mine measurement,SIM-08/09,NOT PHYSICALLY VALIDATED
cycle.nonfog_fraction,cycle.nonfog_fraction,0.3,dimensionless,ASSUMED_SENSITIVITY,inputs/design.json,2026-09-29 / schema 1,Declared experiment control or sensitivity input; not mine measurement,SIM-08/09,NOT PHYSICALLY VALIDATED
cycle.fog_fraction,cycle.fog_fraction,0.3,dimensionless,ASSUMED_SENSITIVITY,inputs/design.json,2026-09-29 / schema 1,Declared experiment control or sensitivity input; not mine measurement,SIM-08/09,NOT PHYSICALLY VALIDATED
cycle.desired_speed_mps,cycle.desired_speed_mps,5,m/s,ASSUMED_SENSITIVITY,inputs/design.json,2026-09-29 / schema 1,Declared experiment control or sensitivity input; not mine measurement,SIM-08/09,NOT PHYSICALLY VALIDATED
cycle.range_cases_m[0],cycle.range_cases_m[0],3,m,ASSUMED_SENSITIVITY,inputs/design.json,2026-09-29 / schema 1,Declared experiment control or sensitivity input; not mine measurement,SIM-08/09,NOT PHYSICALLY VALIDATED
cycle.range_cases_m[1],cycle.range_cases_m[1],5,m,ASSUMED_SENSITIVITY,inputs/design.json,2026-09-29 / schema 1,Declared experiment control or sensitivity input; not mine measurement,SIM-08/09,NOT PHYSICALLY VALIDATED
cycle.range_cases_m[2],cycle.range_cases_m[2],10,m,ASSUMED_SENSITIVITY,inputs/design.json,2026-09-29 / schema 1,Declared experiment control or sensitivity input; not mine measurement,SIM-08/09,NOT PHYSICALLY VALIDATED
cycle.range_cases_m[3],cycle.range_cases_m[3],20,m,ASSUMED_SENSITIVITY,inputs/design.json,2026-09-29 / schema 1,Declared experiment control or sensitivity input; not mine measurement,SIM-08/09,NOT PHYSICALLY VALIDATED
cycle.range_cases_m[4],cycle.range_cases_m[4],40,m,ASSUMED_SENSITIVITY,inputs/design.json,2026-09-29 / schema 1,Declared experiment control or sensitivity input; not mine measurement,SIM-08/09,NOT PHYSICALLY VALIDATED
cycle.visual_m,cycle.visual_m,4,m,ASSUMED_SENSITIVITY,inputs/design.json,2026-09-29 / schema 1,Declared experiment control or sensitivity input; not mine measurement,SIM-08/09,NOT PHYSICALLY VALIDATED
cycle.halt_dwell_indices[0],cycle.halt_dwell_indices[0],0,dimensionless,ASSUMED_SENSITIVITY,inputs/design.json,2026-09-29 / schema 1,Declared experiment control or sensitivity input; not mine measurement,SIM-08/09,NOT PHYSICALLY VALIDATED
cycle.halt_dwell_indices[1],cycle.halt_dwell_indices[1],0.25,dimensionless,ASSUMED_SENSITIVITY,inputs/design.json,2026-09-29 / schema 1,Declared experiment control or sensitivity input; not mine measurement,SIM-08/09,NOT PHYSICALLY VALIDATED
cycle.halt_dwell_indices[2],cycle.halt_dwell_indices[2],1,dimensionless,ASSUMED_SENSITIVITY,inputs/design.json,2026-09-29 / schema 1,Declared experiment control or sensitivity input; not mine measurement,SIM-08/09,NOT PHYSICALLY VALIDATED
cycle.recovery_range_m,cycle.recovery_range_m,40,m,ASSUMED_SENSITIVITY,inputs/design.json,2026-09-29 / schema 1,Declared experiment control or sensitivity input; not mine measurement,SIM-08/09,NOT PHYSICALLY VALIDATED
freshness.fresh_s,freshness.fresh_s,0.25,s,CURRENT_TARK_CONFIG,config/phase1.json; docs/ESP32_PROTOCOL_V2.md,2026-09-29 / schema 1,Declared experiment control or sensitivity input; not mine measurement,SIM-05/06,NOT PHYSICALLY VALIDATED
freshness.stale_s,freshness.stale_s,1,s,CURRENT_TARK_CONFIG,config/phase1.json; docs/ESP32_PROTOCOL_V2.md,2026-09-29 / schema 1,Declared experiment control or sensitivity input; not mine measurement,SIM-05/06,NOT PHYSICALLY VALIDATED
freshness.command_ttl_s,freshness.command_ttl_s,0.5,s,CURRENT_TARK_CONFIG,config/phase1.json; docs/ESP32_PROTOCOL_V2.md,2026-09-29 / schema 1,Declared experiment control or sensitivity input; not mine measurement,SIM-05/06,NOT PHYSICALLY VALIDATED
numerics.absolute_tolerance,numerics.absolute_tolerance,1e-08,dimensionless,DERIVED,inputs/design.json,2026-09-29 / schema 1,Declared experiment control or sensitivity input; not mine measurement,shared model / numerical verification,NOT PHYSICALLY VALIDATED
numerics.relative_tolerance,numerics.relative_tolerance,1e-09,dimensionless,DERIVED,inputs/design.json,2026-09-29 / schema 1,Declared experiment control or sensitivity input; not mine measurement,shared model / numerical verification,NOT PHYSICALLY VALIDATED
numerics.root_iterations,numerics.root_iterations,120,dimensionless,DERIVED,inputs/design.json,2026-09-29 / schema 1,Declared experiment control or sensitivity input; not mine measurement,shared model / numerical verification,NOT PHYSICALLY VALIDATED
numerics.boundary_epsilon_m,numerics.boundary_epsilon_m,1e-07,m,DERIVED,inputs/design.json,2026-09-29 / schema 1,Declared experiment control or sensitivity input; not mine measurement,shared model / numerical verification,NOT PHYSICALLY VALIDATED
timeline.schema_version,timeline.schema_version,1,dimensionless,DERIVED,scenarios/timelines.json,2026-09-29 / schema 1,Declared experiment control or sensitivity input; not mine measurement,SIM-04/10,NOT PHYSICALLY VALIDATED
timeline.epoch_s,timeline.epoch_s,10,s,ASSUMED_SENSITIVITY,scenarios/timelines.json,2026-09-29 / schema 1,Declared experiment control or sensitivity input; not mine measurement,SIM-04/10,NOT PHYSICALLY VALIDATED
timeline.desired_speed_mps,timeline.desired_speed_mps,5,m/s,ASSUMED_SENSITIVITY,scenarios/timelines.json,2026-09-29 / schema 1,Declared experiment control or sensitivity input; not mine measurement,SIM-04/10,NOT PHYSICALLY VALIDATED
timeline.fog[0].visual_m,timeline.fog[0].visual_m,5,m,ASSUMED_SENSITIVITY,scenarios/timelines.json,2026-09-29 / schema 1,Declared experiment control or sensitivity input; not mine measurement,SIM-04/10,NOT PHYSICALLY VALIDATED
timeline.fog[0].range_m,timeline.fog[0].range_m,40,m,ASSUMED_SENSITIVITY,scenarios/timelines.json,2026-09-29 / schema 1,Declared experiment control or sensitivity input; not mine measurement,SIM-04/10,NOT PHYSICALLY VALIDATED
timeline.fog[0].uncertainty_m,timeline.fog[0].uncertainty_m,1,m,ASSUMED_SENSITIVITY,scenarios/timelines.json,2026-09-29 / schema 1,Declared experiment control or sensitivity input; not mine measurement,SIM-04/10,NOT PHYSICALLY VALIDATED
timeline.fog[0].age_s,timeline.fog[0].age_s,0,s,ASSUMED_SENSITIVITY,scenarios/timelines.json,2026-09-29 / schema 1,Declared experiment control or sensitivity input; not mine measurement,SIM-04/10,NOT PHYSICALLY VALIDATED
timeline.fog[1].visual_m,timeline.fog[1].visual_m,4,m,ASSUMED_SENSITIVITY,scenarios/timelines.json,2026-09-29 / schema 1,Declared experiment control or sensitivity input; not mine measurement,SIM-04/10,NOT PHYSICALLY VALIDATED
timeline.fog[1].range_m,timeline.fog[1].range_m,40,m,ASSUMED_SENSITIVITY,scenarios/timelines.json,2026-09-29 / schema 1,Declared experiment control or sensitivity input; not mine measurement,SIM-04/10,NOT PHYSICALLY VALIDATED
timeline.fog[1].uncertainty_m,timeline.fog[1].uncertainty_m,1,m,ASSUMED_SENSITIVITY,scenarios/timelines.json,2026-09-29 / schema 1,Declared experiment control or sensitivity input; not mine measurement,SIM-04/10,NOT PHYSICALLY VALIDATED
timeline.fog[1].age_s,timeline.fog[1].age_s,0,s,ASSUMED_SENSITIVITY,scenarios/timelines.json,2026-09-29 / schema 1,Declared experiment control or sensitivity input; not mine measurement,SIM-04/10,NOT PHYSICALLY VALIDATED
timeline.fog[2].visual_m,timeline.fog[2].visual_m,3,m,ASSUMED_SENSITIVITY,scenarios/timelines.json,2026-09-29 / schema 1,Declared experiment control or sensitivity input; not mine measurement,SIM-04/10,NOT PHYSICALLY VALIDATED
timeline.fog[2].range_m,timeline.fog[2].range_m,15,m,ASSUMED_SENSITIVITY,scenarios/timelines.json,2026-09-29 / schema 1,Declared experiment control or sensitivity input; not mine measurement,SIM-04/10,NOT PHYSICALLY VALIDATED
timeline.fog[2].uncertainty_m,timeline.fog[2].uncertainty_m,2,m,ASSUMED_SENSITIVITY,scenarios/timelines.json,2026-09-29 / schema 1,Declared experiment control or sensitivity input; not mine measurement,SIM-04/10,NOT PHYSICALLY VALIDATED
timeline.fog[2].age_s,timeline.fog[2].age_s,0.5,s,ASSUMED_SENSITIVITY,scenarios/timelines.json,2026-09-29 / schema 1,Declared experiment control or sensitivity input; not mine measurement,SIM-04/10,NOT PHYSICALLY VALIDATED
timeline.fog[3].visual_m,timeline.fog[3].visual_m,4,m,ASSUMED_SENSITIVITY,scenarios/timelines.json,2026-09-29 / schema 1,Declared experiment control or sensitivity input; not mine measurement,SIM-04/10,NOT PHYSICALLY VALIDATED
timeline.fog[3].range_m,timeline.fog[3].range_m,0,m,ASSUMED_SENSITIVITY,scenarios/timelines.json,2026-09-29 / schema 1,Declared experiment control or sensitivity input; not mine measurement,SIM-04/10,NOT PHYSICALLY VALIDATED
timeline.fog[3].uncertainty_m,timeline.fog[3].uncertainty_m,2,m,ASSUMED_SENSITIVITY,scenarios/timelines.json,2026-09-29 / schema 1,Declared experiment control or sensitivity input; not mine measurement,SIM-04/10,NOT PHYSICALLY VALIDATED
timeline.fog[3].age_s,timeline.fog[3].age_s,1.1,s,ASSUMED_SENSITIVITY,scenarios/timelines.json,2026-09-29 / schema 1,Declared experiment control or sensitivity input; not mine measurement,SIM-04/10,NOT PHYSICALLY VALIDATED
timeline.fog[4].visual_m,timeline.fog[4].visual_m,5,m,ASSUMED_SENSITIVITY,scenarios/timelines.json,2026-09-29 / schema 1,Declared experiment control or sensitivity input; not mine measurement,SIM-04/10,NOT PHYSICALLY VALIDATED
timeline.fog[4].range_m,timeline.fog[4].range_m,40,m,ASSUMED_SENSITIVITY,scenarios/timelines.json,2026-09-29 / schema 1,Declared experiment control or sensitivity input; not mine measurement,SIM-04/10,NOT PHYSICALLY VALIDATED
timeline.fog[4].uncertainty_m,timeline.fog[4].uncertainty_m,1,m,ASSUMED_SENSITIVITY,scenarios/timelines.json,2026-09-29 / schema 1,Declared experiment control or sensitivity input; not mine measurement,SIM-04/10,NOT PHYSICALLY VALIDATED
timeline.fog[4].age_s,timeline.fog[4].age_s,0,s,ASSUMED_SENSITIVITY,scenarios/timelines.json,2026-09-29 / schema 1,Declared experiment control or sensitivity input; not mine measurement,SIM-04/10,NOT PHYSICALLY VALIDATED
timeline.integrated[0].visual_m,timeline.integrated[0].visual_m,5,m,ASSUMED_SENSITIVITY,scenarios/timelines.json,2026-09-29 / schema 1,Declared experiment control or sensitivity input; not mine measurement,SIM-04/10,NOT PHYSICALLY VALIDATED
timeline.integrated[0].range_m,timeline.integrated[0].range_m,40,m,ASSUMED_SENSITIVITY,scenarios/timelines.json,2026-09-29 / schema 1,Declared experiment control or sensitivity input; not mine measurement,SIM-04/10,NOT PHYSICALLY VALIDATED
timeline.integrated[0].separation_m,timeline.integrated[0].separation_m,80,m,ASSUMED_SENSITIVITY,scenarios/timelines.json,2026-09-29 / schema 1,Declared experiment control or sensitivity input; not mine measurement,SIM-04/10,NOT PHYSICALLY VALIDATED
timeline.integrated[0].uncertainty_m,timeline.integrated[0].uncertainty_m,1,m,ASSUMED_SENSITIVITY,scenarios/timelines.json,2026-09-29 / schema 1,Declared experiment control or sensitivity input; not mine measurement,SIM-04/10,NOT PHYSICALLY VALIDATED
timeline.integrated[0].age_s,timeline.integrated[0].age_s,0,s,ASSUMED_SENSITIVITY,scenarios/timelines.json,2026-09-29 / schema 1,Declared experiment control or sensitivity input; not mine measurement,SIM-04/10,NOT PHYSICALLY VALIDATED
timeline.integrated[1].visual_m,timeline.integrated[1].visual_m,3,m,ASSUMED_SENSITIVITY,scenarios/timelines.json,2026-09-29 / schema 1,Declared experiment control or sensitivity input; not mine measurement,SIM-04/10,NOT PHYSICALLY VALIDATED
timeline.integrated[1].range_m,timeline.integrated[1].range_m,40,m,ASSUMED_SENSITIVITY,scenarios/timelines.json,2026-09-29 / schema 1,Declared experiment control or sensitivity input; not mine measurement,SIM-04/10,NOT PHYSICALLY VALIDATED
timeline.integrated[1].separation_m,timeline.integrated[1].separation_m,60,m,ASSUMED_SENSITIVITY,scenarios/timelines.json,2026-09-29 / schema 1,Declared experiment control or sensitivity input; not mine measurement,SIM-04/10,NOT PHYSICALLY VALIDATED
timeline.integrated[1].uncertainty_m,timeline.integrated[1].uncertainty_m,1,m,ASSUMED_SENSITIVITY,scenarios/timelines.json,2026-09-29 / schema 1,Declared experiment control or sensitivity input; not mine measurement,SIM-04/10,NOT PHYSICALLY VALIDATED
timeline.integrated[1].age_s,timeline.integrated[1].age_s,0,s,ASSUMED_SENSITIVITY,scenarios/timelines.json,2026-09-29 / schema 1,Declared experiment control or sensitivity input; not mine measurement,SIM-04/10,NOT PHYSICALLY VALIDATED
timeline.integrated[2].visual_m,timeline.integrated[2].visual_m,3,m,ASSUMED_SENSITIVITY,scenarios/timelines.json,2026-09-29 / schema 1,Declared experiment control or sensitivity input; not mine measurement,SIM-04/10,NOT PHYSICALLY VALIDATED
timeline.integrated[2].range_m,timeline.integrated[2].range_m,40,m,ASSUMED_SENSITIVITY,scenarios/timelines.json,2026-09-29 / schema 1,Declared experiment control or sensitivity input; not mine measurement,SIM-04/10,NOT PHYSICALLY VALIDATED
timeline.integrated[2].separation_m,timeline.integrated[2].separation_m,20,m,ASSUMED_SENSITIVITY,scenarios/timelines.json,2026-09-29 / schema 1,Declared experiment control or sensitivity input; not mine measurement,SIM-04/10,NOT PHYSICALLY VALIDATED
timeline.integrated[2].uncertainty_m,timeline.integrated[2].uncertainty_m,1,m,ASSUMED_SENSITIVITY,scenarios/timelines.json,2026-09-29 / schema 1,Declared experiment control or sensitivity input; not mine measurement,SIM-04/10,NOT PHYSICALLY VALIDATED
timeline.integrated[2].age_s,timeline.integrated[2].age_s,0,s,ASSUMED_SENSITIVITY,scenarios/timelines.json,2026-09-29 / schema 1,Declared experiment control or sensitivity input; not mine measurement,SIM-04/10,NOT PHYSICALLY VALIDATED
timeline.integrated[3].visual_m,timeline.integrated[3].visual_m,3,m,ASSUMED_SENSITIVITY,scenarios/timelines.json,2026-09-29 / schema 1,Declared experiment control or sensitivity input; not mine measurement,SIM-04/10,NOT PHYSICALLY VALIDATED
timeline.integrated[3].range_m,timeline.integrated[3].range_m,15,m,ASSUMED_SENSITIVITY,scenarios/timelines.json,2026-09-29 / schema 1,Declared experiment control or sensitivity input; not mine measurement,SIM-04/10,NOT PHYSICALLY VALIDATED
timeline.integrated[3].separation_m,timeline.integrated[3].separation_m,20,m,ASSUMED_SENSITIVITY,scenarios/timelines.json,2026-09-29 / schema 1,Declared experiment control or sensitivity input; not mine measurement,SIM-04/10,NOT PHYSICALLY VALIDATED
timeline.integrated[3].uncertainty_m,timeline.integrated[3].uncertainty_m,3,m,ASSUMED_SENSITIVITY,scenarios/timelines.json,2026-09-29 / schema 1,Declared experiment control or sensitivity input; not mine measurement,SIM-04/10,NOT PHYSICALLY VALIDATED
timeline.integrated[3].age_s,timeline.integrated[3].age_s,0.5,s,ASSUMED_SENSITIVITY,scenarios/timelines.json,2026-09-29 / schema 1,Declared experiment control or sensitivity input; not mine measurement,SIM-04/10,NOT PHYSICALLY VALIDATED
timeline.integrated[4].visual_m,timeline.integrated[4].visual_m,3,m,ASSUMED_SENSITIVITY,scenarios/timelines.json,2026-09-29 / schema 1,Declared experiment control or sensitivity input; not mine measurement,SIM-04/10,NOT PHYSICALLY VALIDATED
timeline.integrated[4].range_m,timeline.integrated[4].range_m,15,m,ASSUMED_SENSITIVITY,scenarios/timelines.json,2026-09-29 / schema 1,Declared experiment control or sensitivity input; not mine measurement,SIM-04/10,NOT PHYSICALLY VALIDATED
timeline.integrated[4].separation_m,timeline.integrated[4].separation_m,20,m,ASSUMED_SENSITIVITY,scenarios/timelines.json,2026-09-29 / schema 1,Declared experiment control or sensitivity input; not mine measurement,SIM-04/10,NOT PHYSICALLY VALIDATED
timeline.integrated[4].uncertainty_m,timeline.integrated[4].uncertainty_m,3,m,ASSUMED_SENSITIVITY,scenarios/timelines.json,2026-09-29 / schema 1,Declared experiment control or sensitivity input; not mine measurement,SIM-04/10,NOT PHYSICALLY VALIDATED
timeline.integrated[4].age_s,timeline.integrated[4].age_s,1.1,s,ASSUMED_SENSITIVITY,scenarios/timelines.json,2026-09-29 / schema 1,Declared experiment control or sensitivity input; not mine measurement,SIM-04/10,NOT PHYSICALLY VALIDATED
timeline.integrated[5].visual_m,timeline.integrated[5].visual_m,4,m,ASSUMED_SENSITIVITY,scenarios/timelines.json,2026-09-29 / schema 1,Declared experiment control or sensitivity input; not mine measurement,SIM-04/10,NOT PHYSICALLY VALIDATED
timeline.integrated[5].range_m,timeline.integrated[5].range_m,40,m,ASSUMED_SENSITIVITY,scenarios/timelines.json,2026-09-29 / schema 1,Declared experiment control or sensitivity input; not mine measurement,SIM-04/10,NOT PHYSICALLY VALIDATED
timeline.integrated[5].separation_m,timeline.integrated[5].separation_m,40,m,ASSUMED_SENSITIVITY,scenarios/timelines.json,2026-09-29 / schema 1,Declared experiment control or sensitivity input; not mine measurement,SIM-04/10,NOT PHYSICALLY VALIDATED
timeline.integrated[5].uncertainty_m,timeline.integrated[5].uncertainty_m,1,m,ASSUMED_SENSITIVITY,scenarios/timelines.json,2026-09-29 / schema 1,Declared experiment control or sensitivity input; not mine measurement,SIM-04/10,NOT PHYSICALLY VALIDATED
timeline.integrated[5].age_s,timeline.integrated[5].age_s,0,s,ASSUMED_SENSITIVITY,scenarios/timelines.json,2026-09-29 / schema 1,Declared experiment control or sensitivity input; not mine measurement,SIM-04/10,NOT PHYSICALLY VALIDATED
timeline.integrated[6].visual_m,timeline.integrated[6].visual_m,5,m,ASSUMED_SENSITIVITY,scenarios/timelines.json,2026-09-29 / schema 1,Declared experiment control or sensitivity input; not mine measurement,SIM-04/10,NOT PHYSICALLY VALIDATED
timeline.integrated[6].range_m,timeline.integrated[6].range_m,40,m,ASSUMED_SENSITIVITY,scenarios/timelines.json,2026-09-29 / schema 1,Declared experiment control or sensitivity input; not mine measurement,SIM-04/10,NOT PHYSICALLY VALIDATED
timeline.integrated[6].separation_m,timeline.integrated[6].separation_m,80,m,ASSUMED_SENSITIVITY,scenarios/timelines.json,2026-09-29 / schema 1,Declared experiment control or sensitivity input; not mine measurement,SIM-04/10,NOT PHYSICALLY VALIDATED
timeline.integrated[6].uncertainty_m,timeline.integrated[6].uncertainty_m,1,m,ASSUMED_SENSITIVITY,scenarios/timelines.json,2026-09-29 / schema 1,Declared experiment control or sensitivity input; not mine measurement,SIM-04/10,NOT PHYSICALLY VALIDATED
timeline.integrated[6].age_s,timeline.integrated[6].age_s,0,s,ASSUMED_SENSITIVITY,scenarios/timelines.json,2026-09-29 / schema 1,Declared experiment control or sensitivity input; not mine measurement,SIM-04/10,NOT PHYSICALLY VALIDATED
speed_unit_conversion,km/h per m/s,3.6,(km/h)/(m/s),DERIVED,3600 seconds/hour / 1000 metres/km,SI units,Exact unit conversion,all speed displays,NOT APPLICABLE
