"ID","Subsystem","Manufacturer","Exact model","Exact SKU or selection boundary","Quantity","Owned or new","Planning unit INR","Planning extended INR","Primary purpose","Secondary purpose","Main technical specs","Published capability","Intended characterization domain","Interface","Supply","Host","Why selected","Why cheaper alternative not selected","Why costlier alternative not needed","Failure consequence","What it does not prove","Industrial function","Technical source","Price basis","Selection maturity","Checked date"
"M01","Edge compute","NVIDIA","Jetson Orin Nano Super Developer Kit 8 GB","945-13766-0000-000","1","NEW","50000","50000","Local multi-sensor processing","Recording/backend/HMI","8 GB developer kit; four USB-A; DP; M.2 NVMe","Published AI capability is not application FPS","Concurrent sensing/inference/recording latency and thermal profiling","USB; SPI; Ethernet; DP; PCIe","19 V kit bench supply; separate protected mobile branch in Prompt 2","Main node A","One local GPU-capable platform for intended workload","Pi 3B+ not assumed adequate for concurrent flagship AI","NX/AGX or second Jetson lacks measured need","Local processing unavailable; supervisory expiry must remain effective","Production qualification or measured TARK FPS","Industrial edge processing","https://developer.nvidia.com/embedded/faq ; https://docs.nvidia.com/jetson/orin-nano-devkit/user-guide/latest/hardware_layout.html","INR 47499 tax-inclusive opened https://mgsl.in/products/nvidia-jetson-orin-nano-super-developer-kit-67-tops ; INR 50000 allocation; not a quote","SELECTED REGIONAL 0000 KIT; not India 0007; regional suitability/warranty/mains lead unresolved before purchase/use","2026-10-01"
"M02","Primary radar","Texas Instruments","IWR1843BOOST","IWR1843BOOST","1","NEW","42500","42500","Front obstacle geometry/radial motion","Multi-target association research","76-81 GHz IWR1843; 3 TX/4 RX; onboard XDS110","Configurable radar processing and processed UART output","Profile-dependent targets at 1/2/5/10/20 m; no assured range","USB-UART to host; separate power","5 V supply; manufacturer guide requires >2.5 A capacity, not measured consumption","Jetson direct USB","Documented development and observable geometry","LD2450 is not equivalent premium geometry evidence","AWR lineage/raw-ADC capture adds no established experimental value","Primary geometry unavailable or unreliable","Every truck detected, fog immunity or full coverage","Front collision-risk sensing","https://www.ti.com/tool/IWR1843BOOST ; https://www.ti.com/lit/ug/spruim4b/spruim4b.pdf","Indexed INR 35892 Mouser; tax status unresolved; approx x1.18 rounded allocation: https://www.mouser.in/en/ProductDetail/Texas-Instruments/IWR1843BOOST?qs=RcG8xmE7yp2iITEK4ql0DA%3D%3D","TECHNICAL SELECTION; NOT PHYSICALLY VERIFIED","2026-10-01"
"M03","RGB","Arducam","IMX291 low-light fixed-lens USB camera","B0200","1","NEW","6500","6500","Visible semantic context","Compressed evidence video","1080p class; 100-degree DIAGONAL FOV; focus about 1 m-infinity","Compressed approximately 30-fps class; UVC; manual exposure not established","Calibrated targets >=1 m; 1/2/5/10 m initial course","USB UVC","5 V USB; published maximum 300 mA","Jetson direct USB","Exact optics/format identity for calibration","Owned unidentified webcam retained only as reference","Stereo/depth/newer imager lacks measured benefit","Semantic classification lost or stale","Horizontal 100-degree FOV or fog penetration","Contextual scene understanding","https://www.arducam.com/arducam-1080p-low-light-wdr-usb-camera-module-for-computer-2mp-1-2-8-cmos-imx291-100-degree-wide-angle-mini-uvc-spy-webcam-board-with-microphone-3-3ft-1m-cable-for-windows-linux-mac-os.html","Family listing INR 5262; INR 6500 allocation: https://www.fabtolab.com/arducam-b0200-b0201-b0202-1080p-low-light-wide-angle-usb-camera-module-microphone-computer-2mp-1-2-8-inch-cmos-imx291-120-degree-mini-uvc-usb2.0-webcam-board-3-3ft-1m-cable-windows-linux-mac-os","TECHNICAL SELECTION; NOT PHYSICALLY VERIFIED","2026-10-01"
"M04","Thermal core","Teledyne FLIR","Lepton 3.5","500-0771-01","1","NEW","19400","19400","LWIR thermal contrast","RGB/radar disagreement evidence","160 x 120; 57-degree horizontal FOV; 8.7 Hz","Core LWIR imaging and radiometric capability under calibration conditions","Thermal references at resolved 1/2/5/10 m; clear and aerosol","Core socket/VoSPI through selected M05 bridge","Powered by M05 socket; no direct battery connection","PureThermal 3 then Jetson","Meets flagship spatial-detail target","MLX90640 lower spatial detail does not meet target","Higher-resolution core consumes test/protection budget","Thermal evidence unavailable","Metric range, guaranteed human classification or calibrated absolute temperature","Complementary thermal perception","https://mm.digikey.com/Volume0/opasdata/d220001/medias/docus/5491/Lepton_Series_7-28-23.pdf","Earlier same-day DigiKey INR 16434.60 + approximate tax provision: https://www.digikey.in/en/products/detail/flir-lepton/500-0771-01/500-0771-01-ND/7606616","TECHNICAL SELECTION; NOT PHYSICALLY VERIFIED","2026-10-01"
"M05","Thermal acquisition","GroupGets","PureThermal 3 USB bridge","PURETHERMAL-3","1","NEW","13600","13600","Complete host interface for M04","Thermal frame capture/health","Lepton-compatible USB-C UVC bridge","Linux acquisition documented; radiometric processing distinct from display","Frame continuity, FFC handling and USB loss tests","Lepton socket to USB-C","5 V USB host power; current/inrush sized to bridge documentation","Jetson via powered hub","Core alone is not a complete camera","Undocumented cheap bridge risks untestable data path","Standalone premium thermal camera unnecessary","Thermal acquisition lost even with healthy core","Plug-in calibration or weatherproof assembly","Thermal acquisition electronics","https://groupgets.com/products/purethermal-3","Earlier same-day DigiKey INR 11465.04 + approximate tax provision: https://www.digikey.in/en/products/detail/groupgets-llc/PURETHERMAL-3/18677153","TECHNICAL SELECTION; NOT PHYSICALLY VERIFIED","2026-10-01"
"M06","RTK positioning","Waveshare / Quectel","LG290P GNSS RTK Module with RTC battery","33000 (RTC battery included)","1","NEW","9500","9500","Rover A physical vehicle position","Cooperative route/fleet evidence","Multi-band L1/L2/L5/E6 receiver; Type-C USB-UART board","Documented base/rover RTK capability; not an integrity guarantee","Small outdoor reference course; target 5-10 Hz normalized output; verify firmware/profile","USB-UART; correction stream distributed over local IP","5 V USB board input; not bare-module rail; antenna bias verified before assembly","Jetson via powered hub","Three identical kits support two physical peers without internet corrections","LC29H(AA) is not an RTK substitute","Three pricier F9P assemblies have no proven task advantage here","Global guidance/fleet position unavailable or stale","Always-centimetric accuracy, true standstill heading or surveyed mine map","Precise vehicle localization/correction infrastructure","https://www.waveshare.com/product/lg290p-gnss-rtk-module.htm ; https://quectel.com/content/uploads/2024/07/Quectel_LG290P03_RTK_Application_Note_V1.0.pdf","INR 9099 incl GST observed; INR 9500 each planning: https://hubtronics.in/lg290p-gnss-rtk-module","TECHNICAL SELECTION; NOT PHYSICALLY VERIFIED","2026-10-01"
"M07","RTK positioning","Waveshare / Quectel","LG290P GNSS RTK Module with RTC battery","33000 (RTC battery included)","1","NEW","9500","9500","Rover B physical vehicle position","Cooperative route/fleet evidence","Multi-band L1/L2/L5/E6 receiver; Type-C USB-UART board","Documented base/rover RTK capability; not an integrity guarantee","Small outdoor reference course; target 5-10 Hz normalized output; verify firmware/profile","USB-UART; correction stream distributed over local IP","5 V USB board input; not bare-module rail; antenna bias verified before assembly","Owned Pi 3B+","Three identical kits support two physical peers without internet corrections","LC29H(AA) is not an RTK substitute","Three pricier F9P assemblies have no proven task advantage here","Global guidance/fleet position unavailable or stale","Always-centimetric accuracy, true standstill heading or surveyed mine map","Precise vehicle localization/correction infrastructure","https://www.waveshare.com/product/lg290p-gnss-rtk-module.htm ; https://quectel.com/content/uploads/2024/07/Quectel_LG290P03_RTK_Application_Note_V1.0.pdf","INR 9099 incl GST observed; INR 9500 each planning: https://hubtronics.in/lg290p-gnss-rtk-module","TECHNICAL SELECTION; NOT PHYSICALLY VERIFIED","2026-10-01"
"M08","RTK positioning","Waveshare / Quectel","LG290P GNSS RTK Module with RTC battery","33000 (RTC battery included)","1","NEW","9500","9500","Local RTCM correction source","Reference-frame status","Multi-band L1/L2/L5/E6 receiver; Type-C USB-UART board","Documented base/rover RTK capability; not an integrity guarantee","Small outdoor reference course; target 5-10 Hz normalized output; verify firmware/profile","USB-UART; correction stream distributed over local IP","5 V USB board input; not bare-module rail; antenna bias verified before assembly","Owned control-room laptop","Three identical kits support two physical peers without internet corrections","LC29H(AA) is not an RTK substitute","Three pricier F9P assemblies have no proven task advantage here","Corrections/reference lost; rovers must degrade","Always-centimetric accuracy, true standstill heading or surveyed mine map","Precise vehicle localization/correction infrastructure","https://www.waveshare.com/product/lg290p-gnss-rtk-module.htm ; https://quectel.com/content/uploads/2024/07/Quectel_LG290P03_RTK_Application_Note_V1.0.pdf","INR 9099 incl GST observed; INR 9500 each planning: https://hubtronics.in/lg290p-gnss-rtk-module","TECHNICAL SELECTION; NOT PHYSICALLY VERIFIED","2026-10-01"
"M09","IMU","Adafruit / CEVA-Hillcrest","BNO085 9-DOF breakout","4754","1","NEW","3500","3500","Angular/acceleration/orientation evidence","Short-term heading and GNSS consistency checks","Gyro, accelerometer, magnetometer and SH-2 fusion","SPI documented with required INT/RST; no assembly drift figure claimed","Target 100 Hz inertial and 50 Hz orientation; profile/host verification required","SPI + CS + INT + RST; not I2C","Select 3.3 V breakout power/logic; manufacturer VIN accepts 3-5 V","Jetson SPI","Traceable fusion-capable breakout; avoid documented ESP32-S3 I2C issues","Random MPU6050 module not selected 9-axis/fusion boundary","BNO086/industrial INS need lacks measured justification","Attitude/short-term motion plausibility lost","True magnetic heading near steel or long GNSS-outage navigation","Vehicle inertial evidence","https://learn.adafruit.com/adafruit-9-dof-orientation-imu-fusion-breakout-bno085/pinouts","Indexed DigiKey INR 2818.73 with index differences; INR 3500 estimate: https://www.digikey.in/en/products/detail/adafruit-industries-llc/4754/13426653","TECHNICAL SELECTION; NOT PHYSICALLY VERIFIED","2026-10-01"
"M10","Driver display","Waveshare","7inch HDMI LCD (C)","11199","1","NEW","5000","5000","Local driver state/reason/navigation","Sensor quality/diagnostics","7-inch 1024 x 600 display","HDMI video and USB touch; exact EDID bench verification pending","Readable state/turn/health layout under controlled indoor light","HDMI via M14 plus USB touch","5 V USB/display input per delivered board manual; branch sized in Prompt 2","Jetson","Sufficient local HMI without luxury resolution","Laptop-only display is not local driver HMI","Premium rugged/high-res display unnecessary for bench research","Operator visual awareness lost; no extra authority","Mine-cab readability/environment qualification","Driver assistance HMI","https://files.waveshare.com/upload/c/cc/7inch_HDMI_LCD_%28C%29_User_Manual.pdf","INR 4479 incl GST observed: https://hubtronics.in/7inch-hdmi-lcd-c ; INR 5000 allowance","TECHNICAL SELECTION; NOT PHYSICALLY VERIFIED","2026-10-01"
"M11","Evidence storage","Kingston","NV3 500 GB M.2 NVMe","SNV3S/500G","1","NEW","11000","11000","Record sensor/decision evidence","Replay and experimental datasets","500 GB; M.2 2280 PCIe NVMe","Consumer SSD; capacity not guaranteed sustained combined workload","Bounded compressed streams; 400 GB illustrative dataset allocation","M.2 PCIe/NVMe","Host slot supply","Jetson","Retention calculation supports first research dataset","Pi SD alone not selected for recording workload","1 TB adds retention not evidence quality","Logs/recording lost or full; expose failure","Power-loss-protected industrial recorder","Incident/evidence recorder","https://www.kingston.com/en/ssd/nv3-nvme-pcie-ssd","Opened INR 10539 incl GST: https://greenapplecompunet.com/product/kingston-500gb-nv3-m-2-2280-nvme-ssd/ ; INR 11000 allocation","TECHNICAL SELECTION; NOT PHYSICALLY VERIFIED","2026-10-01"
"M12","USB expansion","TP-Link","UH720 powered hub hardware V5.0","UH720(UN) V5.0","1","NEW","3500","3500","Powered sensor data expansion","Peripheral power segregation","Seven USB data ports plus two charge-only ports","Manufacturer V5.0 supply 12 V/3.3 A; not actual draw","Thermal/GNSS/touch concurrently; disconnect and inrush trials","USB upstream and USB-A data ports","12 V regulated branch; size actual loads/inrush","Jetson fourth USB-A port","Avoid aggregate bus-power dependence","Unpowered hub does not address selected power topology","More expensive dock adds no required interfaces","Shared peripheral fault; invalidate affected sources separately","Isolation/backfeed immunity or industrial reliability","Peripheral aggregation","https://static.tp-link.com/upload/product-overview/2025/202505/20250520/UH720%28UN%295.0_datasheet.pdf","INR 2905 incl tax model listing, revision not confirmed: https://www.moglix.com/tp-link-7-port-usb-30-data-hub-with-2-port-smart-charger-uh720/mp/msnm9xy2zj7mkj ; INR 3500 allocation","TECHNICAL SELECTION; NOT PHYSICALLY VERIFIED","2026-10-01"
"M13","Local network","TP-Link","AC750 travel router hardware V3","TL-WR902AC V3","1","NEW","2500","2500","Local AP for peer/base/HMI","Correction and event-message transport","Dual-band Wi-Fi AP; 100 Mbps Ethernet","PHY rates do not guarantee real throughput/range","Three research nodes, controlled 10-50 m link tests","Jetson Ethernet; peer/laptop Wi-Fi","5 V/2 A supply rating; delivered V3 cable verified","AP with main node; laptop/Pi clients","Offline local IP architecture fits test domain","Phone hotspot creates avoidable fixture dependency","Cellular/LoRa/C-V2X has no selected local requirement","Cooperation/corrections degrade; local perception remains separate","Mine-wide RF coverage or deterministic delivery","Fleet communication","https://static.tp-link.com/TL-WR902AC_V3_Datasheet.pdf","INR 2099 + 29 fee model listing: https://www.flipkart.com/tp-link-tl-wr902ac-750-mbps-router/p/itmf47djfhyzrhzf ; INR 2500 allowance","TECHNICAL SELECTION; NOT PHYSICALLY VERIFIED","2026-10-01"
"M14","Video adapter","StarTech","Passive DisplayPort to HDMI adapter","DP2HDMI2","1","NEW","3000","3000","Connect M01 display output to M10","Avoid unsupported USB-C video path","DP male to HDMI female; 1920 x 1200 class","Host supports passive/active DP-HDMI per NVIDIA","Verify 1024 x 600 EDID/touch coexistence","DisplayPort to HDMI","Host interface; no separate PSU selected","Jetson DP","Manufacturer-documented passive compatibility at needed display mode","Unidentified adapter less traceable","Active 4K60 conversion unnecessary","HMI video absent","Every display timing guaranteed","Driver display link","https://www.startech.com/en-ca/display-video-adapters/dp2hdmi2 ; https://developer.nvidia.com/embedded/faq ; https://docs.nvidia.com/jetson/orin-nano-devkit/user-guide/latest/hardware_layout.html","Indexed INR 2420.40 https://www.digikey.in/en/products/detail/startech-com/DP2HDMI2/21399111 ; INR 3000 estimate","TECHNICAL SELECTION; NOT PHYSICALLY VERIFIED","2026-10-01"
"M15","USB data leads","UGREEN","USB-A to USB-C 1 m data cable","60116 / US287","4","NEW","600","2400","Three GNSS and one thermal host link","USB power for documented endpoints","USB 2.0 data, 480 Mbps class, 1 m","Manufacturer data-cable identity; no PD negotiation claim","Short restrained data harness; confirm loss/voltage drop","USB-A male to USB-C male","USB endpoint supply; not Jetson power","Jetson/hub; Pi; laptop","Exact data cable without premium accessory spend","Charge-only cable cannot carry sensor data","StarTech USB2AC1M much costlier without required benefit","Device data/power lost","Arbitrary length/current or ruggedness","Sensor harness","https://www.ugreen.com/tr-tr/products/tr-60116 ; https://nz.ugreen.com/products/ugreen-usb-a-2-0-to-usb-c-cable-nickel-plating-1m-black","INR 600 each engineering planning allowance; no Indian quote obtained","TECHNICAL SELECTION; NOT PHYSICALLY VERIFIED","2026-10-01"
"M16","Driver audible warning","Seeed Studio","Grove Buzzer V1.1","107020000","1","NEW","750","750","Audible warning modality","Endpoint fault indication","Assembled buzzer module with transistor drive","Documented digital input; 3.3/5 V operation","Bench recognition of distinct warning patterns; no mine loudness claim","GPIO to module signal via Grove breakout lead","Select documented 3.3 V matching logic; not bare buzzer on GPIO","ESP32; pin deferred","Low-cost multimodal warning alongside screen","Visual-only alert misses second modality","Haptic/beacon array has no validated need","Audible warning absent; visual channel still explicit","Certified alarm or mine-cab audibility","Operator warning","https://wiki.seeedstudio.com/Grove-Buzzer/ ; https://www.seeedstudio.com/blog/compatibility-list/","INR 750 engineering planning allowance; no exact INR quote obtained","TECHNICAL SELECTION; NOT PHYSICALLY VERIFIED","2026-10-01"
"M17","GNSS antennas","Waveshare kit supplier","Bundled active GNSS positioning antenna","Included in 33000; independent antenna SKU not published in reviewed package list","3","BUNDLED","0","0","RF reception for A/B/base","Repeatable antenna placement/lever-arm research","Active GNSS antenna type; full RF/bias/gain/calibration data unresolved","Manufacturer package includes one active antenna per kit","Open-sky marked course; verify actual bands/bias/mating before connection","RF connector: verify delivered kit; no assumed adapter","Board-provided bias only after documentation check; no external injection","One per LG290P board","Complete kit rather than hidden uncosted antennas","Passive antenna not selected as drop-in substitute","Survey-grade replacements not justified for initial characterization","Poor/no fix or corrupted position quality","Survey antenna calibration or all-band performance","GNSS RF front end","https://www.waveshare.com/product/lg290p-gnss-rtk-module.htm ; https://quectel.com/content/uploads/2024/07/Quectel_LG290P03_RTK_Application_Note_V1.0.pdf","Included once in each M06/M07/M08 kit; no additional purchase","KIT-IDENTIFIED ACTIVE TYPE; detailed RF/electrical characterization pending","2026-10-01"
"O01","Second node","Raspberry Pi","Raspberry Pi 3 Model B+","3 Model B+","1","OWNED","0","0","GNSS peer relay","Reference camera bench host","Board family documented; actual condition user-reported","Pi 3B+ USB/network platform","Node B position/telemetry load","USB + Wi-Fi","Proper regulated 5 V Pi supply; not L298N rail","Node B","Reuse adequate telemetry platform","No new cheaper board needed","Second Jetson unnecessary","Peer disappears; expire its state","Physical qualification or flagship AI performance","Fleet-node controller","https://www.raspberrypi.com/products/raspberry-pi-3-model-b-plus/","User inventory; zero ADDITIONAL acquisition cost, not zero original value","ROLE RETAINED; AS-BUILT DETAILS PENDING","2026-10-01"
"O02","Peer boot storage","SanDisk","Ultra 32 GB microSD","Exact suffix UNVERIFIED","1","OWNED","0","0","Pi boot storage","Local bounded peer logs","32 GB user inventory; endurance unverified","No new exact-card specification claim","Boot/health checks before deployment","microSD","Pi slot","Pi 3B+","Reuse owned boot medium","No new media needed for architecture","Not a second evidence SSD","Peer boot/log failure","Recording endurance qualification","Node boot storage","User Master Hardware Prompt 1, attachment 11402b2e-ae8d-4bbd-9868-d2aeb0a40f18; preliminary owned inventory, not inspection","User inventory; zero ADDITIONAL acquisition cost, not zero original value","ROLE RETAINED; AS-BUILT DETAILS PENDING","2026-10-01"
"O03","Local supervisor","Board manufacturer UNVERIFIED; MCU Espressif","ESP32-S3 N16R8 / HW678-style development board","Exact PCB revision UNVERIFIED","1","OWNED","0","0","Prototype bounded endpoint","Wheel feedback and audible status","Reported S3 QFN56 rev v0.2; 8 MB PSRAM","Board pin/power identity not inferred from module family","Bench timeout/identity/feedback tests after board verification","Existing serial/USB; GPIO/SPI subject to pin review","Verified board input required; no L298N 5 V source","Jetson command boundary","Reuse existing endpoint platform","No undocumented new MCU board","Not a certified safety ECU substitute","Local request acceptance/output must fail bounded","That reported simple robot firmware is frozen reviewed firmware","Local supervisor concept","User Master Hardware Prompt 1, attachment 11402b2e-ae8d-4bbd-9868-d2aeb0a40f18; preliminary owned inventory, not inspection","User inventory; zero ADDITIONAL acquisition cost, not zero original value","ROLE RETAINED; AS-BUILT DETAILS PENDING","2026-10-01"
"O04","Bench radar","Hi-Link","HLK-LD2450","HLK-LD2450; revision unverified","1","OWNED","0","0","Separate prototype/bench radar","Parser/acquisition reference","Owned receiver; normalized protocol status not changed here","No premium range/capability claim","Bench research only; not selected side/rear coverage","Existing documented serial boundary only","Use existing verified adapter documentation before powering","Bench host","Retain useful owned asset without main-role inflation","Already owned","No second premium radar needed","Bench experiment unavailable","Primary front geometry or undocumented decoder correctness","Reference sensing","User Master Hardware Prompt 1, attachment 11402b2e-ae8d-4bbd-9868-d2aeb0a40f18; preliminary owned inventory, not inspection","User inventory; zero ADDITIONAL acquisition cost, not zero original value","ROLE RETAINED; AS-BUILT DETAILS PENDING","2026-10-01"
"O05","Model motor driver","Breakout manufacturer UNVERIFIED; IC family ST","L298N dual H-bridge breakout","Exact module SKU UNVERIFIED","1","OWNED","0","0","Existing TT model drive","Request/response demonstration","ENA/ENB jumpers reported; onboard rail about 5 V reported","IC limits are not breakout rating","Qualify actual paired-motor current/temperature later","GPIO4 to IN1; GPIO5 to IN2; right pins under investigation","Traction source after verification; never use regulator for compute","ESP32","Retain working low-energy model role","Already owned; no fake current rating","Premium drive does not improve HEMM evidence","Model motion fault; independent interruption required","Truck braking or variable-speed control with fixed enable jumpers","Prototype actuation interface","https://www.st.com/en/motor-drivers/l298.html ; User Master Hardware Prompt 1, attachment 11402b2e-ae8d-4bbd-9868-d2aeb0a40f18; preliminary owned inventory, not inspection","User inventory; zero ADDITIONAL acquisition cost, not zero original value","ROLE RETAINED; AS-BUILT DETAILS PENDING","2026-10-01"
"O06","Model motors","UNVERIFIED","Yellow TT geared DC motor","Ratio/RPM/current SKU UNVERIFIED","4","OWNED","0","0","Existing physical model motion","Wheel-response experiment","Four motors; ratio and current unknown","No RPM/stall torque specification claimed","Restrained low-energy model after electrical review","Existing drive leads/mechanical shaft","Rated voltage/current unverified","L298N model","Reuse existing platform","Already owned","Premium encoder motors not justified before geometry check","Loss/mismatch of wheel response","HEMM torque/dynamics","Model response","User Master Hardware Prompt 1, attachment 11402b2e-ae8d-4bbd-9868-d2aeb0a40f18; preliminary owned inventory, not inspection","User inventory; zero ADDITIONAL acquisition cost, not zero original value","ROLE RETAINED; AS-BUILT DETAILS PENDING","2026-10-01"
"O07","Model structure","UNVERIFIED","Acrylic four-wheel chassis","Exact geometry UNVERIFIED","1","OWNED","0","0","Existing mechanical base","Sensor-support evaluation","Dimensions/payload/shaft clearance unknown","No load rating claimed","Measure mass, stiffness and center of gravity before mobile use","Mechanical mounting","Not electrical","Existing model","Reuse subject to measured load suitability","Already owned","No automatic chassis replacement","Mount flex/tip/failure invalidates tests","Full-stack payload capacity before review","Prototype integration fixture","User Master Hardware Prompt 1, attachment 11402b2e-ae8d-4bbd-9868-d2aeb0a40f18; preliminary owned inventory, not inspection","User inventory; zero ADDITIONAL acquisition cost, not zero original value","ROLE RETAINED; AS-BUILT DETAILS PENDING","2026-10-01"
"O08","Traction energy","UNVERIFIED","Existing pack; about 7.78 V reported","Chemistry/capacity/protection UNVERIFIED","1","OWNED","0","0","Retained traction-source role, not cleared for use","None claimed","Voltage reading only","No charging/chemistry/current capability inferred","Identity/condition/protection review before energization","Connector/polarity unverified","Actual voltage range and charger unverified","Protected traction branch later","Keep inventory without guessing chemistry","Not permission to use unknown battery","No replacement category required until assessment","Energy hazard or brownout; use withheld","Safe charging from voltage alone","Prototype energy source","User Master Hardware Prompt 1, attachment 11402b2e-ae8d-4bbd-9868-d2aeb0a40f18; preliminary owned inventory, not inspection","User inventory; zero ADDITIONAL acquisition cost, not zero original value","ROLE RETAINED; AS-BUILT DETAILS PENDING","2026-10-01"
"O09","Bench energy","UNVERIFIED","Reported 12 V SLA about 1.3 Ah","Exact label UNVERIFIED","1","OWNED","0","0","Bench inventory only","Not selected onboard electronics source","User-reported nominal voltage/capacity","No discharge/condition rating claimed","Label/condition review","Actual terminals unverified","Matched charger verified before use","Bench only","Preserve owned inventory","Already owned","Not assumed fit for main compute battery role","Bench source unavailable","Useful capacity or safe charging","Bench resource","User Master Hardware Prompt 1, attachment 11402b2e-ae8d-4bbd-9868-d2aeb0a40f18; preliminary owned inventory, not inspection","User inventory; zero ADDITIONAL acquisition cost, not zero original value","ROLE RETAINED; AS-BUILT DETAILS PENDING","2026-10-01"
"O10","Reference camera","UNVERIFIED","Existing working USB webcam","Exact model UNVERIFIED","1","OWNED","0","0","Bench/reference view","Secondary comparison data","Streaming on Pi user-reported","No lens/FPS/low-light specification invented","Reference observation; quantified use needs calibration","USB","USB power within verified host/adapter limits","Pi or laptop bench","Reuse without substituting primary exact optics","Already owned","Second research RGB purchase unnecessary","Reference view absent","Primary camera performance","Reference monitoring","User Master Hardware Prompt 1, attachment 11402b2e-ae8d-4bbd-9868-d2aeb0a40f18; preliminary owned inventory, not inspection","User inventory; zero ADDITIONAL acquisition cost, not zero original value","ROLE RETAINED; AS-BUILT DETAILS PENDING","2026-10-01"
"O11","Control room","UNVERIFIED","Existing laptop/control-room computer","Owned exact model UNVERIFIED","1","OWNED","0","0","Base USB correction relay and local HMI","Evidence export/review","User owns computer; ports/resources verify","No minimum performance result claimed","Local base/observer workload","USB + local network","Existing matching PSU; mains suitability checked","Fixed base/control room","Reuse avoids new PC budget","Already owned","Dedicated server unnecessary for two-rover test","Corrections/monitoring lost; local vehicle path separate","Always-on industrial command center","Control-room observation","User Master Hardware Prompt 1, attachment 11402b2e-ae8d-4bbd-9868-d2aeb0a40f18; preliminary owned inventory, not inspection","User inventory; zero ADDITIONAL acquisition cost, not zero original value","ROLE RETAINED; AS-BUILT DETAILS PENDING","2026-10-01"
"O12","Owned miscellaneous","UNVERIFIED","Basic wiring/fuses/switches inventory","Ratings UNVERIFIED","1","OWNED","0","0","Inventory for inspection only","Possible qualified reuse","No unrated switch/relay promoted to cutoff","No product rating inferred","Unpowered label/condition inspection first","Depends on individually verified item","Depends on verified rating; none assigned","Prompt-2 harness review","Reuse only if independently suitable","Zero cost does not excuse unsafe parts","Avoid unnecessary duplicate qualified items","Invalid wiring/protection hazard","That existing inventory meets protection requirements","Assembly resources","User Master Hardware Prompt 1, attachment 11402b2e-ae8d-4bbd-9868-d2aeb0a40f18; preliminary owned inventory, not inspection","User inventory; zero ADDITIONAL acquisition cost, not zero original value","ROLE RETAINED; AS-BUILT DETAILS PENDING","2026-10-01"
"R01","Wheel feedback","NOT AN EXACT PURCHASED SKU: ENGINEERING CATEGORY","Two magnetic angle sensor/magnet carrier assemblies","AS5048A-class 14-bit SPI technology; mechanical SKU deferred","2","NEW ALLOWANCE","2000","4000","Measure left/right wheel response","Direction and command/response plausibility","14-bit sensing direction; 100 Hz host target","Technology capability, not assembled accuracy","Dimensioned left/right wheel-hub mounting envelope required","SPI with separate chip selects","3.3 V logic design; exact carrier supply verified in Prompt 2","ESP32","Explicit geometry exception permits technology freeze","Command alone gives no wheel evidence","Premium drivetrain swap not justified","Invalid/ambiguous wheel response","Ground-truth speed or mechanical compatibility","Approved wheel/OEM speed evidence","https://www.infineon.com/part/AS5048A ; https://look.ams-osram.com/m/287d7ad97d1ca22e/original/AS5048-DS000298.pdf","Engineering allocation, not a supplier quote","CATEGORY/REQUIREMENT FROZEN; detail per stated Prompt-2 handoff","2026-10-01"
"R02","Power/protection","NOT AN EXACT PURCHASED SKU: ENGINEERING CATEGORY","Protected energy/conversion/fusing/manual-disconnect assembly","CATEGORY FROZEN; component ratings/SKUs in Prompt 2","1","NEW ALLOWANCE","18000","18000","Independent protected electronics and traction domains","Manual traction energy removal","Separate electronics LiFePO4 category with matched charger; regulated 19/12/5/3.3 V branches","Engineering requirements only; not a product rating","Size verified loads/inrush/capacity/mass; no runtime promise","Protected distribution and independent latching DC disconnect","100 W regulated-output DESIGN envelope; detailed rating review required","Whole demonstrator and Pi peer","Protect compute from traction/regulator assumptions","Burnt converter and L298N rail prohibited","Industrial PLC not substitute for proper small-system design","Energy/undervoltage/overcurrent hazards; no powering before review","Certified E-stop or safe unknown battery","Protected vehicle power/interruption concept","02_TECHNICAL_REQUIREMENTS.md ; 10_INTERFACE_SUMMARY.md; engineering requirement, not manufacturer specification","Engineering allocation, not a supplier quote","CATEGORY/REQUIREMENT FROZEN; detail per stated Prompt-2 handoff","2026-10-01"
"R03","Mechanical","NOT AN EXACT PURCHASED SKU: ENGINEERING CATEGORY","Rigid mast, brackets, guards, enclosures and fasteners","FABRICATION CATEGORY; dimensioned in Prompt 2","1","NEW ALLOWANCE","6500","6500","Stable sensor geometry","Payload protection/strain relief","Rigid co-mounted radar/RGB/thermal; no invented length","No measured payload/deflection capability","Chassis mass/stiffness/center-of-gravity review","Mechanical","Not electrical","Main node/fixtures","Calibration needs repeatable geometry","Loose mounts invalidate data","Premium chassis not automatic","Misalignment/tipping invalidates evidence","Industrial vibration or weather qualification","Sensor mounting","02_TECHNICAL_REQUIREMENTS.md ; 10_INTERFACE_SUMMARY.md; engineering requirement, not manufacturer specification","Engineering allocation, not a supplier quote","CATEGORY/REQUIREMENT FROZEN; detail per stated Prompt-2 handoff","2026-10-01"
"R04","Harness","NOT AN EXACT PURCHASED SKU: ENGINEERING CATEGORY","Remaining data/power cables, connectors and relief","HARNESS CATEGORY; no duplicate M15 charges","1","NEW ALLOWANCE","2500","2500","Complete interfaces","Serviceable labelled wiring","HDMI/touch/radar/ESP32/Grove/SPI leads and missing package cables","No wire gauge/current assumed","Length/drop/noise/bend/connector review","Per document 10","Ratings selected from verified loads","Whole prototype","Avoid hidden accessory omission","Charge-only/unrated leads not acceptable","No luxury cable requirement","Intermittency/data or power loss","Rated assembly before design","Vehicle harness concept","02_TECHNICAL_REQUIREMENTS.md ; 10_INTERFACE_SUMMARY.md; engineering requirement, not manufacturer specification","Engineering allocation, not a supplier quote","CATEGORY/REQUIREMENT FROZEN; detail per stated Prompt-2 handoff","2026-10-01"
"R05","Calibration","NOT AN EXACT PURCHASED SKU: ENGINEERING CATEGORY","Reference fixtures and instrument access","TEST CATEGORY","1","NEW ALLOWANCE","5000","5000","Optical/radar/thermal/GNSS references","Wheel geometry/timing comparison","Printed target; radar reflector; safe thermal reference; measured course","No traceable survey instrument ownership assumed","Borrow/access adequate references; report uncertainty","Physical reference observations","Safe documented instrument supply only","Experiment team","Makes claims measurable","Unmeasured demonstration cannot qualify performance","Commercial calibration lab not in initial scope","No valid characterization baseline","Absolute RTK accuracy without adequate reference","Engineering characterization","02_TECHNICAL_REQUIREMENTS.md ; 10_INTERFACE_SUMMARY.md; engineering requirement, not manufacturer specification","Engineering allocation, not a supplier quote","CATEGORY/REQUIREMENT FROZEN; detail per stated Prompt-2 handoff","2026-10-01"
"R06","Low visibility test","NOT AN EXACT PURCHASED SKU: ENGINEERING CATEGORY","Controlled artificial-aerosol test equipment/access","EXPERIMENT CATEGORY; rental/borrow plus consumables","1","NEW ALLOWANCE","5000","5000","Repeatable low-contrast condition","Compare against clear baseline","Documented permitted fluid/equipment, ventilation and optical reference","Not Bailadila fog replication","Controlled test area; no people in vehicle path","Physical experiment","Use equipment as instructed; no improvised smoke hardware","Experiment team","Tests observability instead of humidity proxy","Uncontrolled smoke is not evidence","Commercial visibility meter not selected","Unsafe/unrepeatable experiment must stop","Monsoon/mining validation","Adverse-condition research","02_TECHNICAL_REQUIREMENTS.md ; 10_INTERFACE_SUMMARY.md; engineering requirement, not manufacturer specification","Engineering allocation, not a supplier quote","CATEGORY/REQUIREMENT FROZEN; detail per stated Prompt-2 handoff","2026-10-01"
"R07","Integration spares","NOT AN EXACT PURCHASED SKU: ENGINEERING CATEGORY","Ordinary connectors/cables/protection spares","ALLOWANCE; not spare premium sensors","1","NEW ALLOWANCE","4000","4000","Recover integration faults","Replace qualified disposable accessories","Ordinary spares only","No product capability claim","Integration after detailed design","Depends on selected spare","Match replaced verified component","Team","Fund recoverable assembly faults","Zero-spare budget fragile","No duplicate premium radar/Jetson","Slower recovery","Universal replacement coverage","Maintainability","02_TECHNICAL_REQUIREMENTS.md ; 10_INTERFACE_SUMMARY.md; engineering requirement, not manufacturer specification","Engineering allocation, not a supplier quote","CATEGORY/REQUIREMENT FROZEN; detail per stated Prompt-2 handoff","2026-10-01"
"R08","Cost uncertainty","NOT AN EXACT PURCHASED SKU: ENGINEERING CATEGORY","Price/tax/import-charge uncertainty reserve","PLANNING RESERVE","1","NEW ALLOWANCE","5000","5000","Absorb estimate error","No procurement authority","Cost buffer, not physical component","Not applicable: financial reserve","Reconcile exact quotations later","Not applicable","Not applicable","Budget","Indexed/pre-tax anchors have uncertainty","Do not hide missing cost as zero","No arbitrary overspend authorized","Budget must be reapproved if insufficient","Landed-price guarantee","Cost control","02_TECHNICAL_REQUIREMENTS.md ; 10_INTERFACE_SUMMARY.md; engineering requirement, not manufacturer specification","Engineering allocation, not a supplier quote","CATEGORY/REQUIREMENT FROZEN; detail per stated Prompt-2 handoff","2026-10-01"
"R09","Contingency","NOT AN EXACT PURCHASED SKU: ENGINEERING CATEGORY","Unallocated integration contingency","PLANNING RESERVE","1","NEW ALLOWANCE","5000","5000","Unforeseen bounded integration work","Do not pre-spend twice","Cost buffer, not physical component","Not applicable: financial reserve","Reconcile actual use against ceiling","Not applicable","Not applicable","Budget","Preserve margin beyond planned assembly","No pretending zero integration risk","Do not artificially fill ceiling","Reconcile scope/cost before purchase","All possible overruns covered","Project resilience","02_TECHNICAL_REQUIREMENTS.md ; 10_INTERFACE_SUMMARY.md; engineering requirement, not manufacturer specification","Engineering allocation, not a supplier quote","CATEGORY/REQUIREMENT FROZEN; detail per stated Prompt-2 handoff","2026-10-01"
