parameter_set,trustworthy_perception_range_m,speed_mps,speed_kmph,response_time_s,effective_deceleration_mps2,margin_m,uncertainty_m,response_distance_m,braking_distance_m,stopping_distance_m,required_perception_range_m,safety_margin_m,speed_cap_mps,model_region,simulation_id,scenario_id,input_provenance,result_class,dominated
reference,3.0,0.0,0.0,1.5,1.5,2.0,1.0,0.0,0.0,2.0,3.0,0.0,0.0,MODEL_COMPATIBLE,SIM-02,safety_efficiency_trade_space-000001,ASSUMED_SENSITIVITY,SENSITIVITY_RESULT,False
reference,5.0,0.0,0.0,1.5,1.5,2.0,1.0,0.0,0.0,2.0,3.0,2.0,1.0760336739125176,MODEL_COMPATIBLE,SIM-02,safety_efficiency_trade_space-000002,ASSUMED_SENSITIVITY,SENSITIVITY_RESULT,False
reference,5.0,0.25,0.9,1.5,1.5,2.0,1.0,0.375,0.020833333333333332,2.3958333333333335,3.3958333333333335,1.6041666666666665,1.0760336739125176,MODEL_COMPATIBLE,SIM-02,safety_efficiency_trade_space-000003,ASSUMED_SENSITIVITY,SENSITIVITY_RESULT,False
reference,5.0,0.5,1.8,1.5,1.5,2.0,1.0,0.75,0.08333333333333333,2.8333333333333335,3.8333333333333335,1.1666666666666665,1.0760336739125176,MODEL_COMPATIBLE,SIM-02,safety_efficiency_trade_space-000004,ASSUMED_SENSITIVITY,SENSITIVITY_RESULT,False
reference,5.0,0.75,2.7,1.5,1.5,2.0,1.0,1.125,0.1875,3.3125,4.3125,0.6875,1.0760336739125176,MODEL_COMPATIBLE,SIM-02,safety_efficiency_trade_space-000005,ASSUMED_SENSITIVITY,SENSITIVITY_RESULT,False
reference,5.0,1.0,3.6,1.5,1.5,2.0,1.0,1.5,0.3333333333333333,3.833333333333333,4.833333333333333,0.16666666666666696,1.0760336739125176,MODEL_COMPATIBLE,SIM-02,safety_efficiency_trade_space-000006,ASSUMED_SENSITIVITY,SENSITIVITY_RESULT,False
reference,10.0,0.0,0.0,1.5,1.5,2.0,1.0,0.0,0.0,2.0,3.0,7.0,2.855144464165534,MODEL_COMPATIBLE,SIM-02,safety_efficiency_trade_space-000007,ASSUMED_SENSITIVITY,SENSITIVITY_RESULT,False
reference,10.0,0.25,0.9,1.5,1.5,2.0,1.0,0.375,0.020833333333333332,2.3958333333333335,3.3958333333333335,6.604166666666666,2.855144464165534,MODEL_COMPATIBLE,SIM-02,safety_efficiency_trade_space-000008,ASSUMED_SENSITIVITY,SENSITIVITY_RESULT,False
reference,10.0,0.5,1.8,1.5,1.5,2.0,1.0,0.75,0.08333333333333333,2.8333333333333335,3.8333333333333335,6.166666666666666,2.855144464165534,MODEL_COMPATIBLE,SIM-02,safety_efficiency_trade_space-000009,ASSUMED_SENSITIVITY,SENSITIVITY_RESULT,False
reference,10.0,0.75,2.7,1.5,1.5,2.0,1.0,1.125,0.1875,3.3125,4.3125,5.6875,2.855144464165534,MODEL_COMPATIBLE,SIM-02,safety_efficiency_trade_space-000010,ASSUMED_SENSITIVITY,SENSITIVITY_RESULT,False
reference,10.0,1.0,3.6,1.5,1.5,2.0,1.0,1.5,0.3333333333333333,3.833333333333333,4.833333333333333,5.166666666666667,2.855144464165534,MODEL_COMPATIBLE,SIM-02,safety_efficiency_trade_space-000011,ASSUMED_SENSITIVITY,SENSITIVITY_RESULT,False
reference,10.0,1.25,4.5,1.5,1.5,2.0,1.0,1.875,0.5208333333333334,4.395833333333334,5.395833333333334,4.604166666666666,2.855144464165534,MODEL_COMPATIBLE,SIM-02,safety_efficiency_trade_space-000012,ASSUMED_SENSITIVITY,SENSITIVITY_RESULT,False
reference,10.0,1.5,5.4,1.5,1.5,2.0,1.0,2.25,0.75,5.0,6.0,4.0,2.855144464165534,MODEL_COMPATIBLE,SIM-02,safety_efficiency_trade_space-000013,ASSUMED_SENSITIVITY,SENSITIVITY_RESULT,False
reference,10.0,1.75,6.3,1.5,1.5,2.0,1.0,2.625,1.0208333333333333,5.645833333333333,6.645833333333333,3.354166666666667,2.855144464165534,MODEL_COMPATIBLE,SIM-02,safety_efficiency_trade_space-000014,ASSUMED_SENSITIVITY,SENSITIVITY_RESULT,False
reference,10.0,2.0,7.2,1.5,1.5,2.0,1.0,3.0,1.3333333333333333,6.333333333333333,7.333333333333333,2.666666666666667,2.855144464165534,MODEL_COMPATIBLE,SIM-02,safety_efficiency_trade_space-000015,ASSUMED_SENSITIVITY,SENSITIVITY_RESULT,False
reference,10.0,2.25,8.1,1.5,1.5,2.0,1.0,3.375,1.6875,7.0625,8.0625,1.9375,2.855144464165534,MODEL_COMPATIBLE,SIM-02,safety_efficiency_trade_space-000016,ASSUMED_SENSITIVITY,SENSITIVITY_RESULT,False
reference,10.0,2.5,9.0,1.5,1.5,2.0,1.0,3.75,2.0833333333333335,7.833333333333334,8.833333333333334,1.166666666666666,2.855144464165534,MODEL_COMPATIBLE,SIM-02,safety_efficiency_trade_space-000017,ASSUMED_SENSITIVITY,SENSITIVITY_RESULT,False
reference,10.0,2.75,9.9,1.5,1.5,2.0,1.0,4.125,2.5208333333333335,8.645833333333334,9.645833333333334,0.3541666666666661,2.855144464165534,MODEL_COMPATIBLE,SIM-02,safety_efficiency_trade_space-000018,ASSUMED_SENSITIVITY,SENSITIVITY_RESULT,False
reference,20.0,0.0,0.0,1.5,1.5,2.0,1.0,0.0,0.0,2.0,3.0,17.0,5.237489565935968,MODEL_COMPATIBLE,SIM-02,safety_efficiency_trade_space-000019,ASSUMED_SENSITIVITY,SENSITIVITY_RESULT,False
reference,20.0,0.25,0.9,1.5,1.5,2.0,1.0,0.375,0.020833333333333332,2.3958333333333335,3.3958333333333335,16.604166666666668,5.237489565935968,MODEL_COMPATIBLE,SIM-02,safety_efficiency_trade_space-000020,ASSUMED_SENSITIVITY,SENSITIVITY_RESULT,False
reference,20.0,0.5,1.8,1.5,1.5,2.0,1.0,0.75,0.08333333333333333,2.8333333333333335,3.8333333333333335,16.166666666666668,5.237489565935968,MODEL_COMPATIBLE,SIM-02,safety_efficiency_trade_space-000021,ASSUMED_SENSITIVITY,SENSITIVITY_RESULT,False
reference,20.0,0.75,2.7,1.5,1.5,2.0,1.0,1.125,0.1875,3.3125,4.3125,15.6875,5.237489565935968,MODEL_COMPATIBLE,SIM-02,safety_efficiency_trade_space-000022,ASSUMED_SENSITIVITY,SENSITIVITY_RESULT,False
reference,20.0,1.0,3.6,1.5,1.5,2.0,1.0,1.5,0.3333333333333333,3.833333333333333,4.833333333333333,15.166666666666668,5.237489565935968,MODEL_COMPATIBLE,SIM-02,safety_efficiency_trade_space-000023,ASSUMED_SENSITIVITY,SENSITIVITY_RESULT,False
reference,20.0,1.25,4.5,1.5,1.5,2.0,1.0,1.875,0.5208333333333334,4.395833333333334,5.395833333333334,14.604166666666666,5.237489565935968,MODEL_COMPATIBLE,SIM-02,safety_efficiency_trade_space-000024,ASSUMED_SENSITIVITY,SENSITIVITY_RESULT,False
reference,20.0,1.5,5.4,1.5,1.5,2.0,1.0,2.25,0.75,5.0,6.0,14.0,5.237489565935968,MODEL_COMPATIBLE,SIM-02,safety_efficiency_trade_space-000025,ASSUMED_SENSITIVITY,SENSITIVITY_RESULT,False
reference,20.0,1.75,6.3,1.5,1.5,2.0,1.0,2.625,1.0208333333333333,5.645833333333333,6.645833333333333,13.354166666666668,5.237489565935968,MODEL_COMPATIBLE,SIM-02,safety_efficiency_trade_space-000026,ASSUMED_SENSITIVITY,SENSITIVITY_RESULT,False
reference,20.0,2.0,7.2,1.5,1.5,2.0,1.0,3.0,1.3333333333333333,6.333333333333333,7.333333333333333,12.666666666666668,5.237489565935968,MODEL_COMPATIBLE,SIM-02,safety_efficiency_trade_space-000027,ASSUMED_SENSITIVITY,SENSITIVITY_RESULT,False
reference,20.0,2.25,8.1,1.5,1.5,2.0,1.0,3.375,1.6875,7.0625,8.0625,11.9375,5.237489565935968,MODEL_COMPATIBLE,SIM-02,safety_efficiency_trade_space-000028,ASSUMED_SENSITIVITY,SENSITIVITY_RESULT,False
reference,20.0,2.5,9.0,1.5,1.5,2.0,1.0,3.75,2.0833333333333335,7.833333333333334,8.833333333333334,11.166666666666666,5.237489565935968,MODEL_COMPATIBLE,SIM-02,safety_efficiency_trade_space-000029,ASSUMED_SENSITIVITY,SENSITIVITY_RESULT,False
reference,20.0,2.75,9.9,1.5,1.5,2.0,1.0,4.125,2.5208333333333335,8.645833333333334,9.645833333333334,10.354166666666666,5.237489565935968,MODEL_COMPATIBLE,SIM-02,safety_efficiency_trade_space-000030,ASSUMED_SENSITIVITY,SENSITIVITY_RESULT,False
reference,20.0,3.0,10.8,1.5,1.5,2.0,1.0,4.5,3.0,9.5,10.5,9.5,5.237489565935968,MODEL_COMPATIBLE,SIM-02,safety_efficiency_trade_space-000031,ASSUMED_SENSITIVITY,SENSITIVITY_RESULT,False
reference,20.0,3.25,11.700000000000001,1.5,1.5,2.0,1.0,4.875,3.5208333333333335,10.395833333333334,11.395833333333334,8.604166666666666,5.237489565935968,MODEL_COMPATIBLE,SIM-02,safety_efficiency_trade_space-000032,ASSUMED_SENSITIVITY,SENSITIVITY_RESULT,False
reference,20.0,3.5,12.6,1.5,1.5,2.0,1.0,5.25,4.083333333333333,11.333333333333332,12.333333333333332,7.666666666666668,5.237489565935968,MODEL_COMPATIBLE,SIM-02,safety_efficiency_trade_space-000033,ASSUMED_SENSITIVITY,SENSITIVITY_RESULT,False
reference,20.0,3.75,13.5,1.5,1.5,2.0,1.0,5.625,4.6875,12.3125,13.3125,6.6875,5.237489565935968,MODEL_COMPATIBLE,SIM-02,safety_efficiency_trade_space-000034,ASSUMED_SENSITIVITY,SENSITIVITY_RESULT,False
reference,20.0,4.0,14.4,1.5,1.5,2.0,1.0,6.0,5.333333333333333,13.333333333333332,14.333333333333332,5.666666666666668,5.237489565935968,MODEL_COMPATIBLE,SIM-02,safety_efficiency_trade_space-000035,ASSUMED_SENSITIVITY,SENSITIVITY_RESULT,False
reference,20.0,4.25,15.3,1.5,1.5,2.0,1.0,6.375,6.020833333333333,14.395833333333332,15.395833333333332,4.604166666666668,5.237489565935968,MODEL_COMPATIBLE,SIM-02,safety_efficiency_trade_space-000036,ASSUMED_SENSITIVITY,SENSITIVITY_RESULT,False
reference,20.0,4.5,16.2,1.5,1.5,2.0,1.0,6.75,6.75,15.5,16.5,3.5,5.237489565935968,MODEL_COMPATIBLE,SIM-02,safety_efficiency_trade_space-000037,ASSUMED_SENSITIVITY,SENSITIVITY_RESULT,False
reference,20.0,4.75,17.1,1.5,1.5,2.0,1.0,7.125,7.520833333333333,16.645833333333332,17.645833333333332,2.354166666666668,5.237489565935968,MODEL_COMPATIBLE,SIM-02,safety_efficiency_trade_space-000038,ASSUMED_SENSITIVITY,SENSITIVITY_RESULT,False
reference,20.0,5.0,18.0,1.5,1.5,2.0,1.0,7.5,8.333333333333334,17.833333333333336,18.833333333333336,1.1666666666666643,5.237489565935968,MODEL_COMPATIBLE,SIM-02,safety_efficiency_trade_space-000039,ASSUMED_SENSITIVITY,SENSITIVITY_RESULT,False
reference,40.0,0.0,0.0,1.5,1.5,2.0,1.0,0.0,0.0,2.0,3.0,37.0,8.52323071320762,MODEL_COMPATIBLE,SIM-02,safety_efficiency_trade_space-000040,ASSUMED_SENSITIVITY,SENSITIVITY_RESULT,False
reference,40.0,0.25,0.9,1.5,1.5,2.0,1.0,0.375,0.020833333333333332,2.3958333333333335,3.3958333333333335,36.604166666666664,8.52323071320762,MODEL_COMPATIBLE,SIM-02,safety_efficiency_trade_space-000041,ASSUMED_SENSITIVITY,SENSITIVITY_RESULT,False
reference,40.0,0.5,1.8,1.5,1.5,2.0,1.0,0.75,0.08333333333333333,2.8333333333333335,3.8333333333333335,36.166666666666664,8.52323071320762,MODEL_COMPATIBLE,SIM-02,safety_efficiency_trade_space-000042,ASSUMED_SENSITIVITY,SENSITIVITY_RESULT,False
reference,40.0,0.75,2.7,1.5,1.5,2.0,1.0,1.125,0.1875,3.3125,4.3125,35.6875,8.52323071320762,MODEL_COMPATIBLE,SIM-02,safety_efficiency_trade_space-000043,ASSUMED_SENSITIVITY,SENSITIVITY_RESULT,False
reference,40.0,1.0,3.6,1.5,1.5,2.0,1.0,1.5,0.3333333333333333,3.833333333333333,4.833333333333333,35.166666666666664,8.52323071320762,MODEL_COMPATIBLE,SIM-02,safety_efficiency_trade_space-000044,ASSUMED_SENSITIVITY,SENSITIVITY_RESULT,False
reference,40.0,1.25,4.5,1.5,1.5,2.0,1.0,1.875,0.5208333333333334,4.395833333333334,5.395833333333334,34.604166666666664,8.52323071320762,MODEL_COMPATIBLE,SIM-02,safety_efficiency_trade_space-000045,ASSUMED_SENSITIVITY,SENSITIVITY_RESULT,False
reference,40.0,1.5,5.4,1.5,1.5,2.0,1.0,2.25,0.75,5.0,6.0,34.0,8.52323071320762,MODEL_COMPATIBLE,SIM-02,safety_efficiency_trade_space-000046,ASSUMED_SENSITIVITY,SENSITIVITY_RESULT,False
reference,40.0,1.75,6.3,1.5,1.5,2.0,1.0,2.625,1.0208333333333333,5.645833333333333,6.645833333333333,33.354166666666664,8.52323071320762,MODEL_COMPATIBLE,SIM-02,safety_efficiency_trade_space-000047,ASSUMED_SENSITIVITY,SENSITIVITY_RESULT,False
reference,40.0,2.0,7.2,1.5,1.5,2.0,1.0,3.0,1.3333333333333333,6.333333333333333,7.333333333333333,32.666666666666664,8.52323071320762,MODEL_COMPATIBLE,SIM-02,safety_efficiency_trade_space-000048,ASSUMED_SENSITIVITY,SENSITIVITY_RESULT,False
reference,40.0,2.25,8.1,1.5,1.5,2.0,1.0,3.375,1.6875,7.0625,8.0625,31.9375,8.52323071320762,MODEL_COMPATIBLE,SIM-02,safety_efficiency_trade_space-000049,ASSUMED_SENSITIVITY,SENSITIVITY_RESULT,False
reference,40.0,2.5,9.0,1.5,1.5,2.0,1.0,3.75,2.0833333333333335,7.833333333333334,8.833333333333334,31.166666666666664,8.52323071320762,MODEL_COMPATIBLE,SIM-02,safety_efficiency_trade_space-000050,ASSUMED_SENSITIVITY,SENSITIVITY_RESULT,False
reference,40.0,2.75,9.9,1.5,1.5,2.0,1.0,4.125,2.5208333333333335,8.645833333333334,9.645833333333334,30.354166666666664,8.52323071320762,MODEL_COMPATIBLE,SIM-02,safety_efficiency_trade_space-000051,ASSUMED_SENSITIVITY,SENSITIVITY_RESULT,False
reference,40.0,3.0,10.8,1.5,1.5,2.0,1.0,4.5,3.0,9.5,10.5,29.5,8.52323071320762,MODEL_COMPATIBLE,SIM-02,safety_efficiency_trade_space-000052,ASSUMED_SENSITIVITY,SENSITIVITY_RESULT,False
reference,40.0,3.25,11.700000000000001,1.5,1.5,2.0,1.0,4.875,3.5208333333333335,10.395833333333334,11.395833333333334,28.604166666666664,8.52323071320762,MODEL_COMPATIBLE,SIM-02,safety_efficiency_trade_space-000053,ASSUMED_SENSITIVITY,SENSITIVITY_RESULT,False
reference,40.0,3.5,12.6,1.5,1.5,2.0,1.0,5.25,4.083333333333333,11.333333333333332,12.333333333333332,27.666666666666668,8.52323071320762,MODEL_COMPATIBLE,SIM-02,safety_efficiency_trade_space-000054,ASSUMED_SENSITIVITY,SENSITIVITY_RESULT,False
reference,40.0,3.75,13.5,1.5,1.5,2.0,1.0,5.625,4.6875,12.3125,13.3125,26.6875,8.52323071320762,MODEL_COMPATIBLE,SIM-02,safety_efficiency_trade_space-000055,ASSUMED_SENSITIVITY,SENSITIVITY_RESULT,False
reference,40.0,4.0,14.4,1.5,1.5,2.0,1.0,6.0,5.333333333333333,13.333333333333332,14.333333333333332,25.666666666666668,8.52323071320762,MODEL_COMPATIBLE,SIM-02,safety_efficiency_trade_space-000056,ASSUMED_SENSITIVITY,SENSITIVITY_RESULT,False
reference,40.0,4.25,15.3,1.5,1.5,2.0,1.0,6.375,6.020833333333333,14.395833333333332,15.395833333333332,24.604166666666668,8.52323071320762,MODEL_COMPATIBLE,SIM-02,safety_efficiency_trade_space-000057,ASSUMED_SENSITIVITY,SENSITIVITY_RESULT,False
reference,40.0,4.5,16.2,1.5,1.5,2.0,1.0,6.75,6.75,15.5,16.5,23.5,8.52323071320762,MODEL_COMPATIBLE,SIM-02,safety_efficiency_trade_space-000058,ASSUMED_SENSITIVITY,SENSITIVITY_RESULT,False
reference,40.0,4.75,17.1,1.5,1.5,2.0,1.0,7.125,7.520833333333333,16.645833333333332,17.645833333333332,22.354166666666668,8.52323071320762,MODEL_COMPATIBLE,SIM-02,safety_efficiency_trade_space-000059,ASSUMED_SENSITIVITY,SENSITIVITY_RESULT,False
reference,40.0,5.0,18.0,1.5,1.5,2.0,1.0,7.5,8.333333333333334,17.833333333333336,18.833333333333336,21.166666666666664,8.52323071320762,MODEL_COMPATIBLE,SIM-02,safety_efficiency_trade_space-000060,ASSUMED_SENSITIVITY,SENSITIVITY_RESULT,False
reference,40.0,5.25,18.900000000000002,1.5,1.5,2.0,1.0,7.875,9.1875,19.0625,20.0625,19.9375,8.52323071320762,MODEL_COMPATIBLE,SIM-02,safety_efficiency_trade_space-000061,ASSUMED_SENSITIVITY,SENSITIVITY_RESULT,False
reference,40.0,5.5,19.8,1.5,1.5,2.0,1.0,8.25,10.083333333333334,20.333333333333336,21.333333333333336,18.666666666666664,8.52323071320762,MODEL_COMPATIBLE,SIM-02,safety_efficiency_trade_space-000062,ASSUMED_SENSITIVITY,SENSITIVITY_RESULT,False
reference,40.0,5.75,20.7,1.5,1.5,2.0,1.0,8.625,11.020833333333334,21.645833333333336,22.645833333333336,17.354166666666664,8.52323071320762,MODEL_COMPATIBLE,SIM-02,safety_efficiency_trade_space-000063,ASSUMED_SENSITIVITY,SENSITIVITY_RESULT,False
reference,40.0,6.0,21.6,1.5,1.5,2.0,1.0,9.0,12.0,23.0,24.0,16.0,8.52323071320762,MODEL_COMPATIBLE,SIM-02,safety_efficiency_trade_space-000064,ASSUMED_SENSITIVITY,SENSITIVITY_RESULT,False
reference,40.0,6.25,22.5,1.5,1.5,2.0,1.0,9.375,13.020833333333334,24.395833333333336,25.395833333333336,14.604166666666664,8.52323071320762,MODEL_COMPATIBLE,SIM-02,safety_efficiency_trade_space-000065,ASSUMED_SENSITIVITY,SENSITIVITY_RESULT,False
reference,40.0,6.5,23.400000000000002,1.5,1.5,2.0,1.0,9.75,14.083333333333334,25.833333333333336,26.833333333333336,13.166666666666664,8.52323071320762,MODEL_COMPATIBLE,SIM-02,safety_efficiency_trade_space-000066,ASSUMED_SENSITIVITY,SENSITIVITY_RESULT,False
reference,40.0,6.75,24.3,1.5,1.5,2.0,1.0,10.125,15.1875,27.3125,28.3125,11.6875,8.52323071320762,MODEL_COMPATIBLE,SIM-02,safety_efficiency_trade_space-000067,ASSUMED_SENSITIVITY,SENSITIVITY_RESULT,False
reference,40.0,7.0,25.2,1.5,1.5,2.0,1.0,10.5,16.333333333333332,28.833333333333332,29.833333333333332,10.166666666666668,8.52323071320762,MODEL_COMPATIBLE,SIM-02,safety_efficiency_trade_space-000068,ASSUMED_SENSITIVITY,SENSITIVITY_RESULT,False
reference,40.0,7.25,26.1,1.5,1.5,2.0,1.0,10.875,17.520833333333332,30.395833333333332,31.395833333333332,8.604166666666668,8.52323071320762,MODEL_COMPATIBLE,SIM-02,safety_efficiency_trade_space-000069,ASSUMED_SENSITIVITY,SENSITIVITY_RESULT,False
reference,40.0,7.5,27.0,1.5,1.5,2.0,1.0,11.25,18.75,32.0,33.0,7.0,8.52323071320762,MODEL_COMPATIBLE,SIM-02,safety_efficiency_trade_space-000070,ASSUMED_SENSITIVITY,SENSITIVITY_RESULT,False
reference,40.0,7.75,27.900000000000002,1.5,1.5,2.0,1.0,11.625,20.020833333333332,33.64583333333333,34.64583333333333,5.354166666666671,8.52323071320762,MODEL_COMPATIBLE,SIM-02,safety_efficiency_trade_space-000071,ASSUMED_SENSITIVITY,SENSITIVITY_RESULT,False
reference,40.0,8.0,28.8,1.5,1.5,2.0,1.0,12.0,21.333333333333332,35.33333333333333,36.33333333333333,3.6666666666666714,8.52323071320762,MODEL_COMPATIBLE,SIM-02,safety_efficiency_trade_space-000072,ASSUMED_SENSITIVITY,SENSITIVITY_RESULT,False
reference,40.0,8.25,29.7,1.5,1.5,2.0,1.0,12.375,22.6875,37.0625,38.0625,1.9375,8.52323071320762,MODEL_COMPATIBLE,SIM-02,safety_efficiency_trade_space-000073,ASSUMED_SENSITIVITY,SENSITIVITY_RESULT,False
reference,40.0,8.5,30.6,1.5,1.5,2.0,1.0,12.75,24.083333333333332,38.83333333333333,39.83333333333333,0.1666666666666714,8.52323071320762,MODEL_COMPATIBLE,SIM-02,safety_efficiency_trade_space-000074,ASSUMED_SENSITIVITY,SENSITIVITY_RESULT,False
