parameter_set,trustworthy_perception_range_m,speed_mps,speed_kmph,response_time_s,effective_deceleration_mps2,margin_m,uncertainty_m,max_response_delay_s,min_effective_deceleration_mps2,max_uncertainty_allowance_m,response_distance_m,braking_distance_m,stopping_distance_m,required_perception_range_m,simulation_id,scenario_id,input_provenance,result_class
favourable,3,2,7.2,0.5,3.0,0.5,0.5,0.6666666666666667,2.0,0.8333333333333335,1.0,0.6666666666666666,2.1666666666666665,2.6666666666666665,SIM-09,sim09_fullscale_requirements-000001,ASSUMED_SENSITIVITY,SENSITIVITY_RESULT
favourable,5,2,7.2,0.5,3.0,0.5,0.5,1.6666666666666667,0.6666666666666666,2.8333333333333335,1.0,0.6666666666666666,2.1666666666666665,2.6666666666666665,SIM-09,sim09_fullscale_requirements-000002,ASSUMED_SENSITIVITY,SENSITIVITY_RESULT
favourable,10,2,7.2,0.5,3.0,0.5,0.5,4.166666666666667,0.25,7.833333333333334,1.0,0.6666666666666666,2.1666666666666665,2.6666666666666665,SIM-09,sim09_fullscale_requirements-000003,ASSUMED_SENSITIVITY,SENSITIVITY_RESULT
favourable,20,2,7.2,0.5,3.0,0.5,0.5,9.166666666666666,0.1111111111111111,17.833333333333332,1.0,0.6666666666666666,2.1666666666666665,2.6666666666666665,SIM-09,sim09_fullscale_requirements-000004,ASSUMED_SENSITIVITY,SENSITIVITY_RESULT
favourable,40,2,7.2,0.5,3.0,0.5,0.5,19.166666666666668,0.05263157894736842,37.833333333333336,1.0,0.6666666666666666,2.1666666666666665,2.6666666666666665,SIM-09,sim09_fullscale_requirements-000005,ASSUMED_SENSITIVITY,SENSITIVITY_RESULT
favourable,100,2,7.2,0.5,3.0,0.5,0.5,49.166666666666664,0.02040816326530612,97.83333333333333,1.0,0.6666666666666666,2.1666666666666665,2.6666666666666665,SIM-09,sim09_fullscale_requirements-000006,ASSUMED_SENSITIVITY,SENSITIVITY_RESULT
favourable,150,2,7.2,0.5,3.0,0.5,0.5,74.16666666666667,0.013513513513513514,147.83333333333334,1.0,0.6666666666666666,2.1666666666666665,2.6666666666666665,SIM-09,sim09_fullscale_requirements-000007,ASSUMED_SENSITIVITY,SENSITIVITY_RESULT
favourable,3,5,18.0,0.5,3.0,0.5,0.5,,,,2.5,4.166666666666667,7.166666666666667,7.666666666666667,SIM-09,sim09_fullscale_requirements-000008,ASSUMED_SENSITIVITY,SENSITIVITY_RESULT
favourable,5,5,18.0,0.5,3.0,0.5,0.5,,8.333333333333334,,2.5,4.166666666666667,7.166666666666667,7.666666666666667,SIM-09,sim09_fullscale_requirements-000009,ASSUMED_SENSITIVITY,SENSITIVITY_RESULT
favourable,10,5,18.0,0.5,3.0,0.5,0.5,0.9666666666666666,1.9230769230769231,2.833333333333333,2.5,4.166666666666667,7.166666666666667,7.666666666666667,SIM-09,sim09_fullscale_requirements-000010,ASSUMED_SENSITIVITY,SENSITIVITY_RESULT
favourable,20,5,18.0,0.5,3.0,0.5,0.5,2.9666666666666663,0.7575757575757576,12.833333333333332,2.5,4.166666666666667,7.166666666666667,7.666666666666667,SIM-09,sim09_fullscale_requirements-000011,ASSUMED_SENSITIVITY,SENSITIVITY_RESULT
favourable,40,5,18.0,0.5,3.0,0.5,0.5,6.966666666666667,0.3424657534246575,32.833333333333336,2.5,4.166666666666667,7.166666666666667,7.666666666666667,SIM-09,sim09_fullscale_requirements-000012,ASSUMED_SENSITIVITY,SENSITIVITY_RESULT
favourable,100,5,18.0,0.5,3.0,0.5,0.5,18.966666666666665,0.12953367875647667,92.83333333333333,2.5,4.166666666666667,7.166666666666667,7.666666666666667,SIM-09,sim09_fullscale_requirements-000013,ASSUMED_SENSITIVITY,SENSITIVITY_RESULT
favourable,150,5,18.0,0.5,3.0,0.5,0.5,28.96666666666667,0.08532423208191127,142.83333333333334,2.5,4.166666666666667,7.166666666666667,7.666666666666667,SIM-09,sim09_fullscale_requirements-000014,ASSUMED_SENSITIVITY,SENSITIVITY_RESULT
favourable,3,10,36.0,0.5,3.0,0.5,0.5,,,,5.0,16.666666666666668,22.166666666666668,22.666666666666668,SIM-09,sim09_fullscale_requirements-000015,ASSUMED_SENSITIVITY,SENSITIVITY_RESULT
favourable,5,10,36.0,0.5,3.0,0.5,0.5,,,,5.0,16.666666666666668,22.166666666666668,22.666666666666668,SIM-09,sim09_fullscale_requirements-000016,ASSUMED_SENSITIVITY,SENSITIVITY_RESULT
favourable,10,10,36.0,0.5,3.0,0.5,0.5,,12.5,,5.0,16.666666666666668,22.166666666666668,22.666666666666668,SIM-09,sim09_fullscale_requirements-000017,ASSUMED_SENSITIVITY,SENSITIVITY_RESULT
favourable,20,10,36.0,0.5,3.0,0.5,0.5,0.23333333333333323,3.5714285714285716,,5.0,16.666666666666668,22.166666666666668,22.666666666666668,SIM-09,sim09_fullscale_requirements-000018,ASSUMED_SENSITIVITY,SENSITIVITY_RESULT
favourable,40,10,36.0,0.5,3.0,0.5,0.5,2.2333333333333334,1.4705882352941178,17.833333333333332,5.0,16.666666666666668,22.166666666666668,22.666666666666668,SIM-09,sim09_fullscale_requirements-000019,ASSUMED_SENSITIVITY,SENSITIVITY_RESULT
favourable,100,10,36.0,0.5,3.0,0.5,0.5,8.233333333333333,0.5319148936170213,77.83333333333333,5.0,16.666666666666668,22.166666666666668,22.666666666666668,SIM-09,sim09_fullscale_requirements-000020,ASSUMED_SENSITIVITY,SENSITIVITY_RESULT
favourable,150,10,36.0,0.5,3.0,0.5,0.5,13.233333333333334,0.3472222222222222,127.83333333333333,5.0,16.666666666666668,22.166666666666668,22.666666666666668,SIM-09,sim09_fullscale_requirements-000021,ASSUMED_SENSITIVITY,SENSITIVITY_RESULT
favourable,3,15,54.0,0.5,3.0,0.5,0.5,,,,7.5,37.5,45.5,46.0,SIM-09,sim09_fullscale_requirements-000022,ASSUMED_SENSITIVITY,SENSITIVITY_RESULT
favourable,5,15,54.0,0.5,3.0,0.5,0.5,,,,7.5,37.5,45.5,46.0,SIM-09,sim09_fullscale_requirements-000023,ASSUMED_SENSITIVITY,SENSITIVITY_RESULT
favourable,10,15,54.0,0.5,3.0,0.5,0.5,,75.0,,7.5,37.5,45.5,46.0,SIM-09,sim09_fullscale_requirements-000024,ASSUMED_SENSITIVITY,SENSITIVITY_RESULT
favourable,20,15,54.0,0.5,3.0,0.5,0.5,,9.782608695652174,,7.5,37.5,45.5,46.0,SIM-09,sim09_fullscale_requirements-000025,ASSUMED_SENSITIVITY,SENSITIVITY_RESULT
favourable,40,15,54.0,0.5,3.0,0.5,0.5,0.1,3.5714285714285716,,7.5,37.5,45.5,46.0,SIM-09,sim09_fullscale_requirements-000026,ASSUMED_SENSITIVITY,SENSITIVITY_RESULT
favourable,100,15,54.0,0.5,3.0,0.5,0.5,4.1,1.2295081967213115,54.5,7.5,37.5,45.5,46.0,SIM-09,sim09_fullscale_requirements-000027,ASSUMED_SENSITIVITY,SENSITIVITY_RESULT
favourable,150,15,54.0,0.5,3.0,0.5,0.5,7.433333333333334,0.7950530035335689,104.5,7.5,37.5,45.5,46.0,SIM-09,sim09_fullscale_requirements-000028,ASSUMED_SENSITIVITY,SENSITIVITY_RESULT
reference,3,2,7.2,1.5,1.5,2.0,1.0,,,,3.0,1.3333333333333333,6.333333333333333,7.333333333333333,SIM-09,sim09_fullscale_requirements-000029,ASSUMED_SENSITIVITY,SENSITIVITY_RESULT
reference,5,2,7.2,1.5,1.5,2.0,1.0,0.33333333333333337,,,3.0,1.3333333333333333,6.333333333333333,7.333333333333333,SIM-09,sim09_fullscale_requirements-000030,ASSUMED_SENSITIVITY,SENSITIVITY_RESULT
reference,10,2,7.2,1.5,1.5,2.0,1.0,2.8333333333333335,0.5,3.666666666666667,3.0,1.3333333333333333,6.333333333333333,7.333333333333333,SIM-09,sim09_fullscale_requirements-000031,ASSUMED_SENSITIVITY,SENSITIVITY_RESULT
reference,20,2,7.2,1.5,1.5,2.0,1.0,7.833333333333333,0.14285714285714285,13.666666666666668,3.0,1.3333333333333333,6.333333333333333,7.333333333333333,SIM-09,sim09_fullscale_requirements-000032,ASSUMED_SENSITIVITY,SENSITIVITY_RESULT
reference,40,2,7.2,1.5,1.5,2.0,1.0,17.833333333333332,0.058823529411764705,33.666666666666664,3.0,1.3333333333333333,6.333333333333333,7.333333333333333,SIM-09,sim09_fullscale_requirements-000033,ASSUMED_SENSITIVITY,SENSITIVITY_RESULT
reference,100,2,7.2,1.5,1.5,2.0,1.0,47.833333333333336,0.02127659574468085,93.66666666666667,3.0,1.3333333333333333,6.333333333333333,7.333333333333333,SIM-09,sim09_fullscale_requirements-000034,ASSUMED_SENSITIVITY,SENSITIVITY_RESULT
reference,150,2,7.2,1.5,1.5,2.0,1.0,72.83333333333333,0.013888888888888888,143.66666666666666,3.0,1.3333333333333333,6.333333333333333,7.333333333333333,SIM-09,sim09_fullscale_requirements-000035,ASSUMED_SENSITIVITY,SENSITIVITY_RESULT
reference,3,5,18.0,1.5,1.5,2.0,1.0,,,,7.5,8.333333333333334,17.833333333333336,18.833333333333336,SIM-09,sim09_fullscale_requirements-000036,ASSUMED_SENSITIVITY,SENSITIVITY_RESULT
reference,5,5,18.0,1.5,1.5,2.0,1.0,,,,7.5,8.333333333333334,17.833333333333336,18.833333333333336,SIM-09,sim09_fullscale_requirements-000037,ASSUMED_SENSITIVITY,SENSITIVITY_RESULT
reference,10,5,18.0,1.5,1.5,2.0,1.0,,,,7.5,8.333333333333334,17.833333333333336,18.833333333333336,SIM-09,sim09_fullscale_requirements-000038,ASSUMED_SENSITIVITY,SENSITIVITY_RESULT
reference,20,5,18.0,1.5,1.5,2.0,1.0,1.7333333333333332,1.3157894736842106,2.1666666666666643,7.5,8.333333333333334,17.833333333333336,18.833333333333336,SIM-09,sim09_fullscale_requirements-000039,ASSUMED_SENSITIVITY,SENSITIVITY_RESULT
reference,40,5,18.0,1.5,1.5,2.0,1.0,5.7333333333333325,0.423728813559322,22.166666666666664,7.5,8.333333333333334,17.833333333333336,18.833333333333336,SIM-09,sim09_fullscale_requirements-000040,ASSUMED_SENSITIVITY,SENSITIVITY_RESULT
reference,100,5,18.0,1.5,1.5,2.0,1.0,17.733333333333334,0.13966480446927373,82.16666666666666,7.5,8.333333333333334,17.833333333333336,18.833333333333336,SIM-09,sim09_fullscale_requirements-000041,ASSUMED_SENSITIVITY,SENSITIVITY_RESULT
reference,150,5,18.0,1.5,1.5,2.0,1.0,27.73333333333333,0.08960573476702509,132.16666666666666,7.5,8.333333333333334,17.833333333333336,18.833333333333336,SIM-09,sim09_fullscale_requirements-000042,ASSUMED_SENSITIVITY,SENSITIVITY_RESULT
reference,3,10,36.0,1.5,1.5,2.0,1.0,,,,15.0,33.333333333333336,50.333333333333336,51.333333333333336,SIM-09,sim09_fullscale_requirements-000043,ASSUMED_SENSITIVITY,SENSITIVITY_RESULT
reference,5,10,36.0,1.5,1.5,2.0,1.0,,,,15.0,33.333333333333336,50.333333333333336,51.333333333333336,SIM-09,sim09_fullscale_requirements-000044,ASSUMED_SENSITIVITY,SENSITIVITY_RESULT
reference,10,10,36.0,1.5,1.5,2.0,1.0,,,,15.0,33.333333333333336,50.333333333333336,51.333333333333336,SIM-09,sim09_fullscale_requirements-000045,ASSUMED_SENSITIVITY,SENSITIVITY_RESULT
reference,20,10,36.0,1.5,1.5,2.0,1.0,,25.0,,15.0,33.333333333333336,50.333333333333336,51.333333333333336,SIM-09,sim09_fullscale_requirements-000046,ASSUMED_SENSITIVITY,SENSITIVITY_RESULT
reference,40,10,36.0,1.5,1.5,2.0,1.0,0.3666666666666664,2.272727272727273,,15.0,33.333333333333336,50.333333333333336,51.333333333333336,SIM-09,sim09_fullscale_requirements-000047,ASSUMED_SENSITIVITY,SENSITIVITY_RESULT
reference,100,10,36.0,1.5,1.5,2.0,1.0,6.366666666666666,0.6097560975609756,49.666666666666664,15.0,33.333333333333336,50.333333333333336,51.333333333333336,SIM-09,sim09_fullscale_requirements-000048,ASSUMED_SENSITIVITY,SENSITIVITY_RESULT
reference,150,10,36.0,1.5,1.5,2.0,1.0,11.366666666666665,0.3787878787878788,99.66666666666666,15.0,33.333333333333336,50.333333333333336,51.333333333333336,SIM-09,sim09_fullscale_requirements-000049,ASSUMED_SENSITIVITY,SENSITIVITY_RESULT
reference,3,15,54.0,1.5,1.5,2.0,1.0,,,,22.5,75.0,99.5,100.5,SIM-09,sim09_fullscale_requirements-000050,ASSUMED_SENSITIVITY,SENSITIVITY_RESULT
reference,5,15,54.0,1.5,1.5,2.0,1.0,,,,22.5,75.0,99.5,100.5,SIM-09,sim09_fullscale_requirements-000051,ASSUMED_SENSITIVITY,SENSITIVITY_RESULT
reference,10,15,54.0,1.5,1.5,2.0,1.0,,,,22.5,75.0,99.5,100.5,SIM-09,sim09_fullscale_requirements-000052,ASSUMED_SENSITIVITY,SENSITIVITY_RESULT
reference,20,15,54.0,1.5,1.5,2.0,1.0,,,,22.5,75.0,99.5,100.5,SIM-09,sim09_fullscale_requirements-000053,ASSUMED_SENSITIVITY,SENSITIVITY_RESULT
reference,40,15,54.0,1.5,1.5,2.0,1.0,,7.758620689655173,,22.5,75.0,99.5,100.5,SIM-09,sim09_fullscale_requirements-000054,ASSUMED_SENSITIVITY,SENSITIVITY_RESULT
reference,100,15,54.0,1.5,1.5,2.0,1.0,1.4666666666666666,1.5100671140939597,0.5,22.5,75.0,99.5,100.5,SIM-09,sim09_fullscale_requirements-000055,ASSUMED_SENSITIVITY,SENSITIVITY_RESULT
reference,150,15,54.0,1.5,1.5,2.0,1.0,4.8,0.9036144578313253,50.5,22.5,75.0,99.5,100.5,SIM-09,sim09_fullscale_requirements-000056,ASSUMED_SENSITIVITY,SENSITIVITY_RESULT
adverse,3,2,7.2,2.5,0.5,5.0,5.0,,,,5.0,4.0,14.0,19.0,SIM-09,sim09_fullscale_requirements-000057,ASSUMED_SENSITIVITY,SENSITIVITY_RESULT
adverse,5,2,7.2,2.5,0.5,5.0,5.0,,,,5.0,4.0,14.0,19.0,SIM-09,sim09_fullscale_requirements-000058,ASSUMED_SENSITIVITY,SENSITIVITY_RESULT
adverse,10,2,7.2,2.5,0.5,5.0,5.0,,,,5.0,4.0,14.0,19.0,SIM-09,sim09_fullscale_requirements-000059,ASSUMED_SENSITIVITY,SENSITIVITY_RESULT
adverse,20,2,7.2,2.5,0.5,5.0,5.0,3.0,0.4,6.0,5.0,4.0,14.0,19.0,SIM-09,sim09_fullscale_requirements-000060,ASSUMED_SENSITIVITY,SENSITIVITY_RESULT
adverse,40,2,7.2,2.5,0.5,5.0,5.0,13.0,0.08,26.0,5.0,4.0,14.0,19.0,SIM-09,sim09_fullscale_requirements-000061,ASSUMED_SENSITIVITY,SENSITIVITY_RESULT
adverse,100,2,7.2,2.5,0.5,5.0,5.0,43.0,0.023529411764705882,86.0,5.0,4.0,14.0,19.0,SIM-09,sim09_fullscale_requirements-000062,ASSUMED_SENSITIVITY,SENSITIVITY_RESULT
adverse,150,2,7.2,2.5,0.5,5.0,5.0,68.0,0.014814814814814815,136.0,5.0,4.0,14.0,19.0,SIM-09,sim09_fullscale_requirements-000063,ASSUMED_SENSITIVITY,SENSITIVITY_RESULT
adverse,3,5,18.0,2.5,0.5,5.0,5.0,,,,12.5,25.0,42.5,47.5,SIM-09,sim09_fullscale_requirements-000064,ASSUMED_SENSITIVITY,SENSITIVITY_RESULT
adverse,5,5,18.0,2.5,0.5,5.0,5.0,,,,12.5,25.0,42.5,47.5,SIM-09,sim09_fullscale_requirements-000065,ASSUMED_SENSITIVITY,SENSITIVITY_RESULT
adverse,10,5,18.0,2.5,0.5,5.0,5.0,,,,12.5,25.0,42.5,47.5,SIM-09,sim09_fullscale_requirements-000066,ASSUMED_SENSITIVITY,SENSITIVITY_RESULT
adverse,20,5,18.0,2.5,0.5,5.0,5.0,,,,12.5,25.0,42.5,47.5,SIM-09,sim09_fullscale_requirements-000067,ASSUMED_SENSITIVITY,SENSITIVITY_RESULT
adverse,40,5,18.0,2.5,0.5,5.0,5.0,1.0,0.7142857142857143,,12.5,25.0,42.5,47.5,SIM-09,sim09_fullscale_requirements-000068,ASSUMED_SENSITIVITY,SENSITIVITY_RESULT
adverse,100,5,18.0,2.5,0.5,5.0,5.0,13.0,0.16129032258064516,57.5,12.5,25.0,42.5,47.5,SIM-09,sim09_fullscale_requirements-000069,ASSUMED_SENSITIVITY,SENSITIVITY_RESULT
adverse,150,5,18.0,2.5,0.5,5.0,5.0,23.0,0.09803921568627451,107.5,12.5,25.0,42.5,47.5,SIM-09,sim09_fullscale_requirements-000070,ASSUMED_SENSITIVITY,SENSITIVITY_RESULT
adverse,3,10,36.0,2.5,0.5,5.0,5.0,,,,25.0,100.0,130.0,135.0,SIM-09,sim09_fullscale_requirements-000071,ASSUMED_SENSITIVITY,SENSITIVITY_RESULT
adverse,5,10,36.0,2.5,0.5,5.0,5.0,,,,25.0,100.0,130.0,135.0,SIM-09,sim09_fullscale_requirements-000072,ASSUMED_SENSITIVITY,SENSITIVITY_RESULT
adverse,10,10,36.0,2.5,0.5,5.0,5.0,,,,25.0,100.0,130.0,135.0,SIM-09,sim09_fullscale_requirements-000073,ASSUMED_SENSITIVITY,SENSITIVITY_RESULT
adverse,20,10,36.0,2.5,0.5,5.0,5.0,,,,25.0,100.0,130.0,135.0,SIM-09,sim09_fullscale_requirements-000074,ASSUMED_SENSITIVITY,SENSITIVITY_RESULT
adverse,40,10,36.0,2.5,0.5,5.0,5.0,,10.0,,25.0,100.0,130.0,135.0,SIM-09,sim09_fullscale_requirements-000075,ASSUMED_SENSITIVITY,SENSITIVITY_RESULT
adverse,100,10,36.0,2.5,0.5,5.0,5.0,,0.7692307692307693,,25.0,100.0,130.0,135.0,SIM-09,sim09_fullscale_requirements-000076,ASSUMED_SENSITIVITY,SENSITIVITY_RESULT
adverse,150,10,36.0,2.5,0.5,5.0,5.0,4.0,0.43478260869565216,20.0,25.0,100.0,130.0,135.0,SIM-09,sim09_fullscale_requirements-000077,ASSUMED_SENSITIVITY,SENSITIVITY_RESULT
adverse,3,15,54.0,2.5,0.5,5.0,5.0,,,,37.5,225.0,267.5,272.5,SIM-09,sim09_fullscale_requirements-000078,ASSUMED_SENSITIVITY,SENSITIVITY_RESULT
adverse,5,15,54.0,2.5,0.5,5.0,5.0,,,,37.5,225.0,267.5,272.5,SIM-09,sim09_fullscale_requirements-000079,ASSUMED_SENSITIVITY,SENSITIVITY_RESULT
adverse,10,15,54.0,2.5,0.5,5.0,5.0,,,,37.5,225.0,267.5,272.5,SIM-09,sim09_fullscale_requirements-000080,ASSUMED_SENSITIVITY,SENSITIVITY_RESULT
adverse,20,15,54.0,2.5,0.5,5.0,5.0,,,,37.5,225.0,267.5,272.5,SIM-09,sim09_fullscale_requirements-000081,ASSUMED_SENSITIVITY,SENSITIVITY_RESULT
adverse,40,15,54.0,2.5,0.5,5.0,5.0,,,,37.5,225.0,267.5,272.5,SIM-09,sim09_fullscale_requirements-000082,ASSUMED_SENSITIVITY,SENSITIVITY_RESULT
adverse,100,15,54.0,2.5,0.5,5.0,5.0,,2.142857142857143,,37.5,225.0,267.5,272.5,SIM-09,sim09_fullscale_requirements-000083,ASSUMED_SENSITIVITY,SENSITIVITY_RESULT
adverse,150,15,54.0,2.5,0.5,5.0,5.0,,1.0975609756097562,,37.5,225.0,267.5,272.5,SIM-09,sim09_fullscale_requirements-000084,ASSUMED_SENSITIVITY,SENSITIVITY_RESULT
