parameter_set,trustworthy_perception_range_m,response_time_s,effective_deceleration_mps2,margin_m,uncertainty_m,speed_mps,speed_kmph,safety_margin_m,operation_available,restricted,halted,analytical_state,response_distance_m,braking_distance_m,stopping_distance_m,required_perception_range_m,age_s,report_kind,reason,simulation_id,scenario_id,input_provenance,result_class
reference,3,1.5,1.5,2.0,1.0,0.0,0.0,0.0,False,False,True,HALT_UNAVAILABLE,0.0,0.0,2.0,3.0,0,valid_target,research gate; empty does not prove clear space; out-of-order report grants no new authority,SIM-05,sim05_perception_degradation-000001,ASSUMED_SENSITIVITY,SENSITIVITY_RESULT
reference,3,1.5,1.5,2.0,1.0,0.0,0.0,0.0,False,False,True,HALT_UNAVAILABLE,0.0,0.0,2.0,3.0,0,valid_empty,research gate; empty does not prove clear space; out-of-order report grants no new authority,SIM-05,sim05_perception_degradation-000002,ASSUMED_SENSITIVITY,SENSITIVITY_RESULT
reference,3,1.5,1.5,2.0,1.0,0.0,0.0,0.0,False,False,True,HALT_UNAVAILABLE,0.0,0.0,2.0,3.0,0,missing,research gate; empty does not prove clear space; out-of-order report grants no new authority,SIM-05,sim05_perception_degradation-000003,ASSUMED_SENSITIVITY,SENSITIVITY_RESULT
reference,3,1.5,1.5,2.0,1.0,0.0,0.0,0.0,False,False,True,HALT_UNAVAILABLE,0.0,0.0,2.0,3.0,0,out_of_order,research gate; empty does not prove clear space; out-of-order report grants no new authority,SIM-05,sim05_perception_degradation-000004,ASSUMED_SENSITIVITY,SENSITIVITY_RESULT
reference,3,1.5,1.5,2.0,1.0,0.0,0.0,0.0,False,False,True,HALT_UNAVAILABLE,0.0,0.0,2.0,3.0,0.25,valid_target,research gate; empty does not prove clear space; out-of-order report grants no new authority,SIM-05,sim05_perception_degradation-000005,ASSUMED_SENSITIVITY,SENSITIVITY_RESULT
reference,3,1.5,1.5,2.0,1.0,0.0,0.0,0.0,False,False,True,HALT_UNAVAILABLE,0.0,0.0,2.0,3.0,0.25,valid_empty,research gate; empty does not prove clear space; out-of-order report grants no new authority,SIM-05,sim05_perception_degradation-000006,ASSUMED_SENSITIVITY,SENSITIVITY_RESULT
reference,3,1.5,1.5,2.0,1.0,0.0,0.0,0.0,False,False,True,HALT_UNAVAILABLE,0.0,0.0,2.0,3.0,0.25,missing,research gate; empty does not prove clear space; out-of-order report grants no new authority,SIM-05,sim05_perception_degradation-000007,ASSUMED_SENSITIVITY,SENSITIVITY_RESULT
reference,3,1.5,1.5,2.0,1.0,0.0,0.0,0.0,False,False,True,HALT_UNAVAILABLE,0.0,0.0,2.0,3.0,0.25,out_of_order,research gate; empty does not prove clear space; out-of-order report grants no new authority,SIM-05,sim05_perception_degradation-000008,ASSUMED_SENSITIVITY,SENSITIVITY_RESULT
reference,3,1.5,1.5,2.0,1.0,0.0,0.0,0.0,False,False,True,HALT_UNAVAILABLE,0.0,0.0,2.0,3.0,1,valid_target,research gate; empty does not prove clear space; out-of-order report grants no new authority,SIM-05,sim05_perception_degradation-000009,ASSUMED_SENSITIVITY,SENSITIVITY_RESULT
reference,3,1.5,1.5,2.0,1.0,0.0,0.0,0.0,False,False,True,HALT_UNAVAILABLE,0.0,0.0,2.0,3.0,1,valid_empty,research gate; empty does not prove clear space; out-of-order report grants no new authority,SIM-05,sim05_perception_degradation-000010,ASSUMED_SENSITIVITY,SENSITIVITY_RESULT
reference,3,1.5,1.5,2.0,1.0,0.0,0.0,0.0,False,False,True,HALT_UNAVAILABLE,0.0,0.0,2.0,3.0,1,missing,research gate; empty does not prove clear space; out-of-order report grants no new authority,SIM-05,sim05_perception_degradation-000011,ASSUMED_SENSITIVITY,SENSITIVITY_RESULT
reference,3,1.5,1.5,2.0,1.0,0.0,0.0,0.0,False,False,True,HALT_UNAVAILABLE,0.0,0.0,2.0,3.0,1,out_of_order,research gate; empty does not prove clear space; out-of-order report grants no new authority,SIM-05,sim05_perception_degradation-000012,ASSUMED_SENSITIVITY,SENSITIVITY_RESULT
reference,3,1.5,1.5,2.0,1.0,0.0,0.0,0.0,False,False,True,HALT_UNAVAILABLE,0.0,0.0,2.0,3.0,1.1,valid_target,research gate; empty does not prove clear space; out-of-order report grants no new authority,SIM-05,sim05_perception_degradation-000013,ASSUMED_SENSITIVITY,SENSITIVITY_RESULT
reference,3,1.5,1.5,2.0,1.0,0.0,0.0,0.0,False,False,True,HALT_UNAVAILABLE,0.0,0.0,2.0,3.0,1.1,valid_empty,research gate; empty does not prove clear space; out-of-order report grants no new authority,SIM-05,sim05_perception_degradation-000014,ASSUMED_SENSITIVITY,SENSITIVITY_RESULT
reference,3,1.5,1.5,2.0,1.0,0.0,0.0,0.0,False,False,True,HALT_UNAVAILABLE,0.0,0.0,2.0,3.0,1.1,missing,research gate; empty does not prove clear space; out-of-order report grants no new authority,SIM-05,sim05_perception_degradation-000015,ASSUMED_SENSITIVITY,SENSITIVITY_RESULT
reference,3,1.5,1.5,2.0,1.0,0.0,0.0,0.0,False,False,True,HALT_UNAVAILABLE,0.0,0.0,2.0,3.0,1.1,out_of_order,research gate; empty does not prove clear space; out-of-order report grants no new authority,SIM-05,sim05_perception_degradation-000016,ASSUMED_SENSITIVITY,SENSITIVITY_RESULT
reference,3,1.5,1.5,2.0,5.0,0.0,0.0,-4.0,False,False,True,HALT_UNAVAILABLE,0.0,0.0,2.0,7.0,0,valid_target,research gate; empty does not prove clear space; out-of-order report grants no new authority,SIM-05,sim05_perception_degradation-000017,ASSUMED_SENSITIVITY,SENSITIVITY_RESULT
reference,3,1.5,1.5,2.0,5.0,0.0,0.0,-4.0,False,False,True,HALT_UNAVAILABLE,0.0,0.0,2.0,7.0,0,valid_empty,research gate; empty does not prove clear space; out-of-order report grants no new authority,SIM-05,sim05_perception_degradation-000018,ASSUMED_SENSITIVITY,SENSITIVITY_RESULT
reference,3,1.5,1.5,2.0,5.0,0.0,0.0,-4.0,False,False,True,HALT_UNAVAILABLE,0.0,0.0,2.0,7.0,0,missing,research gate; empty does not prove clear space; out-of-order report grants no new authority,SIM-05,sim05_perception_degradation-000019,ASSUMED_SENSITIVITY,SENSITIVITY_RESULT
reference,3,1.5,1.5,2.0,5.0,0.0,0.0,-4.0,False,False,True,HALT_UNAVAILABLE,0.0,0.0,2.0,7.0,0,out_of_order,research gate; empty does not prove clear space; out-of-order report grants no new authority,SIM-05,sim05_perception_degradation-000020,ASSUMED_SENSITIVITY,SENSITIVITY_RESULT
reference,3,1.5,1.5,2.0,5.0,0.0,0.0,-4.0,False,False,True,HALT_UNAVAILABLE,0.0,0.0,2.0,7.0,0.25,valid_target,research gate; empty does not prove clear space; out-of-order report grants no new authority,SIM-05,sim05_perception_degradation-000021,ASSUMED_SENSITIVITY,SENSITIVITY_RESULT
reference,3,1.5,1.5,2.0,5.0,0.0,0.0,-4.0,False,False,True,HALT_UNAVAILABLE,0.0,0.0,2.0,7.0,0.25,valid_empty,research gate; empty does not prove clear space; out-of-order report grants no new authority,SIM-05,sim05_perception_degradation-000022,ASSUMED_SENSITIVITY,SENSITIVITY_RESULT
reference,3,1.5,1.5,2.0,5.0,0.0,0.0,-4.0,False,False,True,HALT_UNAVAILABLE,0.0,0.0,2.0,7.0,0.25,missing,research gate; empty does not prove clear space; out-of-order report grants no new authority,SIM-05,sim05_perception_degradation-000023,ASSUMED_SENSITIVITY,SENSITIVITY_RESULT
reference,3,1.5,1.5,2.0,5.0,0.0,0.0,-4.0,False,False,True,HALT_UNAVAILABLE,0.0,0.0,2.0,7.0,0.25,out_of_order,research gate; empty does not prove clear space; out-of-order report grants no new authority,SIM-05,sim05_perception_degradation-000024,ASSUMED_SENSITIVITY,SENSITIVITY_RESULT
reference,3,1.5,1.5,2.0,5.0,0.0,0.0,-4.0,False,False,True,HALT_UNAVAILABLE,0.0,0.0,2.0,7.0,1,valid_target,research gate; empty does not prove clear space; out-of-order report grants no new authority,SIM-05,sim05_perception_degradation-000025,ASSUMED_SENSITIVITY,SENSITIVITY_RESULT
reference,3,1.5,1.5,2.0,5.0,0.0,0.0,-4.0,False,False,True,HALT_UNAVAILABLE,0.0,0.0,2.0,7.0,1,valid_empty,research gate; empty does not prove clear space; out-of-order report grants no new authority,SIM-05,sim05_perception_degradation-000026,ASSUMED_SENSITIVITY,SENSITIVITY_RESULT
reference,3,1.5,1.5,2.0,5.0,0.0,0.0,-4.0,False,False,True,HALT_UNAVAILABLE,0.0,0.0,2.0,7.0,1,missing,research gate; empty does not prove clear space; out-of-order report grants no new authority,SIM-05,sim05_perception_degradation-000027,ASSUMED_SENSITIVITY,SENSITIVITY_RESULT
reference,3,1.5,1.5,2.0,5.0,0.0,0.0,-4.0,False,False,True,HALT_UNAVAILABLE,0.0,0.0,2.0,7.0,1,out_of_order,research gate; empty does not prove clear space; out-of-order report grants no new authority,SIM-05,sim05_perception_degradation-000028,ASSUMED_SENSITIVITY,SENSITIVITY_RESULT
reference,3,1.5,1.5,2.0,5.0,0.0,0.0,-4.0,False,False,True,HALT_UNAVAILABLE,0.0,0.0,2.0,7.0,1.1,valid_target,research gate; empty does not prove clear space; out-of-order report grants no new authority,SIM-05,sim05_perception_degradation-000029,ASSUMED_SENSITIVITY,SENSITIVITY_RESULT
reference,3,1.5,1.5,2.0,5.0,0.0,0.0,-4.0,False,False,True,HALT_UNAVAILABLE,0.0,0.0,2.0,7.0,1.1,valid_empty,research gate; empty does not prove clear space; out-of-order report grants no new authority,SIM-05,sim05_perception_degradation-000030,ASSUMED_SENSITIVITY,SENSITIVITY_RESULT
reference,3,1.5,1.5,2.0,5.0,0.0,0.0,-4.0,False,False,True,HALT_UNAVAILABLE,0.0,0.0,2.0,7.0,1.1,missing,research gate; empty does not prove clear space; out-of-order report grants no new authority,SIM-05,sim05_perception_degradation-000031,ASSUMED_SENSITIVITY,SENSITIVITY_RESULT
reference,3,1.5,1.5,2.0,5.0,0.0,0.0,-4.0,False,False,True,HALT_UNAVAILABLE,0.0,0.0,2.0,7.0,1.1,out_of_order,research gate; empty does not prove clear space; out-of-order report grants no new authority,SIM-05,sim05_perception_degradation-000032,ASSUMED_SENSITIVITY,SENSITIVITY_RESULT
reference,5,1.5,1.5,2.0,1.0,1.0760336739125176,3.8737212260850633,0.0,True,True,False,RESTRICTED_MODEL,1.6140505108687764,0.3859494891312234,4.0,5.0,0,valid_target,research gate; empty does not prove clear space; out-of-order report grants no new authority,SIM-05,sim05_perception_degradation-000033,ASSUMED_SENSITIVITY,SENSITIVITY_RESULT
reference,5,1.5,1.5,2.0,1.0,0.0,0.0,2.0,False,False,True,HALT_UNAVAILABLE,0.0,0.0,2.0,3.0,0,valid_empty,research gate; empty does not prove clear space; out-of-order report grants no new authority,SIM-05,sim05_perception_degradation-000034,ASSUMED_SENSITIVITY,SENSITIVITY_RESULT
reference,5,1.5,1.5,2.0,1.0,0.0,0.0,2.0,False,False,True,HALT_UNAVAILABLE,0.0,0.0,2.0,3.0,0,missing,research gate; empty does not prove clear space; out-of-order report grants no new authority,SIM-05,sim05_perception_degradation-000035,ASSUMED_SENSITIVITY,SENSITIVITY_RESULT
reference,5,1.5,1.5,2.0,1.0,0.0,0.0,2.0,False,False,True,HALT_UNAVAILABLE,0.0,0.0,2.0,3.0,0,out_of_order,research gate; empty does not prove clear space; out-of-order report grants no new authority,SIM-05,sim05_perception_degradation-000036,ASSUMED_SENSITIVITY,SENSITIVITY_RESULT
reference,5,1.5,1.5,2.0,1.0,0.9653516540862679,3.4752659547105647,0.0,True,True,False,RESTRICTED_MODEL,1.6893653946509688,0.31063460534903115,4.0,5.0,0.25,valid_target,research gate; empty does not prove clear space; out-of-order report grants no new authority,SIM-05,sim05_perception_degradation-000037,ASSUMED_SENSITIVITY,SENSITIVITY_RESULT
reference,5,1.5,1.5,2.0,1.0,0.0,0.0,2.0,False,False,True,HALT_UNAVAILABLE,0.0,0.0,2.0,3.0,0.25,valid_empty,research gate; empty does not prove clear space; out-of-order report grants no new authority,SIM-05,sim05_perception_degradation-000038,ASSUMED_SENSITIVITY,SENSITIVITY_RESULT
reference,5,1.5,1.5,2.0,1.0,0.0,0.0,2.0,False,False,True,HALT_UNAVAILABLE,0.0,0.0,2.0,3.0,0.25,missing,research gate; empty does not prove clear space; out-of-order report grants no new authority,SIM-05,sim05_perception_degradation-000039,ASSUMED_SENSITIVITY,SENSITIVITY_RESULT
reference,5,1.5,1.5,2.0,1.0,0.0,0.0,2.0,False,False,True,HALT_UNAVAILABLE,0.0,0.0,2.0,3.0,0.25,out_of_order,research gate; empty does not prove clear space; out-of-order report grants no new authority,SIM-05,sim05_perception_degradation-000040,ASSUMED_SENSITIVITY,SENSITIVITY_RESULT
reference,5,1.5,1.5,2.0,1.0,0.7291182167922294,2.624825580452026,0.0,True,True,False,RESTRICTED_MODEL,1.8227955419805735,0.17720445801942683,4.0,5.0,1,valid_target,research gate; empty does not prove clear space; out-of-order report grants no new authority,SIM-05,sim05_perception_degradation-000041,ASSUMED_SENSITIVITY,SENSITIVITY_RESULT
reference,5,1.5,1.5,2.0,1.0,0.0,0.0,2.0,False,False,True,HALT_UNAVAILABLE,0.0,0.0,2.0,3.0,1,valid_empty,research gate; empty does not prove clear space; out-of-order report grants no new authority,SIM-05,sim05_perception_degradation-000042,ASSUMED_SENSITIVITY,SENSITIVITY_RESULT
reference,5,1.5,1.5,2.0,1.0,0.0,0.0,2.0,False,False,True,HALT_UNAVAILABLE,0.0,0.0,2.0,3.0,1,missing,research gate; empty does not prove clear space; out-of-order report grants no new authority,SIM-05,sim05_perception_degradation-000043,ASSUMED_SENSITIVITY,SENSITIVITY_RESULT
reference,5,1.5,1.5,2.0,1.0,0.0,0.0,2.0,False,False,True,HALT_UNAVAILABLE,0.0,0.0,2.0,3.0,1,out_of_order,research gate; empty does not prove clear space; out-of-order report grants no new authority,SIM-05,sim05_perception_degradation-000044,ASSUMED_SENSITIVITY,SENSITIVITY_RESULT
reference,5,1.5,1.5,2.0,1.0,0.0,0.0,2.0,False,False,True,HALT_UNAVAILABLE,0.0,0.0,2.0,3.0,1.1,valid_target,research gate; empty does not prove clear space; out-of-order report grants no new authority,SIM-05,sim05_perception_degradation-000045,ASSUMED_SENSITIVITY,SENSITIVITY_RESULT
reference,5,1.5,1.5,2.0,1.0,0.0,0.0,2.0,False,False,True,HALT_UNAVAILABLE,0.0,0.0,2.0,3.0,1.1,valid_empty,research gate; empty does not prove clear space; out-of-order report grants no new authority,SIM-05,sim05_perception_degradation-000046,ASSUMED_SENSITIVITY,SENSITIVITY_RESULT
reference,5,1.5,1.5,2.0,1.0,0.0,0.0,2.0,False,False,True,HALT_UNAVAILABLE,0.0,0.0,2.0,3.0,1.1,missing,research gate; empty does not prove clear space; out-of-order report grants no new authority,SIM-05,sim05_perception_degradation-000047,ASSUMED_SENSITIVITY,SENSITIVITY_RESULT
reference,5,1.5,1.5,2.0,1.0,0.0,0.0,2.0,False,False,True,HALT_UNAVAILABLE,0.0,0.0,2.0,3.0,1.1,out_of_order,research gate; empty does not prove clear space; out-of-order report grants no new authority,SIM-05,sim05_perception_degradation-000048,ASSUMED_SENSITIVITY,SENSITIVITY_RESULT
reference,5,1.5,1.5,2.0,5.0,0.0,0.0,-2.0,False,False,True,HALT_UNAVAILABLE,0.0,0.0,2.0,7.0,0,valid_target,research gate; empty does not prove clear space; out-of-order report grants no new authority,SIM-05,sim05_perception_degradation-000049,ASSUMED_SENSITIVITY,SENSITIVITY_RESULT
reference,5,1.5,1.5,2.0,5.0,0.0,0.0,-2.0,False,False,True,HALT_UNAVAILABLE,0.0,0.0,2.0,7.0,0,valid_empty,research gate; empty does not prove clear space; out-of-order report grants no new authority,SIM-05,sim05_perception_degradation-000050,ASSUMED_SENSITIVITY,SENSITIVITY_RESULT
reference,5,1.5,1.5,2.0,5.0,0.0,0.0,-2.0,False,False,True,HALT_UNAVAILABLE,0.0,0.0,2.0,7.0,0,missing,research gate; empty does not prove clear space; out-of-order report grants no new authority,SIM-05,sim05_perception_degradation-000051,ASSUMED_SENSITIVITY,SENSITIVITY_RESULT
reference,5,1.5,1.5,2.0,5.0,0.0,0.0,-2.0,False,False,True,HALT_UNAVAILABLE,0.0,0.0,2.0,7.0,0,out_of_order,research gate; empty does not prove clear space; out-of-order report grants no new authority,SIM-05,sim05_perception_degradation-000052,ASSUMED_SENSITIVITY,SENSITIVITY_RESULT
reference,5,1.5,1.5,2.0,5.0,0.0,0.0,-2.0,False,False,True,HALT_UNAVAILABLE,0.0,0.0,2.0,7.0,0.25,valid_target,research gate; empty does not prove clear space; out-of-order report grants no new authority,SIM-05,sim05_perception_degradation-000053,ASSUMED_SENSITIVITY,SENSITIVITY_RESULT
reference,5,1.5,1.5,2.0,5.0,0.0,0.0,-2.0,False,False,True,HALT_UNAVAILABLE,0.0,0.0,2.0,7.0,0.25,valid_empty,research gate; empty does not prove clear space; out-of-order report grants no new authority,SIM-05,sim05_perception_degradation-000054,ASSUMED_SENSITIVITY,SENSITIVITY_RESULT
reference,5,1.5,1.5,2.0,5.0,0.0,0.0,-2.0,False,False,True,HALT_UNAVAILABLE,0.0,0.0,2.0,7.0,0.25,missing,research gate; empty does not prove clear space; out-of-order report grants no new authority,SIM-05,sim05_perception_degradation-000055,ASSUMED_SENSITIVITY,SENSITIVITY_RESULT
reference,5,1.5,1.5,2.0,5.0,0.0,0.0,-2.0,False,False,True,HALT_UNAVAILABLE,0.0,0.0,2.0,7.0,0.25,out_of_order,research gate; empty does not prove clear space; out-of-order report grants no new authority,SIM-05,sim05_perception_degradation-000056,ASSUMED_SENSITIVITY,SENSITIVITY_RESULT
reference,5,1.5,1.5,2.0,5.0,0.0,0.0,-2.0,False,False,True,HALT_UNAVAILABLE,0.0,0.0,2.0,7.0,1,valid_target,research gate; empty does not prove clear space; out-of-order report grants no new authority,SIM-05,sim05_perception_degradation-000057,ASSUMED_SENSITIVITY,SENSITIVITY_RESULT
reference,5,1.5,1.5,2.0,5.0,0.0,0.0,-2.0,False,False,True,HALT_UNAVAILABLE,0.0,0.0,2.0,7.0,1,valid_empty,research gate; empty does not prove clear space; out-of-order report grants no new authority,SIM-05,sim05_perception_degradation-000058,ASSUMED_SENSITIVITY,SENSITIVITY_RESULT
reference,5,1.5,1.5,2.0,5.0,0.0,0.0,-2.0,False,False,True,HALT_UNAVAILABLE,0.0,0.0,2.0,7.0,1,missing,research gate; empty does not prove clear space; out-of-order report grants no new authority,SIM-05,sim05_perception_degradation-000059,ASSUMED_SENSITIVITY,SENSITIVITY_RESULT
reference,5,1.5,1.5,2.0,5.0,0.0,0.0,-2.0,False,False,True,HALT_UNAVAILABLE,0.0,0.0,2.0,7.0,1,out_of_order,research gate; empty does not prove clear space; out-of-order report grants no new authority,SIM-05,sim05_perception_degradation-000060,ASSUMED_SENSITIVITY,SENSITIVITY_RESULT
reference,5,1.5,1.5,2.0,5.0,0.0,0.0,-2.0,False,False,True,HALT_UNAVAILABLE,0.0,0.0,2.0,7.0,1.1,valid_target,research gate; empty does not prove clear space; out-of-order report grants no new authority,SIM-05,sim05_perception_degradation-000061,ASSUMED_SENSITIVITY,SENSITIVITY_RESULT
reference,5,1.5,1.5,2.0,5.0,0.0,0.0,-2.0,False,False,True,HALT_UNAVAILABLE,0.0,0.0,2.0,7.0,1.1,valid_empty,research gate; empty does not prove clear space; out-of-order report grants no new authority,SIM-05,sim05_perception_degradation-000062,ASSUMED_SENSITIVITY,SENSITIVITY_RESULT
reference,5,1.5,1.5,2.0,5.0,0.0,0.0,-2.0,False,False,True,HALT_UNAVAILABLE,0.0,0.0,2.0,7.0,1.1,missing,research gate; empty does not prove clear space; out-of-order report grants no new authority,SIM-05,sim05_perception_degradation-000063,ASSUMED_SENSITIVITY,SENSITIVITY_RESULT
reference,5,1.5,1.5,2.0,5.0,0.0,0.0,-2.0,False,False,True,HALT_UNAVAILABLE,0.0,0.0,2.0,7.0,1.1,out_of_order,research gate; empty does not prove clear space; out-of-order report grants no new authority,SIM-05,sim05_perception_degradation-000064,ASSUMED_SENSITIVITY,SENSITIVITY_RESULT
reference,10,1.5,1.5,2.0,1.0,2.855144464165534,10.278520070995922,0.0,True,True,False,RESTRICTED_MODEL,4.282716696248301,2.717283303751698,9.0,10.0,0,valid_target,research gate; empty does not prove clear space; out-of-order report grants no new authority,SIM-05,sim05_perception_degradation-000065,ASSUMED_SENSITIVITY,SENSITIVITY_RESULT
reference,10,1.5,1.5,2.0,1.0,0.0,0.0,7.0,False,False,True,HALT_UNAVAILABLE,0.0,0.0,2.0,3.0,0,valid_empty,research gate; empty does not prove clear space; out-of-order report grants no new authority,SIM-05,sim05_perception_degradation-000066,ASSUMED_SENSITIVITY,SENSITIVITY_RESULT
reference,10,1.5,1.5,2.0,1.0,0.0,0.0,7.0,False,False,True,HALT_UNAVAILABLE,0.0,0.0,2.0,3.0,0,missing,research gate; empty does not prove clear space; out-of-order report grants no new authority,SIM-05,sim05_perception_degradation-000067,ASSUMED_SENSITIVITY,SENSITIVITY_RESULT
reference,10,1.5,1.5,2.0,1.0,0.0,0.0,7.0,False,False,True,HALT_UNAVAILABLE,0.0,0.0,2.0,3.0,0,out_of_order,research gate; empty does not prove clear space; out-of-order report grants no new authority,SIM-05,sim05_perception_degradation-000068,ASSUMED_SENSITIVITY,SENSITIVITY_RESULT
reference,10,1.5,1.5,2.0,1.0,2.6561575435694023,9.56216715684985,0.0,True,True,False,RESTRICTED_MODEL,4.648275701246454,2.351724298753547,9.0,10.0,0.25,valid_target,research gate; empty does not prove clear space; out-of-order report grants no new authority,SIM-05,sim05_perception_degradation-000069,ASSUMED_SENSITIVITY,SENSITIVITY_RESULT
reference,10,1.5,1.5,2.0,1.0,0.0,0.0,7.0,False,False,True,HALT_UNAVAILABLE,0.0,0.0,2.0,3.0,0.25,valid_empty,research gate; empty does not prove clear space; out-of-order report grants no new authority,SIM-05,sim05_perception_degradation-000070,ASSUMED_SENSITIVITY,SENSITIVITY_RESULT
reference,10,1.5,1.5,2.0,1.0,0.0,0.0,7.0,False,False,True,HALT_UNAVAILABLE,0.0,0.0,2.0,3.0,0.25,missing,research gate; empty does not prove clear space; out-of-order report grants no new authority,SIM-05,sim05_perception_degradation-000071,ASSUMED_SENSITIVITY,SENSITIVITY_RESULT
reference,10,1.5,1.5,2.0,1.0,0.0,0.0,7.0,False,False,True,HALT_UNAVAILABLE,0.0,0.0,2.0,3.0,0.25,out_of_order,research gate; empty does not prove clear space; out-of-order report grants no new authority,SIM-05,sim05_perception_degradation-000072,ASSUMED_SENSITIVITY,SENSITIVITY_RESULT
reference,10,1.5,1.5,2.0,1.0,2.1713596411635057,7.81689470818862,0.0,True,True,False,RESTRICTED_MODEL,5.428399102908764,1.571600897091236,9.0,10.0,1,valid_target,research gate; empty does not prove clear space; out-of-order report grants no new authority,SIM-05,sim05_perception_degradation-000073,ASSUMED_SENSITIVITY,SENSITIVITY_RESULT
reference,10,1.5,1.5,2.0,1.0,0.0,0.0,7.0,False,False,True,HALT_UNAVAILABLE,0.0,0.0,2.0,3.0,1,valid_empty,research gate; empty does not prove clear space; out-of-order report grants no new authority,SIM-05,sim05_perception_degradation-000074,ASSUMED_SENSITIVITY,SENSITIVITY_RESULT
reference,10,1.5,1.5,2.0,1.0,0.0,0.0,7.0,False,False,True,HALT_UNAVAILABLE,0.0,0.0,2.0,3.0,1,missing,research gate; empty does not prove clear space; out-of-order report grants no new authority,SIM-05,sim05_perception_degradation-000075,ASSUMED_SENSITIVITY,SENSITIVITY_RESULT
reference,10,1.5,1.5,2.0,1.0,0.0,0.0,7.0,False,False,True,HALT_UNAVAILABLE,0.0,0.0,2.0,3.0,1,out_of_order,research gate; empty does not prove clear space; out-of-order report grants no new authority,SIM-05,sim05_perception_degradation-000076,ASSUMED_SENSITIVITY,SENSITIVITY_RESULT
reference,10,1.5,1.5,2.0,1.0,0.0,0.0,7.0,False,False,True,HALT_UNAVAILABLE,0.0,0.0,2.0,3.0,1.1,valid_target,research gate; empty does not prove clear space; out-of-order report grants no new authority,SIM-05,sim05_perception_degradation-000077,ASSUMED_SENSITIVITY,SENSITIVITY_RESULT
reference,10,1.5,1.5,2.0,1.0,0.0,0.0,7.0,False,False,True,HALT_UNAVAILABLE,0.0,0.0,2.0,3.0,1.1,valid_empty,research gate; empty does not prove clear space; out-of-order report grants no new authority,SIM-05,sim05_perception_degradation-000078,ASSUMED_SENSITIVITY,SENSITIVITY_RESULT
reference,10,1.5,1.5,2.0,1.0,0.0,0.0,7.0,False,False,True,HALT_UNAVAILABLE,0.0,0.0,2.0,3.0,1.1,missing,research gate; empty does not prove clear space; out-of-order report grants no new authority,SIM-05,sim05_perception_degradation-000079,ASSUMED_SENSITIVITY,SENSITIVITY_RESULT
reference,10,1.5,1.5,2.0,1.0,0.0,0.0,7.0,False,False,True,HALT_UNAVAILABLE,0.0,0.0,2.0,3.0,1.1,out_of_order,research gate; empty does not prove clear space; out-of-order report grants no new authority,SIM-05,sim05_perception_degradation-000080,ASSUMED_SENSITIVITY,SENSITIVITY_RESULT
reference,10,1.5,1.5,2.0,5.0,1.5,5.4,0.0,True,True,False,RESTRICTED_MODEL,2.25,0.75,5.0,10.0,0,valid_target,research gate; empty does not prove clear space; out-of-order report grants no new authority,SIM-05,sim05_perception_degradation-000081,ASSUMED_SENSITIVITY,SENSITIVITY_RESULT
reference,10,1.5,1.5,2.0,5.0,0.0,0.0,3.0,False,False,True,HALT_UNAVAILABLE,0.0,0.0,2.0,7.0,0,valid_empty,research gate; empty does not prove clear space; out-of-order report grants no new authority,SIM-05,sim05_perception_degradation-000082,ASSUMED_SENSITIVITY,SENSITIVITY_RESULT
reference,10,1.5,1.5,2.0,5.0,0.0,0.0,3.0,False,False,True,HALT_UNAVAILABLE,0.0,0.0,2.0,7.0,0,missing,research gate; empty does not prove clear space; out-of-order report grants no new authority,SIM-05,sim05_perception_degradation-000083,ASSUMED_SENSITIVITY,SENSITIVITY_RESULT
reference,10,1.5,1.5,2.0,5.0,0.0,0.0,3.0,False,False,True,HALT_UNAVAILABLE,0.0,0.0,2.0,7.0,0,out_of_order,research gate; empty does not prove clear space; out-of-order report grants no new authority,SIM-05,sim05_perception_degradation-000084,ASSUMED_SENSITIVITY,SENSITIVITY_RESULT
reference,10,1.5,1.5,2.0,5.0,1.3613046797754935,4.900696847191777,0.0,True,True,False,RESTRICTED_MODEL,2.3822831896071137,0.6177168103928863,5.0,10.0,0.25,valid_target,research gate; empty does not prove clear space; out-of-order report grants no new authority,SIM-05,sim05_perception_degradation-000085,ASSUMED_SENSITIVITY,SENSITIVITY_RESULT
reference,10,1.5,1.5,2.0,5.0,0.0,0.0,3.0,False,False,True,HALT_UNAVAILABLE,0.0,0.0,2.0,7.0,0.25,valid_empty,research gate; empty does not prove clear space; out-of-order report grants no new authority,SIM-05,sim05_perception_degradation-000086,ASSUMED_SENSITIVITY,SENSITIVITY_RESULT
reference,10,1.5,1.5,2.0,5.0,0.0,0.0,3.0,False,False,True,HALT_UNAVAILABLE,0.0,0.0,2.0,7.0,0.25,missing,research gate; empty does not prove clear space; out-of-order report grants no new authority,SIM-05,sim05_perception_degradation-000087,ASSUMED_SENSITIVITY,SENSITIVITY_RESULT
reference,10,1.5,1.5,2.0,5.0,0.0,0.0,3.0,False,False,True,HALT_UNAVAILABLE,0.0,0.0,2.0,7.0,0.25,out_of_order,research gate; empty does not prove clear space; out-of-order report grants no new authority,SIM-05,sim05_perception_degradation-000088,ASSUMED_SENSITIVITY,SENSITIVITY_RESULT
reference,10,1.5,1.5,2.0,5.0,1.0523431780746366,3.788435441068692,0.0,True,True,False,RESTRICTED_MODEL,2.6308579451865914,0.3691420548134088,5.0,10.0,1,valid_target,research gate; empty does not prove clear space; out-of-order report grants no new authority,SIM-05,sim05_perception_degradation-000089,ASSUMED_SENSITIVITY,SENSITIVITY_RESULT
reference,10,1.5,1.5,2.0,5.0,0.0,0.0,3.0,False,False,True,HALT_UNAVAILABLE,0.0,0.0,2.0,7.0,1,valid_empty,research gate; empty does not prove clear space; out-of-order report grants no new authority,SIM-05,sim05_perception_degradation-000090,ASSUMED_SENSITIVITY,SENSITIVITY_RESULT
reference,10,1.5,1.5,2.0,5.0,0.0,0.0,3.0,False,False,True,HALT_UNAVAILABLE,0.0,0.0,2.0,7.0,1,missing,research gate; empty does not prove clear space; out-of-order report grants no new authority,SIM-05,sim05_perception_degradation-000091,ASSUMED_SENSITIVITY,SENSITIVITY_RESULT
reference,10,1.5,1.5,2.0,5.0,0.0,0.0,3.0,False,False,True,HALT_UNAVAILABLE,0.0,0.0,2.0,7.0,1,out_of_order,research gate; empty does not prove clear space; out-of-order report grants no new authority,SIM-05,sim05_perception_degradation-000092,ASSUMED_SENSITIVITY,SENSITIVITY_RESULT
reference,10,1.5,1.5,2.0,5.0,0.0,0.0,3.0,False,False,True,HALT_UNAVAILABLE,0.0,0.0,2.0,7.0,1.1,valid_target,research gate; empty does not prove clear space; out-of-order report grants no new authority,SIM-05,sim05_perception_degradation-000093,ASSUMED_SENSITIVITY,SENSITIVITY_RESULT
reference,10,1.5,1.5,2.0,5.0,0.0,0.0,3.0,False,False,True,HALT_UNAVAILABLE,0.0,0.0,2.0,7.0,1.1,valid_empty,research gate; empty does not prove clear space; out-of-order report grants no new authority,SIM-05,sim05_perception_degradation-000094,ASSUMED_SENSITIVITY,SENSITIVITY_RESULT
reference,10,1.5,1.5,2.0,5.0,0.0,0.0,3.0,False,False,True,HALT_UNAVAILABLE,0.0,0.0,2.0,7.0,1.1,missing,research gate; empty does not prove clear space; out-of-order report grants no new authority,SIM-05,sim05_perception_degradation-000095,ASSUMED_SENSITIVITY,SENSITIVITY_RESULT
reference,10,1.5,1.5,2.0,5.0,0.0,0.0,3.0,False,False,True,HALT_UNAVAILABLE,0.0,0.0,2.0,7.0,1.1,out_of_order,research gate; empty does not prove clear space; out-of-order report grants no new authority,SIM-05,sim05_perception_degradation-000096,ASSUMED_SENSITIVITY,SENSITIVITY_RESULT
reference,20,1.5,1.5,2.0,1.0,5,18.0,1.1666666666666643,True,False,False,MODEL_COMPATIBLE,7.5,8.333333333333334,17.833333333333336,18.833333333333336,0,valid_target,research gate; empty does not prove clear space; out-of-order report grants no new authority,SIM-05,sim05_perception_degradation-000097,ASSUMED_SENSITIVITY,SENSITIVITY_RESULT
reference,20,1.5,1.5,2.0,1.0,0.0,0.0,17.0,False,False,True,HALT_UNAVAILABLE,0.0,0.0,2.0,3.0,0,valid_empty,research gate; empty does not prove clear space; out-of-order report grants no new authority,SIM-05,sim05_perception_degradation-000098,ASSUMED_SENSITIVITY,SENSITIVITY_RESULT
reference,20,1.5,1.5,2.0,1.0,0.0,0.0,17.0,False,False,True,HALT_UNAVAILABLE,0.0,0.0,2.0,3.0,0,missing,research gate; empty does not prove clear space; out-of-order report grants no new authority,SIM-05,sim05_perception_degradation-000099,ASSUMED_SENSITIVITY,SENSITIVITY_RESULT
reference,20,1.5,1.5,2.0,1.0,0.0,0.0,17.0,False,False,True,HALT_UNAVAILABLE,0.0,0.0,2.0,3.0,0,out_of_order,research gate; empty does not prove clear space; out-of-order report grants no new authority,SIM-05,sim05_perception_degradation-000100,ASSUMED_SENSITIVITY,SENSITIVITY_RESULT
reference,20,1.5,1.5,2.0,1.0,4.983588896766601,17.940920028359763,0.0,True,True,False,RESTRICTED_MODEL,8.721280569341552,8.278719430658448,19.0,20.0,0.25,valid_target,research gate; empty does not prove clear space; out-of-order report grants no new authority,SIM-05,sim05_perception_degradation-000101,ASSUMED_SENSITIVITY,SENSITIVITY_RESULT
reference,20,1.5,1.5,2.0,1.0,0.0,0.0,17.0,False,False,True,HALT_UNAVAILABLE,0.0,0.0,2.0,3.0,0.25,valid_empty,research gate; empty does not prove clear space; out-of-order report grants no new authority,SIM-05,sim05_perception_degradation-000102,ASSUMED_SENSITIVITY,SENSITIVITY_RESULT
reference,20,1.5,1.5,2.0,1.0,0.0,0.0,17.0,False,False,True,HALT_UNAVAILABLE,0.0,0.0,2.0,3.0,0.25,missing,research gate; empty does not prove clear space; out-of-order report grants no new authority,SIM-05,sim05_perception_degradation-000103,ASSUMED_SENSITIVITY,SENSITIVITY_RESULT
reference,20,1.5,1.5,2.0,1.0,0.0,0.0,17.0,False,False,True,HALT_UNAVAILABLE,0.0,0.0,2.0,3.0,0.25,out_of_order,research gate; empty does not prove clear space; out-of-order report grants no new authority,SIM-05,sim05_perception_degradation-000104,ASSUMED_SENSITIVITY,SENSITIVITY_RESULT
reference,20,1.5,1.5,2.0,1.0,4.316132902450839,15.53807844882302,0.0,True,True,False,RESTRICTED_MODEL,10.790332256127098,6.2096677438729015,19.0,20.0,1,valid_target,research gate; empty does not prove clear space; out-of-order report grants no new authority,SIM-05,sim05_perception_degradation-000105,ASSUMED_SENSITIVITY,SENSITIVITY_RESULT
reference,20,1.5,1.5,2.0,1.0,0.0,0.0,17.0,False,False,True,HALT_UNAVAILABLE,0.0,0.0,2.0,3.0,1,valid_empty,research gate; empty does not prove clear space; out-of-order report grants no new authority,SIM-05,sim05_perception_degradation-000106,ASSUMED_SENSITIVITY,SENSITIVITY_RESULT
reference,20,1.5,1.5,2.0,1.0,0.0,0.0,17.0,False,False,True,HALT_UNAVAILABLE,0.0,0.0,2.0,3.0,1,missing,research gate; empty does not prove clear space; out-of-order report grants no new authority,SIM-05,sim05_perception_degradation-000107,ASSUMED_SENSITIVITY,SENSITIVITY_RESULT
reference,20,1.5,1.5,2.0,1.0,0.0,0.0,17.0,False,False,True,HALT_UNAVAILABLE,0.0,0.0,2.0,3.0,1,out_of_order,research gate; empty does not prove clear space; out-of-order report grants no new authority,SIM-05,sim05_perception_degradation-000108,ASSUMED_SENSITIVITY,SENSITIVITY_RESULT
reference,20,1.5,1.5,2.0,1.0,0.0,0.0,17.0,False,False,True,HALT_UNAVAILABLE,0.0,0.0,2.0,3.0,1.1,valid_target,research gate; empty does not prove clear space; out-of-order report grants no new authority,SIM-05,sim05_perception_degradation-000109,ASSUMED_SENSITIVITY,SENSITIVITY_RESULT
reference,20,1.5,1.5,2.0,1.0,0.0,0.0,17.0,False,False,True,HALT_UNAVAILABLE,0.0,0.0,2.0,3.0,1.1,valid_empty,research gate; empty does not prove clear space; out-of-order report grants no new authority,SIM-05,sim05_perception_degradation-000110,ASSUMED_SENSITIVITY,SENSITIVITY_RESULT
reference,20,1.5,1.5,2.0,1.0,0.0,0.0,17.0,False,False,True,HALT_UNAVAILABLE,0.0,0.0,2.0,3.0,1.1,missing,research gate; empty does not prove clear space; out-of-order report grants no new authority,SIM-05,sim05_perception_degradation-000111,ASSUMED_SENSITIVITY,SENSITIVITY_RESULT
reference,20,1.5,1.5,2.0,1.0,0.0,0.0,17.0,False,False,True,HALT_UNAVAILABLE,0.0,0.0,2.0,3.0,1.1,out_of_order,research gate; empty does not prove clear space; out-of-order report grants no new authority,SIM-05,sim05_perception_degradation-000112,ASSUMED_SENSITIVITY,SENSITIVITY_RESULT
reference,20,1.5,1.5,2.0,5.0,4.387959023675877,15.796652485233157,0.0,True,True,False,RESTRICTED_MODEL,6.581938535513816,6.418061464486185,15.0,20.0,0,valid_target,research gate; empty does not prove clear space; out-of-order report grants no new authority,SIM-05,sim05_perception_degradation-000113,ASSUMED_SENSITIVITY,SENSITIVITY_RESULT
reference,20,1.5,1.5,2.0,5.0,0.0,0.0,13.0,False,False,True,HALT_UNAVAILABLE,0.0,0.0,2.0,7.0,0,valid_empty,research gate; empty does not prove clear space; out-of-order report grants no new authority,SIM-05,sim05_perception_degradation-000114,ASSUMED_SENSITIVITY,SENSITIVITY_RESULT
reference,20,1.5,1.5,2.0,5.0,0.0,0.0,13.0,False,False,True,HALT_UNAVAILABLE,0.0,0.0,2.0,7.0,0,missing,research gate; empty does not prove clear space; out-of-order report grants no new authority,SIM-05,sim05_perception_degradation-000115,ASSUMED_SENSITIVITY,SENSITIVITY_RESULT
reference,20,1.5,1.5,2.0,5.0,0.0,0.0,13.0,False,False,True,HALT_UNAVAILABLE,0.0,0.0,2.0,7.0,0,out_of_order,research gate; empty does not prove clear space; out-of-order report grants no new authority,SIM-05,sim05_perception_degradation-000116,ASSUMED_SENSITIVITY,SENSITIVITY_RESULT
reference,20,1.5,1.5,2.0,5.0,4.1492619524196135,14.93734302871061,3.552713678800501e-15,True,True,False,RESTRICTED_MODEL,7.261208416734323,5.738791583265674,14.999999999999996,19.999999999999996,0.25,valid_target,research gate; empty does not prove clear space; out-of-order report grants no new authority,SIM-05,sim05_perception_degradation-000117,ASSUMED_SENSITIVITY,SENSITIVITY_RESULT
reference,20,1.5,1.5,2.0,5.0,0.0,0.0,13.0,False,False,True,HALT_UNAVAILABLE,0.0,0.0,2.0,7.0,0.25,valid_empty,research gate; empty does not prove clear space; out-of-order report grants no new authority,SIM-05,sim05_perception_degradation-000118,ASSUMED_SENSITIVITY,SENSITIVITY_RESULT
reference,20,1.5,1.5,2.0,5.0,0.0,0.0,13.0,False,False,True,HALT_UNAVAILABLE,0.0,0.0,2.0,7.0,0.25,missing,research gate; empty does not prove clear space; out-of-order report grants no new authority,SIM-05,sim05_perception_degradation-000119,ASSUMED_SENSITIVITY,SENSITIVITY_RESULT
reference,20,1.5,1.5,2.0,5.0,0.0,0.0,13.0,False,False,True,HALT_UNAVAILABLE,0.0,0.0,2.0,7.0,0.25,out_of_order,research gate; empty does not prove clear space; out-of-order report grants no new authority,SIM-05,sim05_perception_degradation-000120,ASSUMED_SENSITIVITY,SENSITIVITY_RESULT
reference,20,1.5,1.5,2.0,5.0,3.5344011421667325,12.723844111800238,0.0,True,True,False,RESTRICTED_MODEL,8.836002855416831,4.163997144583168,15.0,20.0,1,valid_target,research gate; empty does not prove clear space; out-of-order report grants no new authority,SIM-05,sim05_perception_degradation-000121,ASSUMED_SENSITIVITY,SENSITIVITY_RESULT
reference,20,1.5,1.5,2.0,5.0,0.0,0.0,13.0,False,False,True,HALT_UNAVAILABLE,0.0,0.0,2.0,7.0,1,valid_empty,research gate; empty does not prove clear space; out-of-order report grants no new authority,SIM-05,sim05_perception_degradation-000122,ASSUMED_SENSITIVITY,SENSITIVITY_RESULT
reference,20,1.5,1.5,2.0,5.0,0.0,0.0,13.0,False,False,True,HALT_UNAVAILABLE,0.0,0.0,2.0,7.0,1,missing,research gate; empty does not prove clear space; out-of-order report grants no new authority,SIM-05,sim05_perception_degradation-000123,ASSUMED_SENSITIVITY,SENSITIVITY_RESULT
reference,20,1.5,1.5,2.0,5.0,0.0,0.0,13.0,False,False,True,HALT_UNAVAILABLE,0.0,0.0,2.0,7.0,1,out_of_order,research gate; empty does not prove clear space; out-of-order report grants no new authority,SIM-05,sim05_perception_degradation-000124,ASSUMED_SENSITIVITY,SENSITIVITY_RESULT
reference,20,1.5,1.5,2.0,5.0,0.0,0.0,13.0,False,False,True,HALT_UNAVAILABLE,0.0,0.0,2.0,7.0,1.1,valid_target,research gate; empty does not prove clear space; out-of-order report grants no new authority,SIM-05,sim05_perception_degradation-000125,ASSUMED_SENSITIVITY,SENSITIVITY_RESULT
reference,20,1.5,1.5,2.0,5.0,0.0,0.0,13.0,False,False,True,HALT_UNAVAILABLE,0.0,0.0,2.0,7.0,1.1,valid_empty,research gate; empty does not prove clear space; out-of-order report grants no new authority,SIM-05,sim05_perception_degradation-000126,ASSUMED_SENSITIVITY,SENSITIVITY_RESULT
reference,20,1.5,1.5,2.0,5.0,0.0,0.0,13.0,False,False,True,HALT_UNAVAILABLE,0.0,0.0,2.0,7.0,1.1,missing,research gate; empty does not prove clear space; out-of-order report grants no new authority,SIM-05,sim05_perception_degradation-000127,ASSUMED_SENSITIVITY,SENSITIVITY_RESULT
reference,20,1.5,1.5,2.0,5.0,0.0,0.0,13.0,False,False,True,HALT_UNAVAILABLE,0.0,0.0,2.0,7.0,1.1,out_of_order,research gate; empty does not prove clear space; out-of-order report grants no new authority,SIM-05,sim05_perception_degradation-000128,ASSUMED_SENSITIVITY,SENSITIVITY_RESULT
reference,40,1.5,1.5,2.0,1.0,5,18.0,21.166666666666664,True,False,False,MODEL_COMPATIBLE,7.5,8.333333333333334,17.833333333333336,18.833333333333336,0,valid_target,research gate; empty does not prove clear space; out-of-order report grants no new authority,SIM-05,sim05_perception_degradation-000129,ASSUMED_SENSITIVITY,SENSITIVITY_RESULT
reference,40,1.5,1.5,2.0,1.0,0.0,0.0,37.0,False,False,True,HALT_UNAVAILABLE,0.0,0.0,2.0,3.0,0,valid_empty,research gate; empty does not prove clear space; out-of-order report grants no new authority,SIM-05,sim05_perception_degradation-000130,ASSUMED_SENSITIVITY,SENSITIVITY_RESULT
reference,40,1.5,1.5,2.0,1.0,0.0,0.0,37.0,False,False,True,HALT_UNAVAILABLE,0.0,0.0,2.0,3.0,0,missing,research gate; empty does not prove clear space; out-of-order report grants no new authority,SIM-05,sim05_perception_degradation-000131,ASSUMED_SENSITIVITY,SENSITIVITY_RESULT
reference,40,1.5,1.5,2.0,1.0,0.0,0.0,37.0,False,False,True,HALT_UNAVAILABLE,0.0,0.0,2.0,3.0,0,out_of_order,research gate; empty does not prove clear space; out-of-order report grants no new authority,SIM-05,sim05_perception_degradation-000132,ASSUMED_SENSITIVITY,SENSITIVITY_RESULT
reference,40,1.5,1.5,2.0,1.0,5,18.0,19.916666666666664,True,False,False,MODEL_COMPATIBLE,8.75,8.333333333333334,19.083333333333336,20.083333333333336,0.25,valid_target,research gate; empty does not prove clear space; out-of-order report grants no new authority,SIM-05,sim05_perception_degradation-000133,ASSUMED_SENSITIVITY,SENSITIVITY_RESULT
reference,40,1.5,1.5,2.0,1.0,0.0,0.0,37.0,False,False,True,HALT_UNAVAILABLE,0.0,0.0,2.0,3.0,0.25,valid_empty,research gate; empty does not prove clear space; out-of-order report grants no new authority,SIM-05,sim05_perception_degradation-000134,ASSUMED_SENSITIVITY,SENSITIVITY_RESULT
reference,40,1.5,1.5,2.0,1.0,0.0,0.0,37.0,False,False,True,HALT_UNAVAILABLE,0.0,0.0,2.0,3.0,0.25,missing,research gate; empty does not prove clear space; out-of-order report grants no new authority,SIM-05,sim05_perception_degradation-000135,ASSUMED_SENSITIVITY,SENSITIVITY_RESULT
reference,40,1.5,1.5,2.0,1.0,0.0,0.0,37.0,False,False,True,HALT_UNAVAILABLE,0.0,0.0,2.0,3.0,0.25,out_of_order,research gate; empty does not prove clear space; out-of-order report grants no new authority,SIM-05,sim05_perception_degradation-000136,ASSUMED_SENSITIVITY,SENSITIVITY_RESULT
reference,40,1.5,1.5,2.0,1.0,5,18.0,16.166666666666664,True,False,False,MODEL_COMPATIBLE,12.5,8.333333333333334,22.833333333333336,23.833333333333336,1,valid_target,research gate; empty does not prove clear space; out-of-order report grants no new authority,SIM-05,sim05_perception_degradation-000137,ASSUMED_SENSITIVITY,SENSITIVITY_RESULT
reference,40,1.5,1.5,2.0,1.0,0.0,0.0,37.0,False,False,True,HALT_UNAVAILABLE,0.0,0.0,2.0,3.0,1,valid_empty,research gate; empty does not prove clear space; out-of-order report grants no new authority,SIM-05,sim05_perception_degradation-000138,ASSUMED_SENSITIVITY,SENSITIVITY_RESULT
reference,40,1.5,1.5,2.0,1.0,0.0,0.0,37.0,False,False,True,HALT_UNAVAILABLE,0.0,0.0,2.0,3.0,1,missing,research gate; empty does not prove clear space; out-of-order report grants no new authority,SIM-05,sim05_perception_degradation-000139,ASSUMED_SENSITIVITY,SENSITIVITY_RESULT
reference,40,1.5,1.5,2.0,1.0,0.0,0.0,37.0,False,False,True,HALT_UNAVAILABLE,0.0,0.0,2.0,3.0,1,out_of_order,research gate; empty does not prove clear space; out-of-order report grants no new authority,SIM-05,sim05_perception_degradation-000140,ASSUMED_SENSITIVITY,SENSITIVITY_RESULT
reference,40,1.5,1.5,2.0,1.0,0.0,0.0,37.0,False,False,True,HALT_UNAVAILABLE,0.0,0.0,2.0,3.0,1.1,valid_target,research gate; empty does not prove clear space; out-of-order report grants no new authority,SIM-05,sim05_perception_degradation-000141,ASSUMED_SENSITIVITY,SENSITIVITY_RESULT
reference,40,1.5,1.5,2.0,1.0,0.0,0.0,37.0,False,False,True,HALT_UNAVAILABLE,0.0,0.0,2.0,3.0,1.1,valid_empty,research gate; empty does not prove clear space; out-of-order report grants no new authority,SIM-05,sim05_perception_degradation-000142,ASSUMED_SENSITIVITY,SENSITIVITY_RESULT
reference,40,1.5,1.5,2.0,1.0,0.0,0.0,37.0,False,False,True,HALT_UNAVAILABLE,0.0,0.0,2.0,3.0,1.1,missing,research gate; empty does not prove clear space; out-of-order report grants no new authority,SIM-05,sim05_perception_degradation-000143,ASSUMED_SENSITIVITY,SENSITIVITY_RESULT
reference,40,1.5,1.5,2.0,1.0,0.0,0.0,37.0,False,False,True,HALT_UNAVAILABLE,0.0,0.0,2.0,3.0,1.1,out_of_order,research gate; empty does not prove clear space; out-of-order report grants no new authority,SIM-05,sim05_perception_degradation-000144,ASSUMED_SENSITIVITY,SENSITIVITY_RESULT
reference,40,1.5,1.5,2.0,5.0,5,18.0,17.166666666666664,True,False,False,MODEL_COMPATIBLE,7.5,8.333333333333334,17.833333333333336,22.833333333333336,0,valid_target,research gate; empty does not prove clear space; out-of-order report grants no new authority,SIM-05,sim05_perception_degradation-000145,ASSUMED_SENSITIVITY,SENSITIVITY_RESULT
reference,40,1.5,1.5,2.0,5.0,0.0,0.0,33.0,False,False,True,HALT_UNAVAILABLE,0.0,0.0,2.0,7.0,0,valid_empty,research gate; empty does not prove clear space; out-of-order report grants no new authority,SIM-05,sim05_perception_degradation-000146,ASSUMED_SENSITIVITY,SENSITIVITY_RESULT
reference,40,1.5,1.5,2.0,5.0,0.0,0.0,33.0,False,False,True,HALT_UNAVAILABLE,0.0,0.0,2.0,7.0,0,missing,research gate; empty does not prove clear space; out-of-order report grants no new authority,SIM-05,sim05_perception_degradation-000147,ASSUMED_SENSITIVITY,SENSITIVITY_RESULT
reference,40,1.5,1.5,2.0,5.0,0.0,0.0,33.0,False,False,True,HALT_UNAVAILABLE,0.0,0.0,2.0,7.0,0,out_of_order,research gate; empty does not prove clear space; out-of-order report grants no new authority,SIM-05,sim05_perception_degradation-000148,ASSUMED_SENSITIVITY,SENSITIVITY_RESULT
reference,40,1.5,1.5,2.0,5.0,5,18.0,15.916666666666664,True,False,False,MODEL_COMPATIBLE,8.75,8.333333333333334,19.083333333333336,24.083333333333336,0.25,valid_target,research gate; empty does not prove clear space; out-of-order report grants no new authority,SIM-05,sim05_perception_degradation-000149,ASSUMED_SENSITIVITY,SENSITIVITY_RESULT
reference,40,1.5,1.5,2.0,5.0,0.0,0.0,33.0,False,False,True,HALT_UNAVAILABLE,0.0,0.0,2.0,7.0,0.25,valid_empty,research gate; empty does not prove clear space; out-of-order report grants no new authority,SIM-05,sim05_perception_degradation-000150,ASSUMED_SENSITIVITY,SENSITIVITY_RESULT
reference,40,1.5,1.5,2.0,5.0,0.0,0.0,33.0,False,False,True,HALT_UNAVAILABLE,0.0,0.0,2.0,7.0,0.25,missing,research gate; empty does not prove clear space; out-of-order report grants no new authority,SIM-05,sim05_perception_degradation-000151,ASSUMED_SENSITIVITY,SENSITIVITY_RESULT
reference,40,1.5,1.5,2.0,5.0,0.0,0.0,33.0,False,False,True,HALT_UNAVAILABLE,0.0,0.0,2.0,7.0,0.25,out_of_order,research gate; empty does not prove clear space; out-of-order report grants no new authority,SIM-05,sim05_perception_degradation-000152,ASSUMED_SENSITIVITY,SENSITIVITY_RESULT
reference,40,1.5,1.5,2.0,5.0,5,18.0,12.166666666666664,True,False,False,MODEL_COMPATIBLE,12.5,8.333333333333334,22.833333333333336,27.833333333333336,1,valid_target,research gate; empty does not prove clear space; out-of-order report grants no new authority,SIM-05,sim05_perception_degradation-000153,ASSUMED_SENSITIVITY,SENSITIVITY_RESULT
reference,40,1.5,1.5,2.0,5.0,0.0,0.0,33.0,False,False,True,HALT_UNAVAILABLE,0.0,0.0,2.0,7.0,1,valid_empty,research gate; empty does not prove clear space; out-of-order report grants no new authority,SIM-05,sim05_perception_degradation-000154,ASSUMED_SENSITIVITY,SENSITIVITY_RESULT
reference,40,1.5,1.5,2.0,5.0,0.0,0.0,33.0,False,False,True,HALT_UNAVAILABLE,0.0,0.0,2.0,7.0,1,missing,research gate; empty does not prove clear space; out-of-order report grants no new authority,SIM-05,sim05_perception_degradation-000155,ASSUMED_SENSITIVITY,SENSITIVITY_RESULT
reference,40,1.5,1.5,2.0,5.0,0.0,0.0,33.0,False,False,True,HALT_UNAVAILABLE,0.0,0.0,2.0,7.0,1,out_of_order,research gate; empty does not prove clear space; out-of-order report grants no new authority,SIM-05,sim05_perception_degradation-000156,ASSUMED_SENSITIVITY,SENSITIVITY_RESULT
reference,40,1.5,1.5,2.0,5.0,0.0,0.0,33.0,False,False,True,HALT_UNAVAILABLE,0.0,0.0,2.0,7.0,1.1,valid_target,research gate; empty does not prove clear space; out-of-order report grants no new authority,SIM-05,sim05_perception_degradation-000157,ASSUMED_SENSITIVITY,SENSITIVITY_RESULT
reference,40,1.5,1.5,2.0,5.0,0.0,0.0,33.0,False,False,True,HALT_UNAVAILABLE,0.0,0.0,2.0,7.0,1.1,valid_empty,research gate; empty does not prove clear space; out-of-order report grants no new authority,SIM-05,sim05_perception_degradation-000158,ASSUMED_SENSITIVITY,SENSITIVITY_RESULT
reference,40,1.5,1.5,2.0,5.0,0.0,0.0,33.0,False,False,True,HALT_UNAVAILABLE,0.0,0.0,2.0,7.0,1.1,missing,research gate; empty does not prove clear space; out-of-order report grants no new authority,SIM-05,sim05_perception_degradation-000159,ASSUMED_SENSITIVITY,SENSITIVITY_RESULT
reference,40,1.5,1.5,2.0,5.0,0.0,0.0,33.0,False,False,True,HALT_UNAVAILABLE,0.0,0.0,2.0,7.0,1.1,out_of_order,research gate; empty does not prove clear space; out-of-order report grants no new authority,SIM-05,sim05_perception_degradation-000160,ASSUMED_SENSITIVITY,SENSITIVITY_RESULT
