parameter_set,trustworthy_perception_range_m,speed_mps,speed_kmph,response_time_s,effective_deceleration_mps2,margin_m,uncertainty_m,policy,range_case_m,visibility_m,fixed_fraction,nonfog_fraction,fog_fraction,desired_speed_mps,recovery_speed_mps,dwell_index,operation_available,restricted,halted,safety_margin_m,normalized_cycle_time,normalized_productivity,normalized_trips_per_unit_time,relative_throughput_index,fog_induced_delay_index,halt_fraction,restriction_fraction,simulation_id,scenario_id,input_provenance,result_class
favourable,4,3.0,10.8,0.5,3.0,0.5,0.5,visual_reference,3,4,0.4,0.3,0.3,5,5,0,True,True,False,0.0,1.2,0.8333333333333334,0.8333333333333334,0.8333333333333334,0.19999999999999996,0.0,0.4166666666666667,SIM-08,sim08_operational_continuity-000001,ASSUMED_SENSITIVITY,SENSITIVITY_RESULT
favourable,3,0,0.0,0.5,3.0,0.5,0.5,halt_reference,3,4,0.4,0.3,0.3,5,5,0,False,False,True,2.0,1.0,1.0,1.0,1.0,0.0,0.0,0.0,SIM-08,sim08_operational_continuity-000002,ASSUMED_SENSITIVITY,SENSITIVITY_RESULT
favourable,3,2.274917217635375,8.18970198348735,0.5,3.0,0.5,0.5,perception_concept,3,4,0.4,0.3,0.3,5,5,0,True,True,False,0.0,1.3593646522044218,0.7356377837089879,0.7356377837089879,0.7356377837089879,0.3593646522044218,0.0,0.48505355140370854,SIM-08,sim08_operational_continuity-000003,ASSUMED_SENSITIVITY,SENSITIVITY_RESULT
favourable,4,3.0,10.8,0.5,3.0,0.5,0.5,visual_reference,3,4,0.4,0.3,0.3,5,5,0.25,True,True,False,0.0,1.2,0.8333333333333334,0.8333333333333334,0.8333333333333334,0.19999999999999996,0.0,0.4166666666666667,SIM-08,sim08_operational_continuity-000004,ASSUMED_SENSITIVITY,SENSITIVITY_RESULT
favourable,3,0,0.0,0.5,3.0,0.5,0.5,halt_reference,3,4,0.4,0.3,0.3,5,5,0.25,False,False,True,2.0,1.25,0.8,0.8,0.8,0.25,0.2,0.0,SIM-08,sim08_operational_continuity-000005,ASSUMED_SENSITIVITY,SENSITIVITY_RESULT
favourable,3,2.274917217635375,8.18970198348735,0.5,3.0,0.5,0.5,perception_concept,3,4,0.4,0.3,0.3,5,5,0.25,True,True,False,0.0,1.3593646522044218,0.7356377837089879,0.7356377837089879,0.7356377837089879,0.3593646522044218,0.0,0.48505355140370854,SIM-08,sim08_operational_continuity-000006,ASSUMED_SENSITIVITY,SENSITIVITY_RESULT
favourable,4,3.0,10.8,0.5,3.0,0.5,0.5,visual_reference,3,4,0.4,0.3,0.3,5,5,1,True,True,False,0.0,1.2,0.8333333333333334,0.8333333333333334,0.8333333333333334,0.19999999999999996,0.0,0.4166666666666667,SIM-08,sim08_operational_continuity-000007,ASSUMED_SENSITIVITY,SENSITIVITY_RESULT
favourable,3,0,0.0,0.5,3.0,0.5,0.5,halt_reference,3,4,0.4,0.3,0.3,5,5,1,False,False,True,2.0,2.0,0.5,0.5,0.5,1.0,0.5,0.0,SIM-08,sim08_operational_continuity-000008,ASSUMED_SENSITIVITY,SENSITIVITY_RESULT
favourable,3,2.274917217635375,8.18970198348735,0.5,3.0,0.5,0.5,perception_concept,3,4,0.4,0.3,0.3,5,5,1,True,True,False,0.0,1.3593646522044218,0.7356377837089879,0.7356377837089879,0.7356377837089879,0.3593646522044218,0.0,0.48505355140370854,SIM-08,sim08_operational_continuity-000009,ASSUMED_SENSITIVITY,SENSITIVITY_RESULT
favourable,4,3.0,10.8,0.5,3.0,0.5,0.5,visual_reference,5,4,0.4,0.3,0.3,5,5,0,True,True,False,0.0,1.2,0.8333333333333334,0.8333333333333334,0.8333333333333334,0.19999999999999996,0.0,0.4166666666666667,SIM-08,sim08_operational_continuity-000010,ASSUMED_SENSITIVITY,SENSITIVITY_RESULT
favourable,5,0,0.0,0.5,3.0,0.5,0.5,halt_reference,5,4,0.4,0.3,0.3,5,5,0,False,False,True,4.0,1.0,1.0,1.0,1.0,0.0,0.0,0.0,SIM-08,sim08_operational_continuity-000011,ASSUMED_SENSITIVITY,SENSITIVITY_RESULT
favourable,5,3.6234753829797994,13.044511378727279,0.5,3.0,0.5,0.5,perception_concept,5,4,0.4,0.3,0.3,5,5,0,True,True,False,0.0,1.1139672114362373,0.8976924901682704,0.8976924901682704,0.8976924901682704,0.11396721143623734,0.0,0.37161525688221086,SIM-08,sim08_operational_continuity-000012,ASSUMED_SENSITIVITY,SENSITIVITY_RESULT
favourable,4,3.0,10.8,0.5,3.0,0.5,0.5,visual_reference,5,4,0.4,0.3,0.3,5,5,0.25,True,True,False,0.0,1.2,0.8333333333333334,0.8333333333333334,0.8333333333333334,0.19999999999999996,0.0,0.4166666666666667,SIM-08,sim08_operational_continuity-000013,ASSUMED_SENSITIVITY,SENSITIVITY_RESULT
favourable,5,0,0.0,0.5,3.0,0.5,0.5,halt_reference,5,4,0.4,0.3,0.3,5,5,0.25,False,False,True,4.0,1.25,0.8,0.8,0.8,0.25,0.2,0.0,SIM-08,sim08_operational_continuity-000014,ASSUMED_SENSITIVITY,SENSITIVITY_RESULT
favourable,5,3.6234753829797994,13.044511378727279,0.5,3.0,0.5,0.5,perception_concept,5,4,0.4,0.3,0.3,5,5,0.25,True,True,False,0.0,1.1139672114362373,0.8976924901682704,0.8976924901682704,0.8976924901682704,0.11396721143623734,0.0,0.37161525688221086,SIM-08,sim08_operational_continuity-000015,ASSUMED_SENSITIVITY,SENSITIVITY_RESULT
favourable,4,3.0,10.8,0.5,3.0,0.5,0.5,visual_reference,5,4,0.4,0.3,0.3,5,5,1,True,True,False,0.0,1.2,0.8333333333333334,0.8333333333333334,0.8333333333333334,0.19999999999999996,0.0,0.4166666666666667,SIM-08,sim08_operational_continuity-000016,ASSUMED_SENSITIVITY,SENSITIVITY_RESULT
favourable,5,0,0.0,0.5,3.0,0.5,0.5,halt_reference,5,4,0.4,0.3,0.3,5,5,1,False,False,True,4.0,2.0,0.5,0.5,0.5,1.0,0.5,0.0,SIM-08,sim08_operational_continuity-000017,ASSUMED_SENSITIVITY,SENSITIVITY_RESULT
favourable,5,3.6234753829797994,13.044511378727279,0.5,3.0,0.5,0.5,perception_concept,5,4,0.4,0.3,0.3,5,5,1,True,True,False,0.0,1.1139672114362373,0.8976924901682704,0.8976924901682704,0.8976924901682704,0.11396721143623734,0.0,0.37161525688221086,SIM-08,sim08_operational_continuity-000018,ASSUMED_SENSITIVITY,SENSITIVITY_RESULT
favourable,4,3.0,10.8,0.5,3.0,0.5,0.5,visual_reference,10,4,0.4,0.3,0.3,5,5,0,True,True,False,0.0,1.2,0.8333333333333334,0.8333333333333334,0.8333333333333334,0.19999999999999996,0.0,0.4166666666666667,SIM-08,sim08_operational_continuity-000019,ASSUMED_SENSITIVITY,SENSITIVITY_RESULT
favourable,10,0,0.0,0.5,3.0,0.5,0.5,halt_reference,10,4,0.4,0.3,0.3,5,5,0,False,False,True,9.0,1.0,1.0,1.0,1.0,0.0,0.0,0.0,SIM-08,sim08_operational_continuity-000020,ASSUMED_SENSITIVITY,SENSITIVITY_RESULT
favourable,10,5,18.0,0.5,3.0,0.5,0.5,perception_concept,10,4,0.4,0.3,0.3,5,5,0,True,False,False,2.333333333333333,1.0,1.0,1.0,1.0,0.0,0.0,0.0,SIM-08,sim08_operational_continuity-000021,ASSUMED_SENSITIVITY,SENSITIVITY_RESULT
favourable,4,3.0,10.8,0.5,3.0,0.5,0.5,visual_reference,10,4,0.4,0.3,0.3,5,5,0.25,True,True,False,0.0,1.2,0.8333333333333334,0.8333333333333334,0.8333333333333334,0.19999999999999996,0.0,0.4166666666666667,SIM-08,sim08_operational_continuity-000022,ASSUMED_SENSITIVITY,SENSITIVITY_RESULT
favourable,10,0,0.0,0.5,3.0,0.5,0.5,halt_reference,10,4,0.4,0.3,0.3,5,5,0.25,False,False,True,9.0,1.25,0.8,0.8,0.8,0.25,0.2,0.0,SIM-08,sim08_operational_continuity-000023,ASSUMED_SENSITIVITY,SENSITIVITY_RESULT
favourable,10,5,18.0,0.5,3.0,0.5,0.5,perception_concept,10,4,0.4,0.3,0.3,5,5,0.25,True,False,False,2.333333333333333,1.0,1.0,1.0,1.0,0.0,0.0,0.0,SIM-08,sim08_operational_continuity-000024,ASSUMED_SENSITIVITY,SENSITIVITY_RESULT
favourable,4,3.0,10.8,0.5,3.0,0.5,0.5,visual_reference,10,4,0.4,0.3,0.3,5,5,1,True,True,False,0.0,1.2,0.8333333333333334,0.8333333333333334,0.8333333333333334,0.19999999999999996,0.0,0.4166666666666667,SIM-08,sim08_operational_continuity-000025,ASSUMED_SENSITIVITY,SENSITIVITY_RESULT
favourable,10,0,0.0,0.5,3.0,0.5,0.5,halt_reference,10,4,0.4,0.3,0.3,5,5,1,False,False,True,9.0,2.0,0.5,0.5,0.5,1.0,0.5,0.0,SIM-08,sim08_operational_continuity-000026,ASSUMED_SENSITIVITY,SENSITIVITY_RESULT
favourable,10,5,18.0,0.5,3.0,0.5,0.5,perception_concept,10,4,0.4,0.3,0.3,5,5,1,True,False,False,2.333333333333333,1.0,1.0,1.0,1.0,0.0,0.0,0.0,SIM-08,sim08_operational_continuity-000027,ASSUMED_SENSITIVITY,SENSITIVITY_RESULT
favourable,4,3.0,10.8,0.5,3.0,0.5,0.5,visual_reference,20,4,0.4,0.3,0.3,5,5,0,True,True,False,0.0,1.2,0.8333333333333334,0.8333333333333334,0.8333333333333334,0.19999999999999996,0.0,0.4166666666666667,SIM-08,sim08_operational_continuity-000028,ASSUMED_SENSITIVITY,SENSITIVITY_RESULT
favourable,20,0,0.0,0.5,3.0,0.5,0.5,halt_reference,20,4,0.4,0.3,0.3,5,5,0,False,False,True,19.0,1.0,1.0,1.0,1.0,0.0,0.0,0.0,SIM-08,sim08_operational_continuity-000029,ASSUMED_SENSITIVITY,SENSITIVITY_RESULT
favourable,20,5,18.0,0.5,3.0,0.5,0.5,perception_concept,20,4,0.4,0.3,0.3,5,5,0,True,False,False,12.333333333333332,1.0,1.0,1.0,1.0,0.0,0.0,0.0,SIM-08,sim08_operational_continuity-000030,ASSUMED_SENSITIVITY,SENSITIVITY_RESULT
favourable,4,3.0,10.8,0.5,3.0,0.5,0.5,visual_reference,20,4,0.4,0.3,0.3,5,5,0.25,True,True,False,0.0,1.2,0.8333333333333334,0.8333333333333334,0.8333333333333334,0.19999999999999996,0.0,0.4166666666666667,SIM-08,sim08_operational_continuity-000031,ASSUMED_SENSITIVITY,SENSITIVITY_RESULT
favourable,20,0,0.0,0.5,3.0,0.5,0.5,halt_reference,20,4,0.4,0.3,0.3,5,5,0.25,False,False,True,19.0,1.25,0.8,0.8,0.8,0.25,0.2,0.0,SIM-08,sim08_operational_continuity-000032,ASSUMED_SENSITIVITY,SENSITIVITY_RESULT
favourable,20,5,18.0,0.5,3.0,0.5,0.5,perception_concept,20,4,0.4,0.3,0.3,5,5,0.25,True,False,False,12.333333333333332,1.0,1.0,1.0,1.0,0.0,0.0,0.0,SIM-08,sim08_operational_continuity-000033,ASSUMED_SENSITIVITY,SENSITIVITY_RESULT
favourable,4,3.0,10.8,0.5,3.0,0.5,0.5,visual_reference,20,4,0.4,0.3,0.3,5,5,1,True,True,False,0.0,1.2,0.8333333333333334,0.8333333333333334,0.8333333333333334,0.19999999999999996,0.0,0.4166666666666667,SIM-08,sim08_operational_continuity-000034,ASSUMED_SENSITIVITY,SENSITIVITY_RESULT
favourable,20,0,0.0,0.5,3.0,0.5,0.5,halt_reference,20,4,0.4,0.3,0.3,5,5,1,False,False,True,19.0,2.0,0.5,0.5,0.5,1.0,0.5,0.0,SIM-08,sim08_operational_continuity-000035,ASSUMED_SENSITIVITY,SENSITIVITY_RESULT
favourable,20,5,18.0,0.5,3.0,0.5,0.5,perception_concept,20,4,0.4,0.3,0.3,5,5,1,True,False,False,12.333333333333332,1.0,1.0,1.0,1.0,0.0,0.0,0.0,SIM-08,sim08_operational_continuity-000036,ASSUMED_SENSITIVITY,SENSITIVITY_RESULT
favourable,4,3.0,10.8,0.5,3.0,0.5,0.5,visual_reference,40,4,0.4,0.3,0.3,5,5,0,True,True,False,0.0,1.2,0.8333333333333334,0.8333333333333334,0.8333333333333334,0.19999999999999996,0.0,0.4166666666666667,SIM-08,sim08_operational_continuity-000037,ASSUMED_SENSITIVITY,SENSITIVITY_RESULT
favourable,40,0,0.0,0.5,3.0,0.5,0.5,halt_reference,40,4,0.4,0.3,0.3,5,5,0,False,False,True,39.0,1.0,1.0,1.0,1.0,0.0,0.0,0.0,SIM-08,sim08_operational_continuity-000038,ASSUMED_SENSITIVITY,SENSITIVITY_RESULT
favourable,40,5,18.0,0.5,3.0,0.5,0.5,perception_concept,40,4,0.4,0.3,0.3,5,5,0,True,False,False,32.333333333333336,1.0,1.0,1.0,1.0,0.0,0.0,0.0,SIM-08,sim08_operational_continuity-000039,ASSUMED_SENSITIVITY,SENSITIVITY_RESULT
favourable,4,3.0,10.8,0.5,3.0,0.5,0.5,visual_reference,40,4,0.4,0.3,0.3,5,5,0.25,True,True,False,0.0,1.2,0.8333333333333334,0.8333333333333334,0.8333333333333334,0.19999999999999996,0.0,0.4166666666666667,SIM-08,sim08_operational_continuity-000040,ASSUMED_SENSITIVITY,SENSITIVITY_RESULT
favourable,40,0,0.0,0.5,3.0,0.5,0.5,halt_reference,40,4,0.4,0.3,0.3,5,5,0.25,False,False,True,39.0,1.25,0.8,0.8,0.8,0.25,0.2,0.0,SIM-08,sim08_operational_continuity-000041,ASSUMED_SENSITIVITY,SENSITIVITY_RESULT
favourable,40,5,18.0,0.5,3.0,0.5,0.5,perception_concept,40,4,0.4,0.3,0.3,5,5,0.25,True,False,False,32.333333333333336,1.0,1.0,1.0,1.0,0.0,0.0,0.0,SIM-08,sim08_operational_continuity-000042,ASSUMED_SENSITIVITY,SENSITIVITY_RESULT
favourable,4,3.0,10.8,0.5,3.0,0.5,0.5,visual_reference,40,4,0.4,0.3,0.3,5,5,1,True,True,False,0.0,1.2,0.8333333333333334,0.8333333333333334,0.8333333333333334,0.19999999999999996,0.0,0.4166666666666667,SIM-08,sim08_operational_continuity-000043,ASSUMED_SENSITIVITY,SENSITIVITY_RESULT
favourable,40,0,0.0,0.5,3.0,0.5,0.5,halt_reference,40,4,0.4,0.3,0.3,5,5,1,False,False,True,39.0,2.0,0.5,0.5,0.5,1.0,0.5,0.0,SIM-08,sim08_operational_continuity-000044,ASSUMED_SENSITIVITY,SENSITIVITY_RESULT
favourable,40,5,18.0,0.5,3.0,0.5,0.5,perception_concept,40,4,0.4,0.3,0.3,5,5,1,True,False,False,32.333333333333336,1.0,1.0,1.0,1.0,0.0,0.0,0.0,SIM-08,sim08_operational_continuity-000045,ASSUMED_SENSITIVITY,SENSITIVITY_RESULT
reference,4,0.5894541729001368,2.1220350224404925,1.5,1.5,2.0,1.0,visual_reference,3,4,0.4,0.3,0.3,5,5,0,True,True,False,0.0,3.2447270864500686,0.30819232969576543,0.30819232969576543,0.30819232969576543,2.2447270864500686,0.0,0.7842653692129641,SIM-08,sim08_operational_continuity-000046,ASSUMED_SENSITIVITY,SENSITIVITY_RESULT
reference,3,0,0.0,1.5,1.5,2.0,1.0,halt_reference,3,4,0.4,0.3,0.3,5,5,0,False,False,True,0.0,1.0,1.0,1.0,1.0,0.0,0.0,0.0,SIM-08,sim08_operational_continuity-000047,ASSUMED_SENSITIVITY,SENSITIVITY_RESULT
reference,3,0.0,0.0,1.5,1.5,2.0,1.0,perception_concept,3,4,0.4,0.3,0.3,5,5,0,False,False,True,0.0,1.0,1.0,1.0,1.0,0.0,0.0,0.0,SIM-08,sim08_operational_continuity-000048,ASSUMED_SENSITIVITY,SENSITIVITY_RESULT
reference,4,0.5894541729001368,2.1220350224404925,1.5,1.5,2.0,1.0,visual_reference,3,4,0.4,0.3,0.3,5,5,0.25,True,True,False,0.0,3.2447270864500686,0.30819232969576543,0.30819232969576543,0.30819232969576543,2.2447270864500686,0.0,0.7842653692129641,SIM-08,sim08_operational_continuity-000049,ASSUMED_SENSITIVITY,SENSITIVITY_RESULT
reference,3,0,0.0,1.5,1.5,2.0,1.0,halt_reference,3,4,0.4,0.3,0.3,5,5,0.25,False,False,True,0.0,1.25,0.8,0.8,0.8,0.25,0.2,0.0,SIM-08,sim08_operational_continuity-000050,ASSUMED_SENSITIVITY,SENSITIVITY_RESULT
reference,3,0.0,0.0,1.5,1.5,2.0,1.0,perception_concept,3,4,0.4,0.3,0.3,5,5,0.25,False,False,True,0.0,1.25,0.8,0.8,0.8,0.25,0.2,0.0,SIM-08,sim08_operational_continuity-000051,ASSUMED_SENSITIVITY,SENSITIVITY_RESULT
reference,4,0.5894541729001368,2.1220350224404925,1.5,1.5,2.0,1.0,visual_reference,3,4,0.4,0.3,0.3,5,5,1,True,True,False,0.0,3.2447270864500686,0.30819232969576543,0.30819232969576543,0.30819232969576543,2.2447270864500686,0.0,0.7842653692129641,SIM-08,sim08_operational_continuity-000052,ASSUMED_SENSITIVITY,SENSITIVITY_RESULT
reference,3,0,0.0,1.5,1.5,2.0,1.0,halt_reference,3,4,0.4,0.3,0.3,5,5,1,False,False,True,0.0,2.0,0.5,0.5,0.5,1.0,0.5,0.0,SIM-08,sim08_operational_continuity-000053,ASSUMED_SENSITIVITY,SENSITIVITY_RESULT
reference,3,0.0,0.0,1.5,1.5,2.0,1.0,perception_concept,3,4,0.4,0.3,0.3,5,5,1,False,False,True,0.0,2.0,0.5,0.5,0.5,1.0,0.5,0.0,SIM-08,sim08_operational_continuity-000054,ASSUMED_SENSITIVITY,SENSITIVITY_RESULT
reference,4,0.5894541729001368,2.1220350224404925,1.5,1.5,2.0,1.0,visual_reference,5,4,0.4,0.3,0.3,5,5,0,True,True,False,0.0,3.2447270864500686,0.30819232969576543,0.30819232969576543,0.30819232969576543,2.2447270864500686,0.0,0.7842653692129641,SIM-08,sim08_operational_continuity-000055,ASSUMED_SENSITIVITY,SENSITIVITY_RESULT
reference,5,0,0.0,1.5,1.5,2.0,1.0,halt_reference,5,4,0.4,0.3,0.3,5,5,0,False,False,True,2.0,1.0,1.0,1.0,1.0,0.0,0.0,0.0,SIM-08,sim08_operational_continuity-000056,ASSUMED_SENSITIVITY,SENSITIVITY_RESULT
reference,5,1.0760336739125176,3.8737212260850633,1.5,1.5,2.0,1.0,perception_concept,5,4,0.4,0.3,0.3,5,5,0,True,True,False,0.0,2.0940084184781296,0.47755299891620007,0.47755299891620007,0.47755299891620007,1.0940084184781296,0.0,0.66571290075866,SIM-08,sim08_operational_continuity-000057,ASSUMED_SENSITIVITY,SENSITIVITY_RESULT
reference,4,0.5894541729001368,2.1220350224404925,1.5,1.5,2.0,1.0,visual_reference,5,4,0.4,0.3,0.3,5,5,0.25,True,True,False,0.0,3.2447270864500686,0.30819232969576543,0.30819232969576543,0.30819232969576543,2.2447270864500686,0.0,0.7842653692129641,SIM-08,sim08_operational_continuity-000058,ASSUMED_SENSITIVITY,SENSITIVITY_RESULT
reference,5,0,0.0,1.5,1.5,2.0,1.0,halt_reference,5,4,0.4,0.3,0.3,5,5,0.25,False,False,True,2.0,1.25,0.8,0.8,0.8,0.25,0.2,0.0,SIM-08,sim08_operational_continuity-000059,ASSUMED_SENSITIVITY,SENSITIVITY_RESULT
reference,5,1.0760336739125176,3.8737212260850633,1.5,1.5,2.0,1.0,perception_concept,5,4,0.4,0.3,0.3,5,5,0.25,True,True,False,0.0,2.0940084184781296,0.47755299891620007,0.47755299891620007,0.47755299891620007,1.0940084184781296,0.0,0.66571290075866,SIM-08,sim08_operational_continuity-000060,ASSUMED_SENSITIVITY,SENSITIVITY_RESULT
reference,4,0.5894541729001368,2.1220350224404925,1.5,1.5,2.0,1.0,visual_reference,5,4,0.4,0.3,0.3,5,5,1,True,True,False,0.0,3.2447270864500686,0.30819232969576543,0.30819232969576543,0.30819232969576543,2.2447270864500686,0.0,0.7842653692129641,SIM-08,sim08_operational_continuity-000061,ASSUMED_SENSITIVITY,SENSITIVITY_RESULT
reference,5,0,0.0,1.5,1.5,2.0,1.0,halt_reference,5,4,0.4,0.3,0.3,5,5,1,False,False,True,2.0,2.0,0.5,0.5,0.5,1.0,0.5,0.0,SIM-08,sim08_operational_continuity-000062,ASSUMED_SENSITIVITY,SENSITIVITY_RESULT
reference,5,1.0760336739125176,3.8737212260850633,1.5,1.5,2.0,1.0,perception_concept,5,4,0.4,0.3,0.3,5,5,1,True,True,False,0.0,2.0940084184781296,0.47755299891620007,0.47755299891620007,0.47755299891620007,1.0940084184781296,0.0,0.66571290075866,SIM-08,sim08_operational_continuity-000063,ASSUMED_SENSITIVITY,SENSITIVITY_RESULT
reference,4,0.5894541729001368,2.1220350224404925,1.5,1.5,2.0,1.0,visual_reference,10,4,0.4,0.3,0.3,5,5,0,True,True,False,0.0,3.2447270864500686,0.30819232969576543,0.30819232969576543,0.30819232969576543,2.2447270864500686,0.0,0.7842653692129641,SIM-08,sim08_operational_continuity-000064,ASSUMED_SENSITIVITY,SENSITIVITY_RESULT
reference,10,0,0.0,1.5,1.5,2.0,1.0,halt_reference,10,4,0.4,0.3,0.3,5,5,0,False,False,True,7.0,1.0,1.0,1.0,1.0,0.0,0.0,0.0,SIM-08,sim08_operational_continuity-000065,ASSUMED_SENSITIVITY,SENSITIVITY_RESULT
reference,10,2.855144464165534,10.278520070995922,1.5,1.5,2.0,1.0,perception_concept,10,4,0.4,0.3,0.3,5,5,0,True,True,False,0.0,1.2253674617261097,0.816081731590419,0.816081731590419,0.816081731590419,0.22536746172610966,0.0,0.42874278788670667,SIM-08,sim08_operational_continuity-000066,ASSUMED_SENSITIVITY,SENSITIVITY_RESULT
reference,4,0.5894541729001368,2.1220350224404925,1.5,1.5,2.0,1.0,visual_reference,10,4,0.4,0.3,0.3,5,5,0.25,True,True,False,0.0,3.2447270864500686,0.30819232969576543,0.30819232969576543,0.30819232969576543,2.2447270864500686,0.0,0.7842653692129641,SIM-08,sim08_operational_continuity-000067,ASSUMED_SENSITIVITY,SENSITIVITY_RESULT
reference,10,0,0.0,1.5,1.5,2.0,1.0,halt_reference,10,4,0.4,0.3,0.3,5,5,0.25,False,False,True,7.0,1.25,0.8,0.8,0.8,0.25,0.2,0.0,SIM-08,sim08_operational_continuity-000068,ASSUMED_SENSITIVITY,SENSITIVITY_RESULT
reference,10,2.855144464165534,10.278520070995922,1.5,1.5,2.0,1.0,perception_concept,10,4,0.4,0.3,0.3,5,5,0.25,True,True,False,0.0,1.2253674617261097,0.816081731590419,0.816081731590419,0.816081731590419,0.22536746172610966,0.0,0.42874278788670667,SIM-08,sim08_operational_continuity-000069,ASSUMED_SENSITIVITY,SENSITIVITY_RESULT
reference,4,0.5894541729001368,2.1220350224404925,1.5,1.5,2.0,1.0,visual_reference,10,4,0.4,0.3,0.3,5,5,1,True,True,False,0.0,3.2447270864500686,0.30819232969576543,0.30819232969576543,0.30819232969576543,2.2447270864500686,0.0,0.7842653692129641,SIM-08,sim08_operational_continuity-000070,ASSUMED_SENSITIVITY,SENSITIVITY_RESULT
reference,10,0,0.0,1.5,1.5,2.0,1.0,halt_reference,10,4,0.4,0.3,0.3,5,5,1,False,False,True,7.0,2.0,0.5,0.5,0.5,1.0,0.5,0.0,SIM-08,sim08_operational_continuity-000071,ASSUMED_SENSITIVITY,SENSITIVITY_RESULT
reference,10,2.855144464165534,10.278520070995922,1.5,1.5,2.0,1.0,perception_concept,10,4,0.4,0.3,0.3,5,5,1,True,True,False,0.0,1.2253674617261097,0.816081731590419,0.816081731590419,0.816081731590419,0.22536746172610966,0.0,0.42874278788670667,SIM-08,sim08_operational_continuity-000072,ASSUMED_SENSITIVITY,SENSITIVITY_RESULT
reference,4,0.5894541729001368,2.1220350224404925,1.5,1.5,2.0,1.0,visual_reference,20,4,0.4,0.3,0.3,5,5,0,True,True,False,0.0,3.2447270864500686,0.30819232969576543,0.30819232969576543,0.30819232969576543,2.2447270864500686,0.0,0.7842653692129641,SIM-08,sim08_operational_continuity-000073,ASSUMED_SENSITIVITY,SENSITIVITY_RESULT
reference,20,0,0.0,1.5,1.5,2.0,1.0,halt_reference,20,4,0.4,0.3,0.3,5,5,0,False,False,True,17.0,1.0,1.0,1.0,1.0,0.0,0.0,0.0,SIM-08,sim08_operational_continuity-000074,ASSUMED_SENSITIVITY,SENSITIVITY_RESULT
reference,20,5,18.0,1.5,1.5,2.0,1.0,perception_concept,20,4,0.4,0.3,0.3,5,5,0,True,False,False,1.1666666666666643,1.0,1.0,1.0,1.0,0.0,0.0,0.0,SIM-08,sim08_operational_continuity-000075,ASSUMED_SENSITIVITY,SENSITIVITY_RESULT
reference,4,0.5894541729001368,2.1220350224404925,1.5,1.5,2.0,1.0,visual_reference,20,4,0.4,0.3,0.3,5,5,0.25,True,True,False,0.0,3.2447270864500686,0.30819232969576543,0.30819232969576543,0.30819232969576543,2.2447270864500686,0.0,0.7842653692129641,SIM-08,sim08_operational_continuity-000076,ASSUMED_SENSITIVITY,SENSITIVITY_RESULT
reference,20,0,0.0,1.5,1.5,2.0,1.0,halt_reference,20,4,0.4,0.3,0.3,5,5,0.25,False,False,True,17.0,1.25,0.8,0.8,0.8,0.25,0.2,0.0,SIM-08,sim08_operational_continuity-000077,ASSUMED_SENSITIVITY,SENSITIVITY_RESULT
reference,20,5,18.0,1.5,1.5,2.0,1.0,perception_concept,20,4,0.4,0.3,0.3,5,5,0.25,True,False,False,1.1666666666666643,1.0,1.0,1.0,1.0,0.0,0.0,0.0,SIM-08,sim08_operational_continuity-000078,ASSUMED_SENSITIVITY,SENSITIVITY_RESULT
reference,4,0.5894541729001368,2.1220350224404925,1.5,1.5,2.0,1.0,visual_reference,20,4,0.4,0.3,0.3,5,5,1,True,True,False,0.0,3.2447270864500686,0.30819232969576543,0.30819232969576543,0.30819232969576543,2.2447270864500686,0.0,0.7842653692129641,SIM-08,sim08_operational_continuity-000079,ASSUMED_SENSITIVITY,SENSITIVITY_RESULT
reference,20,0,0.0,1.5,1.5,2.0,1.0,halt_reference,20,4,0.4,0.3,0.3,5,5,1,False,False,True,17.0,2.0,0.5,0.5,0.5,1.0,0.5,0.0,SIM-08,sim08_operational_continuity-000080,ASSUMED_SENSITIVITY,SENSITIVITY_RESULT
reference,20,5,18.0,1.5,1.5,2.0,1.0,perception_concept,20,4,0.4,0.3,0.3,5,5,1,True,False,False,1.1666666666666643,1.0,1.0,1.0,1.0,0.0,0.0,0.0,SIM-08,sim08_operational_continuity-000081,ASSUMED_SENSITIVITY,SENSITIVITY_RESULT
reference,4,0.5894541729001368,2.1220350224404925,1.5,1.5,2.0,1.0,visual_reference,40,4,0.4,0.3,0.3,5,5,0,True,True,False,0.0,3.2447270864500686,0.30819232969576543,0.30819232969576543,0.30819232969576543,2.2447270864500686,0.0,0.7842653692129641,SIM-08,sim08_operational_continuity-000082,ASSUMED_SENSITIVITY,SENSITIVITY_RESULT
reference,40,0,0.0,1.5,1.5,2.0,1.0,halt_reference,40,4,0.4,0.3,0.3,5,5,0,False,False,True,37.0,1.0,1.0,1.0,1.0,0.0,0.0,0.0,SIM-08,sim08_operational_continuity-000083,ASSUMED_SENSITIVITY,SENSITIVITY_RESULT
reference,40,5,18.0,1.5,1.5,2.0,1.0,perception_concept,40,4,0.4,0.3,0.3,5,5,0,True,False,False,21.166666666666664,1.0,1.0,1.0,1.0,0.0,0.0,0.0,SIM-08,sim08_operational_continuity-000084,ASSUMED_SENSITIVITY,SENSITIVITY_RESULT
reference,4,0.5894541729001368,2.1220350224404925,1.5,1.5,2.0,1.0,visual_reference,40,4,0.4,0.3,0.3,5,5,0.25,True,True,False,0.0,3.2447270864500686,0.30819232969576543,0.30819232969576543,0.30819232969576543,2.2447270864500686,0.0,0.7842653692129641,SIM-08,sim08_operational_continuity-000085,ASSUMED_SENSITIVITY,SENSITIVITY_RESULT
reference,40,0,0.0,1.5,1.5,2.0,1.0,halt_reference,40,4,0.4,0.3,0.3,5,5,0.25,False,False,True,37.0,1.25,0.8,0.8,0.8,0.25,0.2,0.0,SIM-08,sim08_operational_continuity-000086,ASSUMED_SENSITIVITY,SENSITIVITY_RESULT
reference,40,5,18.0,1.5,1.5,2.0,1.0,perception_concept,40,4,0.4,0.3,0.3,5,5,0.25,True,False,False,21.166666666666664,1.0,1.0,1.0,1.0,0.0,0.0,0.0,SIM-08,sim08_operational_continuity-000087,ASSUMED_SENSITIVITY,SENSITIVITY_RESULT
reference,4,0.5894541729001368,2.1220350224404925,1.5,1.5,2.0,1.0,visual_reference,40,4,0.4,0.3,0.3,5,5,1,True,True,False,0.0,3.2447270864500686,0.30819232969576543,0.30819232969576543,0.30819232969576543,2.2447270864500686,0.0,0.7842653692129641,SIM-08,sim08_operational_continuity-000088,ASSUMED_SENSITIVITY,SENSITIVITY_RESULT
reference,40,0,0.0,1.5,1.5,2.0,1.0,halt_reference,40,4,0.4,0.3,0.3,5,5,1,False,False,True,37.0,2.0,0.5,0.5,0.5,1.0,0.5,0.0,SIM-08,sim08_operational_continuity-000089,ASSUMED_SENSITIVITY,SENSITIVITY_RESULT
reference,40,5,18.0,1.5,1.5,2.0,1.0,perception_concept,40,4,0.4,0.3,0.3,5,5,1,True,False,False,21.166666666666664,1.0,1.0,1.0,1.0,0.0,0.0,0.0,SIM-08,sim08_operational_continuity-000090,ASSUMED_SENSITIVITY,SENSITIVITY_RESULT
adverse,4,0.0,0.0,2.5,0.5,5.0,5.0,visual_reference,3,4,0.4,0.3,0.3,5,4.368051263561058,0,False,False,True,-6.0,1.0434025631780528,0.9584028593471585,0.9584028593471585,0.9584028593471585,0.0434025631780528,0.0,0.0,SIM-08,sim08_operational_continuity-000091,ASSUMED_SENSITIVITY,SENSITIVITY_RESULT
adverse,3,0,0.0,2.5,0.5,5.0,5.0,halt_reference,3,4,0.4,0.3,0.3,5,4.368051263561058,0,False,False,True,-7.0,1.0434025631780528,0.9584028593471585,0.9584028593471585,0.9584028593471585,0.0434025631780528,0.0,0.0,SIM-08,sim08_operational_continuity-000092,ASSUMED_SENSITIVITY,SENSITIVITY_RESULT
adverse,3,0.0,0.0,2.5,0.5,5.0,5.0,perception_concept,3,4,0.4,0.3,0.3,5,4.368051263561058,0,False,False,True,-7.0,1.0434025631780528,0.9584028593471585,0.9584028593471585,0.9584028593471585,0.0434025631780528,0.0,0.0,SIM-08,sim08_operational_continuity-000093,ASSUMED_SENSITIVITY,SENSITIVITY_RESULT
adverse,4,0.0,0.0,2.5,0.5,5.0,5.0,visual_reference,3,4,0.4,0.3,0.3,5,4.368051263561058,0.25,False,False,True,-6.0,1.2934025631780528,0.7731544906969059,0.7731544906969059,0.7731544906969059,0.2934025631780528,0.19328862267422647,0.0,SIM-08,sim08_operational_continuity-000094,ASSUMED_SENSITIVITY,SENSITIVITY_RESULT
adverse,3,0,0.0,2.5,0.5,5.0,5.0,halt_reference,3,4,0.4,0.3,0.3,5,4.368051263561058,0.25,False,False,True,-7.0,1.2934025631780528,0.7731544906969059,0.7731544906969059,0.7731544906969059,0.2934025631780528,0.19328862267422647,0.0,SIM-08,sim08_operational_continuity-000095,ASSUMED_SENSITIVITY,SENSITIVITY_RESULT
adverse,3,0.0,0.0,2.5,0.5,5.0,5.0,perception_concept,3,4,0.4,0.3,0.3,5,4.368051263561058,0.25,False,False,True,-7.0,1.2934025631780528,0.7731544906969059,0.7731544906969059,0.7731544906969059,0.2934025631780528,0.19328862267422647,0.0,SIM-08,sim08_operational_continuity-000096,ASSUMED_SENSITIVITY,SENSITIVITY_RESULT
adverse,4,0.0,0.0,2.5,0.5,5.0,5.0,visual_reference,3,4,0.4,0.3,0.3,5,4.368051263561058,1,False,False,True,-6.0,2.043402563178053,0.4893798304944499,0.4893798304944499,0.4893798304944499,1.043402563178053,0.4893798304944499,0.0,SIM-08,sim08_operational_continuity-000097,ASSUMED_SENSITIVITY,SENSITIVITY_RESULT
adverse,3,0,0.0,2.5,0.5,5.0,5.0,halt_reference,3,4,0.4,0.3,0.3,5,4.368051263561058,1,False,False,True,-7.0,2.043402563178053,0.4893798304944499,0.4893798304944499,0.4893798304944499,1.043402563178053,0.4893798304944499,0.0,SIM-08,sim08_operational_continuity-000098,ASSUMED_SENSITIVITY,SENSITIVITY_RESULT
adverse,3,0.0,0.0,2.5,0.5,5.0,5.0,perception_concept,3,4,0.4,0.3,0.3,5,4.368051263561058,1,False,False,True,-7.0,2.043402563178053,0.4893798304944499,0.4893798304944499,0.4893798304944499,1.043402563178053,0.4893798304944499,0.0,SIM-08,sim08_operational_continuity-000099,ASSUMED_SENSITIVITY,SENSITIVITY_RESULT
adverse,4,0.0,0.0,2.5,0.5,5.0,5.0,visual_reference,5,4,0.4,0.3,0.3,5,4.368051263561058,0,False,False,True,-6.0,1.0434025631780528,0.9584028593471585,0.9584028593471585,0.9584028593471585,0.0434025631780528,0.0,0.0,SIM-08,sim08_operational_continuity-000100,ASSUMED_SENSITIVITY,SENSITIVITY_RESULT
adverse,5,0,0.0,2.5,0.5,5.0,5.0,halt_reference,5,4,0.4,0.3,0.3,5,4.368051263561058,0,False,False,True,-5.0,1.0434025631780528,0.9584028593471585,0.9584028593471585,0.9584028593471585,0.0434025631780528,0.0,0.0,SIM-08,sim08_operational_continuity-000101,ASSUMED_SENSITIVITY,SENSITIVITY_RESULT
adverse,5,0.0,0.0,2.5,0.5,5.0,5.0,perception_concept,5,4,0.4,0.3,0.3,5,4.368051263561058,0,False,False,True,-5.0,1.0434025631780528,0.9584028593471585,0.9584028593471585,0.9584028593471585,0.0434025631780528,0.0,0.0,SIM-08,sim08_operational_continuity-000102,ASSUMED_SENSITIVITY,SENSITIVITY_RESULT
adverse,4,0.0,0.0,2.5,0.5,5.0,5.0,visual_reference,5,4,0.4,0.3,0.3,5,4.368051263561058,0.25,False,False,True,-6.0,1.2934025631780528,0.7731544906969059,0.7731544906969059,0.7731544906969059,0.2934025631780528,0.19328862267422647,0.0,SIM-08,sim08_operational_continuity-000103,ASSUMED_SENSITIVITY,SENSITIVITY_RESULT
adverse,5,0,0.0,2.5,0.5,5.0,5.0,halt_reference,5,4,0.4,0.3,0.3,5,4.368051263561058,0.25,False,False,True,-5.0,1.2934025631780528,0.7731544906969059,0.7731544906969059,0.7731544906969059,0.2934025631780528,0.19328862267422647,0.0,SIM-08,sim08_operational_continuity-000104,ASSUMED_SENSITIVITY,SENSITIVITY_RESULT
adverse,5,0.0,0.0,2.5,0.5,5.0,5.0,perception_concept,5,4,0.4,0.3,0.3,5,4.368051263561058,0.25,False,False,True,-5.0,1.2934025631780528,0.7731544906969059,0.7731544906969059,0.7731544906969059,0.2934025631780528,0.19328862267422647,0.0,SIM-08,sim08_operational_continuity-000105,ASSUMED_SENSITIVITY,SENSITIVITY_RESULT
adverse,4,0.0,0.0,2.5,0.5,5.0,5.0,visual_reference,5,4,0.4,0.3,0.3,5,4.368051263561058,1,False,False,True,-6.0,2.043402563178053,0.4893798304944499,0.4893798304944499,0.4893798304944499,1.043402563178053,0.4893798304944499,0.0,SIM-08,sim08_operational_continuity-000106,ASSUMED_SENSITIVITY,SENSITIVITY_RESULT
adverse,5,0,0.0,2.5,0.5,5.0,5.0,halt_reference,5,4,0.4,0.3,0.3,5,4.368051263561058,1,False,False,True,-5.0,2.043402563178053,0.4893798304944499,0.4893798304944499,0.4893798304944499,1.043402563178053,0.4893798304944499,0.0,SIM-08,sim08_operational_continuity-000107,ASSUMED_SENSITIVITY,SENSITIVITY_RESULT
adverse,5,0.0,0.0,2.5,0.5,5.0,5.0,perception_concept,5,4,0.4,0.3,0.3,5,4.368051263561058,1,False,False,True,-5.0,2.043402563178053,0.4893798304944499,0.4893798304944499,0.4893798304944499,1.043402563178053,0.4893798304944499,0.0,SIM-08,sim08_operational_continuity-000108,ASSUMED_SENSITIVITY,SENSITIVITY_RESULT
adverse,4,0.0,0.0,2.5,0.5,5.0,5.0,visual_reference,10,4,0.4,0.3,0.3,5,4.368051263561058,0,False,False,True,-6.0,1.0434025631780528,0.9584028593471585,0.9584028593471585,0.9584028593471585,0.0434025631780528,0.0,0.0,SIM-08,sim08_operational_continuity-000109,ASSUMED_SENSITIVITY,SENSITIVITY_RESULT
adverse,10,0,0.0,2.5,0.5,5.0,5.0,halt_reference,10,4,0.4,0.3,0.3,5,4.368051263561058,0,False,False,True,0.0,1.0434025631780528,0.9584028593471585,0.9584028593471585,0.9584028593471585,0.0434025631780528,0.0,0.0,SIM-08,sim08_operational_continuity-000110,ASSUMED_SENSITIVITY,SENSITIVITY_RESULT
adverse,10,0.0,0.0,2.5,0.5,5.0,5.0,perception_concept,10,4,0.4,0.3,0.3,5,4.368051263561058,0,False,False,True,0.0,1.0434025631780528,0.9584028593471585,0.9584028593471585,0.9584028593471585,0.0434025631780528,0.0,0.0,SIM-08,sim08_operational_continuity-000111,ASSUMED_SENSITIVITY,SENSITIVITY_RESULT
adverse,4,0.0,0.0,2.5,0.5,5.0,5.0,visual_reference,10,4,0.4,0.3,0.3,5,4.368051263561058,0.25,False,False,True,-6.0,1.2934025631780528,0.7731544906969059,0.7731544906969059,0.7731544906969059,0.2934025631780528,0.19328862267422647,0.0,SIM-08,sim08_operational_continuity-000112,ASSUMED_SENSITIVITY,SENSITIVITY_RESULT
adverse,10,0,0.0,2.5,0.5,5.0,5.0,halt_reference,10,4,0.4,0.3,0.3,5,4.368051263561058,0.25,False,False,True,0.0,1.2934025631780528,0.7731544906969059,0.7731544906969059,0.7731544906969059,0.2934025631780528,0.19328862267422647,0.0,SIM-08,sim08_operational_continuity-000113,ASSUMED_SENSITIVITY,SENSITIVITY_RESULT
adverse,10,0.0,0.0,2.5,0.5,5.0,5.0,perception_concept,10,4,0.4,0.3,0.3,5,4.368051263561058,0.25,False,False,True,0.0,1.2934025631780528,0.7731544906969059,0.7731544906969059,0.7731544906969059,0.2934025631780528,0.19328862267422647,0.0,SIM-08,sim08_operational_continuity-000114,ASSUMED_SENSITIVITY,SENSITIVITY_RESULT
adverse,4,0.0,0.0,2.5,0.5,5.0,5.0,visual_reference,10,4,0.4,0.3,0.3,5,4.368051263561058,1,False,False,True,-6.0,2.043402563178053,0.4893798304944499,0.4893798304944499,0.4893798304944499,1.043402563178053,0.4893798304944499,0.0,SIM-08,sim08_operational_continuity-000115,ASSUMED_SENSITIVITY,SENSITIVITY_RESULT
adverse,10,0,0.0,2.5,0.5,5.0,5.0,halt_reference,10,4,0.4,0.3,0.3,5,4.368051263561058,1,False,False,True,0.0,2.043402563178053,0.4893798304944499,0.4893798304944499,0.4893798304944499,1.043402563178053,0.4893798304944499,0.0,SIM-08,sim08_operational_continuity-000116,ASSUMED_SENSITIVITY,SENSITIVITY_RESULT
adverse,10,0.0,0.0,2.5,0.5,5.0,5.0,perception_concept,10,4,0.4,0.3,0.3,5,4.368051263561058,1,False,False,True,0.0,2.043402563178053,0.4893798304944499,0.4893798304944499,0.4893798304944499,1.043402563178053,0.4893798304944499,0.0,SIM-08,sim08_operational_continuity-000117,ASSUMED_SENSITIVITY,SENSITIVITY_RESULT
adverse,4,0.0,0.0,2.5,0.5,5.0,5.0,visual_reference,20,4,0.4,0.3,0.3,5,4.368051263561058,0,False,False,True,-6.0,1.0434025631780528,0.9584028593471585,0.9584028593471585,0.9584028593471585,0.0434025631780528,0.0,0.0,SIM-08,sim08_operational_continuity-000118,ASSUMED_SENSITIVITY,SENSITIVITY_RESULT
adverse,20,0,0.0,2.5,0.5,5.0,5.0,halt_reference,20,4,0.4,0.3,0.3,5,4.368051263561058,0,False,False,True,10.0,1.0434025631780528,0.9584028593471585,0.9584028593471585,0.9584028593471585,0.0434025631780528,0.0,0.0,SIM-08,sim08_operational_continuity-000119,ASSUMED_SENSITIVITY,SENSITIVITY_RESULT
adverse,20,2.1503676271838605,7.741323457861898,2.5,0.5,5.0,5.0,perception_concept,20,4,0.4,0.3,0.3,5,4.368051263561058,0,True,True,False,0.0,1.3975551440775793,0.7155352718908452,0.7155352718908452,0.7155352718908452,0.3975551440775793,0.0,0.49912530967640834,SIM-08,sim08_operational_continuity-000120,ASSUMED_SENSITIVITY,SENSITIVITY_RESULT
adverse,4,0.0,0.0,2.5,0.5,5.0,5.0,visual_reference,20,4,0.4,0.3,0.3,5,4.368051263561058,0.25,False,False,True,-6.0,1.2934025631780528,0.7731544906969059,0.7731544906969059,0.7731544906969059,0.2934025631780528,0.19328862267422647,0.0,SIM-08,sim08_operational_continuity-000121,ASSUMED_SENSITIVITY,SENSITIVITY_RESULT
adverse,20,0,0.0,2.5,0.5,5.0,5.0,halt_reference,20,4,0.4,0.3,0.3,5,4.368051263561058,0.25,False,False,True,10.0,1.2934025631780528,0.7731544906969059,0.7731544906969059,0.7731544906969059,0.2934025631780528,0.19328862267422647,0.0,SIM-08,sim08_operational_continuity-000122,ASSUMED_SENSITIVITY,SENSITIVITY_RESULT
adverse,20,2.1503676271838605,7.741323457861898,2.5,0.5,5.0,5.0,perception_concept,20,4,0.4,0.3,0.3,5,4.368051263561058,0.25,True,True,False,0.0,1.3975551440775793,0.7155352718908452,0.7155352718908452,0.7155352718908452,0.3975551440775793,0.0,0.49912530967640834,SIM-08,sim08_operational_continuity-000123,ASSUMED_SENSITIVITY,SENSITIVITY_RESULT
adverse,4,0.0,0.0,2.5,0.5,5.0,5.0,visual_reference,20,4,0.4,0.3,0.3,5,4.368051263561058,1,False,False,True,-6.0,2.043402563178053,0.4893798304944499,0.4893798304944499,0.4893798304944499,1.043402563178053,0.4893798304944499,0.0,SIM-08,sim08_operational_continuity-000124,ASSUMED_SENSITIVITY,SENSITIVITY_RESULT
adverse,20,0,0.0,2.5,0.5,5.0,5.0,halt_reference,20,4,0.4,0.3,0.3,5,4.368051263561058,1,False,False,True,10.0,2.043402563178053,0.4893798304944499,0.4893798304944499,0.4893798304944499,1.043402563178053,0.4893798304944499,0.0,SIM-08,sim08_operational_continuity-000125,ASSUMED_SENSITIVITY,SENSITIVITY_RESULT
adverse,20,2.1503676271838605,7.741323457861898,2.5,0.5,5.0,5.0,perception_concept,20,4,0.4,0.3,0.3,5,4.368051263561058,1,True,True,False,0.0,1.3975551440775793,0.7155352718908452,0.7155352718908452,0.7155352718908452,0.3975551440775793,0.0,0.49912530967640834,SIM-08,sim08_operational_continuity-000126,ASSUMED_SENSITIVITY,SENSITIVITY_RESULT
adverse,4,0.0,0.0,2.5,0.5,5.0,5.0,visual_reference,40,4,0.4,0.3,0.3,5,4.368051263561058,0,False,False,True,-6.0,1.0434025631780528,0.9584028593471585,0.9584028593471585,0.9584028593471585,0.0434025631780528,0.0,0.0,SIM-08,sim08_operational_continuity-000127,ASSUMED_SENSITIVITY,SENSITIVITY_RESULT
adverse,40,0,0.0,2.5,0.5,5.0,5.0,halt_reference,40,4,0.4,0.3,0.3,5,4.368051263561058,0,False,False,True,30.0,1.0434025631780528,0.9584028593471585,0.9584028593471585,0.9584028593471585,0.0434025631780528,0.0,0.0,SIM-08,sim08_operational_continuity-000128,ASSUMED_SENSITIVITY,SENSITIVITY_RESULT
adverse,40,4.368051263561058,15.724984548819808,2.5,0.5,5.0,5.0,perception_concept,40,4,0.4,0.3,0.3,5,4.368051263561058,0,True,True,False,0.0,1.0434025631780528,0.9584028593471585,0.9584028593471585,0.9584028593471585,0.0434025631780528,0.0,0.32911799845698914,SIM-08,sim08_operational_continuity-000129,ASSUMED_SENSITIVITY,SENSITIVITY_RESULT
adverse,4,0.0,0.0,2.5,0.5,5.0,5.0,visual_reference,40,4,0.4,0.3,0.3,5,4.368051263561058,0.25,False,False,True,-6.0,1.2934025631780528,0.7731544906969059,0.7731544906969059,0.7731544906969059,0.2934025631780528,0.19328862267422647,0.0,SIM-08,sim08_operational_continuity-000130,ASSUMED_SENSITIVITY,SENSITIVITY_RESULT
adverse,40,0,0.0,2.5,0.5,5.0,5.0,halt_reference,40,4,0.4,0.3,0.3,5,4.368051263561058,0.25,False,False,True,30.0,1.2934025631780528,0.7731544906969059,0.7731544906969059,0.7731544906969059,0.2934025631780528,0.19328862267422647,0.0,SIM-08,sim08_operational_continuity-000131,ASSUMED_SENSITIVITY,SENSITIVITY_RESULT
adverse,40,4.368051263561058,15.724984548819808,2.5,0.5,5.0,5.0,perception_concept,40,4,0.4,0.3,0.3,5,4.368051263561058,0.25,True,True,False,0.0,1.0434025631780528,0.9584028593471585,0.9584028593471585,0.9584028593471585,0.0434025631780528,0.0,0.32911799845698914,SIM-08,sim08_operational_continuity-000132,ASSUMED_SENSITIVITY,SENSITIVITY_RESULT
adverse,4,0.0,0.0,2.5,0.5,5.0,5.0,visual_reference,40,4,0.4,0.3,0.3,5,4.368051263561058,1,False,False,True,-6.0,2.043402563178053,0.4893798304944499,0.4893798304944499,0.4893798304944499,1.043402563178053,0.4893798304944499,0.0,SIM-08,sim08_operational_continuity-000133,ASSUMED_SENSITIVITY,SENSITIVITY_RESULT
adverse,40,0,0.0,2.5,0.5,5.0,5.0,halt_reference,40,4,0.4,0.3,0.3,5,4.368051263561058,1,False,False,True,30.0,2.043402563178053,0.4893798304944499,0.4893798304944499,0.4893798304944499,1.043402563178053,0.4893798304944499,0.0,SIM-08,sim08_operational_continuity-000134,ASSUMED_SENSITIVITY,SENSITIVITY_RESULT
adverse,40,4.368051263561058,15.724984548819808,2.5,0.5,5.0,5.0,perception_concept,40,4,0.4,0.3,0.3,5,4.368051263561058,1,True,True,False,0.0,1.0434025631780528,0.9584028593471585,0.9584028593471585,0.9584028593471585,0.0434025631780528,0.0,0.32911799845698914,SIM-08,sim08_operational_continuity-000135,ASSUMED_SENSITIVITY,SENSITIVITY_RESULT
