source_scenario,step,controlled_time_s,action,receiver_reason,freshness,r1_state,communication,session_active,receiver_active,live_permitted_speed_mps,live_left_command,live_right_command,traction,analytical_cap_mps,result_class,input_provenance,note,simulation_id,scenario_id
EV-03,0,0.0,START,NONE,FRESH,NORMAL,ONLINE,True,True,0.0,0.0,0.0,DISABLED_PHASE_1,0.0,SOFTWARE_VERIFIED_R1,CURRENT_TARK_CONFIG; evidence/prompt3 verified trace,R1 fields copied; analytical_cap is a separate conservative research overlay,SIM-06,sim06_fault_story-000001
EV-03,1,1.1,ADVANCE_TIME,COMMAND_EXPIRED,STALE,NORMAL,STALE,True,False,0.0,0.0,0.0,DISABLED_PHASE_1,0.0,SOFTWARE_VERIFIED_R1,CURRENT_TARK_CONFIG; evidence/prompt3 verified trace,R1 fields copied; analytical_cap is a separate conservative research overlay,SIM-06,sim06_fault_story-000002
EV-03,2,1.1,ADVANCE_TIME,NONE,STALE,UNKNOWN,ONLINE,True,True,0.0,0.0,0.0,DISABLED_PHASE_1,0.0,SOFTWARE_VERIFIED_R1,CURRENT_TARK_CONFIG; evidence/prompt3 verified trace,R1 fields copied; analytical_cap is a separate conservative research overlay,SIM-06,sim06_fault_story-000003
EV-03,3,1.1,STOP_RECORDING,NONE,STALE,UNKNOWN,ONLINE,True,True,0.0,0.0,0.0,DISABLED_PHASE_1,0.0,SOFTWARE_VERIFIED_R1,CURRENT_TARK_CONFIG; evidence/prompt3 verified trace,R1 fields copied; analytical_cap is a separate conservative research overlay,SIM-06,sim06_fault_story-000004
EV-03,4,1.1,VERIFY_REPLAY,NONE,STALE,UNKNOWN,ONLINE,True,True,0.0,0.0,0.0,DISABLED_PHASE_1,0.0,SOFTWARE_VERIFIED_R1,CURRENT_TARK_CONFIG; evidence/prompt3 verified trace,R1 fields copied; analytical_cap is a separate conservative research overlay,SIM-06,sim06_fault_story-000005
EV-05,0,0.0,START,NONE,FRESH,NORMAL,ONLINE,True,True,0.0,0.0,0.0,DISABLED_PHASE_1,0.0,SOFTWARE_VERIFIED_R1,CURRENT_TARK_CONFIG; evidence/prompt3 verified trace,R1 fields copied; analytical_cap is a separate conservative research overlay,SIM-06,sim06_fault_story-000006
EV-05,1,0.0,RADAR_REPORT,NONE,FRESH,NORMAL,ONLINE,True,True,0.0,0.0,0.0,DISABLED_PHASE_1,0.0,SOFTWARE_VERIFIED_R1,CURRENT_TARK_CONFIG; evidence/prompt3 verified trace,R1 fields copied; analytical_cap is a separate conservative research overlay,SIM-06,sim06_fault_story-000007
EV-05,2,0.0,ADVANCE_TIME,NONE,STALE,UNKNOWN,ONLINE,True,True,0.0,0.0,0.0,DISABLED_PHASE_1,0.0,SOFTWARE_VERIFIED_R1,CURRENT_TARK_CONFIG; evidence/prompt3 verified trace,R1 fields copied; analytical_cap is a separate conservative research overlay,SIM-06,sim06_fault_story-000008
EV-05,3,0.0,STOP_RECORDING,NONE,STALE,UNKNOWN,ONLINE,True,True,0.0,0.0,0.0,DISABLED_PHASE_1,0.0,SOFTWARE_VERIFIED_R1,CURRENT_TARK_CONFIG; evidence/prompt3 verified trace,R1 fields copied; analytical_cap is a separate conservative research overlay,SIM-06,sim06_fault_story-000009
EV-05,4,0.0,VERIFY_REPLAY,NONE,STALE,UNKNOWN,ONLINE,True,True,0.0,0.0,0.0,DISABLED_PHASE_1,0.0,SOFTWARE_VERIFIED_R1,CURRENT_TARK_CONFIG; evidence/prompt3 verified trace,R1 fields copied; analytical_cap is a separate conservative research overlay,SIM-06,sim06_fault_story-000010
EV-07,0,0.0,START,NONE,MISSING,UNKNOWN,ONLINE,True,True,0.0,0.0,0.0,DISABLED_PHASE_1,0.0,SOFTWARE_VERIFIED_R1,CURRENT_TARK_CONFIG; evidence/prompt3 verified trace,R1 fields copied; analytical_cap is a separate conservative research overlay,SIM-06,sim06_fault_story-000011
EV-07,1,0.0,NO_REPORT,NONE,MISSING,UNKNOWN,ONLINE,True,True,0.0,0.0,0.0,DISABLED_PHASE_1,0.0,SOFTWARE_VERIFIED_R1,CURRENT_TARK_CONFIG; evidence/prompt3 verified trace,R1 fields copied; analytical_cap is a separate conservative research overlay,SIM-06,sim06_fault_story-000012
EV-07,2,1.1,ADVANCE_TIME,NONE,MISSING,UNKNOWN,ONLINE,True,True,0.0,0.0,0.0,DISABLED_PHASE_1,0.0,SOFTWARE_VERIFIED_R1,CURRENT_TARK_CONFIG; evidence/prompt3 verified trace,R1 fields copied; analytical_cap is a separate conservative research overlay,SIM-06,sim06_fault_story-000013
EV-07,3,1.1,STOP_RECORDING,NONE,MISSING,UNKNOWN,ONLINE,True,True,0.0,0.0,0.0,DISABLED_PHASE_1,0.0,SOFTWARE_VERIFIED_R1,CURRENT_TARK_CONFIG; evidence/prompt3 verified trace,R1 fields copied; analytical_cap is a separate conservative research overlay,SIM-06,sim06_fault_story-000014
EV-07,4,1.1,VERIFY_REPLAY,NONE,MISSING,UNKNOWN,ONLINE,True,True,0.0,0.0,0.0,DISABLED_PHASE_1,0.0,SOFTWARE_VERIFIED_R1,CURRENT_TARK_CONFIG; evidence/prompt3 verified trace,R1 fields copied; analytical_cap is a separate conservative research overlay,SIM-06,sim06_fault_story-000015
EV-10,0,0.0,START,NONE,FRESH,NORMAL,ONLINE,True,True,0.0,0.0,0.0,DISABLED_PHASE_1,0.0,SOFTWARE_VERIFIED_R1,CURRENT_TARK_CONFIG; evidence/prompt3 verified trace,R1 fields copied; analytical_cap is a separate conservative research overlay,SIM-06,sim06_fault_story-000016
EV-10,1,0.0,DROP_COMMUNICATION,NONE,FRESH,NORMAL,ONLINE,True,True,0.0,0.0,0.0,DISABLED_PHASE_1,0.0,SOFTWARE_VERIFIED_R1,CURRENT_TARK_CONFIG; evidence/prompt3 verified trace,R1 fields copied; analytical_cap is a separate conservative research overlay,SIM-06,sim06_fault_story-000017
EV-10,2,0.1,ADVANCE_TIME,NONE,FRESH,NORMAL,ONLINE,True,True,0.0,0.0,0.0,DISABLED_PHASE_1,0.0,SOFTWARE_VERIFIED_R1,CURRENT_TARK_CONFIG; evidence/prompt3 verified trace,R1 fields copied; analytical_cap is a separate conservative research overlay,SIM-06,sim06_fault_story-000018
EV-10,3,0.7,ADVANCE_TIME,COMMAND_EXPIRED,AGING,NORMAL,NOT_CONNECTED,False,False,0.0,0.0,0.0,DISABLED_PHASE_1,0.0,SOFTWARE_VERIFIED_R1,CURRENT_TARK_CONFIG; evidence/prompt3 verified trace,R1 fields copied; analytical_cap is a separate conservative research overlay,SIM-06,sim06_fault_story-000019
EV-10,4,0.7,STOP_RECORDING,COMMAND_EXPIRED,AGING,NORMAL,NOT_CONNECTED,False,False,0.0,0.0,0.0,DISABLED_PHASE_1,0.0,SOFTWARE_VERIFIED_R1,CURRENT_TARK_CONFIG; evidence/prompt3 verified trace,R1 fields copied; analytical_cap is a separate conservative research overlay,SIM-06,sim06_fault_story-000020
EV-10,5,0.7,VERIFY_REPLAY,COMMAND_EXPIRED,AGING,NORMAL,NOT_CONNECTED,False,False,0.0,0.0,0.0,DISABLED_PHASE_1,0.0,SOFTWARE_VERIFIED_R1,CURRENT_TARK_CONFIG; evidence/prompt3 verified trace,R1 fields copied; analytical_cap is a separate conservative research overlay,SIM-06,sim06_fault_story-000021
EV-11,0,0.0,START,NONE,FRESH,NORMAL,ONLINE,True,True,0.0,0.0,0.0,DISABLED_PHASE_1,0.0,SOFTWARE_VERIFIED_R1,CURRENT_TARK_CONFIG; evidence/prompt3 verified trace,R1 fields copied; analytical_cap is a separate conservative research overlay,SIM-06,sim06_fault_story-000022
EV-11,1,0.0,DROP_COMMUNICATION,NONE,FRESH,NORMAL,ONLINE,True,True,0.0,0.0,0.0,DISABLED_PHASE_1,0.0,SOFTWARE_VERIFIED_R1,CURRENT_TARK_CONFIG; evidence/prompt3 verified trace,R1 fields copied; analytical_cap is a separate conservative research overlay,SIM-06,sim06_fault_story-000023
EV-11,2,0.1,ADVANCE_TIME,NONE,FRESH,NORMAL,ONLINE,True,True,0.0,0.0,0.0,DISABLED_PHASE_1,0.0,SOFTWARE_VERIFIED_R1,CURRENT_TARK_CONFIG; evidence/prompt3 verified trace,R1 fields copied; analytical_cap is a separate conservative research overlay,SIM-06,sim06_fault_story-000024
EV-11,3,0.7,ADVANCE_TIME,COMMAND_EXPIRED,AGING,NORMAL,NOT_CONNECTED,False,False,0.0,0.0,0.0,DISABLED_PHASE_1,0.0,SOFTWARE_VERIFIED_R1,CURRENT_TARK_CONFIG; evidence/prompt3 verified trace,R1 fields copied; analytical_cap is a separate conservative research overlay,SIM-06,sim06_fault_story-000025
EV-11,4,0.7,INJECT_RESPONSE,COMMAND_EXPIRED,AGING,NORMAL,NOT_CONNECTED,False,False,0.0,0.0,0.0,DISABLED_PHASE_1,0.0,SOFTWARE_VERIFIED_R1,CURRENT_TARK_CONFIG; evidence/prompt3 verified trace,R1 fields copied; analytical_cap is a separate conservative research overlay,SIM-06,sim06_fault_story-000026
EV-11,5,0.7,STOP_RECORDING,COMMAND_EXPIRED,AGING,NORMAL,NOT_CONNECTED,False,False,0.0,0.0,0.0,DISABLED_PHASE_1,0.0,SOFTWARE_VERIFIED_R1,CURRENT_TARK_CONFIG; evidence/prompt3 verified trace,R1 fields copied; analytical_cap is a separate conservative research overlay,SIM-06,sim06_fault_story-000027
EV-11,6,0.7,VERIFY_REPLAY,COMMAND_EXPIRED,AGING,NORMAL,NOT_CONNECTED,False,False,0.0,0.0,0.0,DISABLED_PHASE_1,0.0,SOFTWARE_VERIFIED_R1,CURRENT_TARK_CONFIG; evidence/prompt3 verified trace,R1 fields copied; analytical_cap is a separate conservative research overlay,SIM-06,sim06_fault_story-000028
EV-13,0,0.0,START,NONE,FRESH,NORMAL,ONLINE,True,True,0.0,0.0,0.0,DISABLED_PHASE_1,0.0,SOFTWARE_VERIFIED_R1,CURRENT_TARK_CONFIG; evidence/prompt3 verified trace,R1 fields copied; analytical_cap is a separate conservative research overlay,SIM-06,sim06_fault_story-000029
EV-13,1,0.0,OLD_COMMAND,DUPLICATE_SEQUENCE,FRESH,NORMAL,ONLINE,True,False,0.0,0.0,0.0,DISABLED_PHASE_1,0.0,SOFTWARE_VERIFIED_R1,CURRENT_TARK_CONFIG; evidence/prompt3 verified trace,R1 fields copied; analytical_cap is a separate conservative research overlay,SIM-06,sim06_fault_story-000030
EV-13,2,0.0,RESTART_RECEIVER,NOT_ENABLED,FRESH,NORMAL,ONLINE,True,False,0.0,0.0,0.0,DISABLED_PHASE_1,0.0,SOFTWARE_VERIFIED_R1,CURRENT_TARK_CONFIG; evidence/prompt3 verified trace,R1 fields copied; analytical_cap is a separate conservative research overlay,SIM-06,sim06_fault_story-000031
EV-13,3,0.0,OLD_COMMAND,NOT_ENABLED,FRESH,NORMAL,ONLINE,True,False,0.0,0.0,0.0,DISABLED_PHASE_1,0.0,SOFTWARE_VERIFIED_R1,CURRENT_TARK_CONFIG; evidence/prompt3 verified trace,R1 fields copied; analytical_cap is a separate conservative research overlay,SIM-06,sim06_fault_story-000032
EV-13,4,0.0,RESTART_SENDER,NOT_ENABLED,FRESH,NORMAL,NOT_CONNECTED,False,False,0.0,0.0,0.0,DISABLED_PHASE_1,0.0,SOFTWARE_VERIFIED_R1,CURRENT_TARK_CONFIG; evidence/prompt3 verified trace,R1 fields copied; analytical_cap is a separate conservative research overlay,SIM-06,sim06_fault_story-000033
EV-13,5,0.1,ADVANCE_TIME,NONE,FRESH,NORMAL,ONLINE,True,True,0.0,0.0,0.0,DISABLED_PHASE_1,0.0,SOFTWARE_VERIFIED_R1,CURRENT_TARK_CONFIG; evidence/prompt3 verified trace,R1 fields copied; analytical_cap is a separate conservative research overlay,SIM-06,sim06_fault_story-000034
EV-13,6,0.1,OLD_COMMAND,SESSION_MISMATCH,FRESH,NORMAL,ONLINE,True,False,0.0,0.0,0.0,DISABLED_PHASE_1,0.0,SOFTWARE_VERIFIED_R1,CURRENT_TARK_CONFIG; evidence/prompt3 verified trace,R1 fields copied; analytical_cap is a separate conservative research overlay,SIM-06,sim06_fault_story-000035
EV-13,7,0.1,STOP_RECORDING,SESSION_MISMATCH,FRESH,NORMAL,ONLINE,True,False,0.0,0.0,0.0,DISABLED_PHASE_1,0.0,SOFTWARE_VERIFIED_R1,CURRENT_TARK_CONFIG; evidence/prompt3 verified trace,R1 fields copied; analytical_cap is a separate conservative research overlay,SIM-06,sim06_fault_story-000036
EV-13,8,0.1,VERIFY_REPLAY,SESSION_MISMATCH,FRESH,NORMAL,ONLINE,True,False,0.0,0.0,0.0,DISABLED_PHASE_1,0.0,SOFTWARE_VERIFIED_R1,CURRENT_TARK_CONFIG; evidence/prompt3 verified trace,R1 fields copied; analytical_cap is a separate conservative research overlay,SIM-06,sim06_fault_story-000037
EV-14,0,0.0,START,NONE,FRESH,NORMAL,ONLINE,True,True,0.0,0.0,0.0,DISABLED_PHASE_1,0.0,SOFTWARE_VERIFIED_R1,CURRENT_TARK_CONFIG; evidence/prompt3 verified trace,R1 fields copied; analytical_cap is a separate conservative research overlay,SIM-06,sim06_fault_story-000038
EV-14,1,0.0,DROP_COMMUNICATION,NONE,FRESH,NORMAL,ONLINE,True,True,0.0,0.0,0.0,DISABLED_PHASE_1,0.0,SOFTWARE_VERIFIED_R1,CURRENT_TARK_CONFIG; evidence/prompt3 verified trace,R1 fields copied; analytical_cap is a separate conservative research overlay,SIM-06,sim06_fault_story-000039
EV-14,2,0.1,ADVANCE_TIME,NONE,FRESH,NORMAL,ONLINE,True,True,0.0,0.0,0.0,DISABLED_PHASE_1,0.0,SOFTWARE_VERIFIED_R1,CURRENT_TARK_CONFIG; evidence/prompt3 verified trace,R1 fields copied; analytical_cap is a separate conservative research overlay,SIM-06,sim06_fault_story-000040
EV-14,3,0.1,RESTART_SENDER,NONE,FRESH,NORMAL,NOT_CONNECTED,False,True,0.0,0.0,0.0,DISABLED_PHASE_1,0.0,SOFTWARE_VERIFIED_R1,CURRENT_TARK_CONFIG; evidence/prompt3 verified trace,R1 fields copied; analytical_cap is a separate conservative research overlay,SIM-06,sim06_fault_story-000041
EV-14,4,0.1,RESTORE_COMMUNICATION,NONE,FRESH,NORMAL,NOT_CONNECTED,False,True,0.0,0.0,0.0,DISABLED_PHASE_1,0.0,SOFTWARE_VERIFIED_R1,CURRENT_TARK_CONFIG; evidence/prompt3 verified trace,R1 fields copied; analytical_cap is a separate conservative research overlay,SIM-06,sim06_fault_story-000042
EV-14,5,0.2,ADVANCE_TIME,NONE,FRESH,NORMAL,ONLINE,True,True,0.0,0.0,0.0,DISABLED_PHASE_1,0.0,SOFTWARE_VERIFIED_R1,CURRENT_TARK_CONFIG; evidence/prompt3 verified trace,R1 fields copied; analytical_cap is a separate conservative research overlay,SIM-06,sim06_fault_story-000043
EV-14,6,0.2,OLD_COMMAND,SESSION_MISMATCH,FRESH,NORMAL,ONLINE,True,False,0.0,0.0,0.0,DISABLED_PHASE_1,0.0,SOFTWARE_VERIFIED_R1,CURRENT_TARK_CONFIG; evidence/prompt3 verified trace,R1 fields copied; analytical_cap is a separate conservative research overlay,SIM-06,sim06_fault_story-000044
EV-14,7,0.2,STOP_RECORDING,SESSION_MISMATCH,FRESH,NORMAL,ONLINE,True,False,0.0,0.0,0.0,DISABLED_PHASE_1,0.0,SOFTWARE_VERIFIED_R1,CURRENT_TARK_CONFIG; evidence/prompt3 verified trace,R1 fields copied; analytical_cap is a separate conservative research overlay,SIM-06,sim06_fault_story-000045
EV-14,8,0.2,VERIFY_REPLAY,SESSION_MISMATCH,FRESH,NORMAL,ONLINE,True,False,0.0,0.0,0.0,DISABLED_PHASE_1,0.0,SOFTWARE_VERIFIED_R1,CURRENT_TARK_CONFIG; evidence/prompt3 verified trace,R1 fields copied; analytical_cap is a separate conservative research overlay,SIM-06,sim06_fault_story-000046
EV-15,0,0.0,START,NONE,FRESH,NORMAL,ONLINE,True,True,0.0,0.0,0.0,DISABLED_PHASE_1,0.0,SOFTWARE_VERIFIED_R1,CURRENT_TARK_CONFIG; evidence/prompt3 verified trace,R1 fields copied; analytical_cap is a separate conservative research overlay,SIM-06,sim06_fault_story-000047
EV-15,1,0.0,TRANSPORT_RECONNECT,NONE,FRESH,NORMAL,NOT_CONNECTED,False,True,0.0,0.0,0.0,DISABLED_PHASE_1,0.0,SOFTWARE_VERIFIED_R1,CURRENT_TARK_CONFIG; evidence/prompt3 verified trace,R1 fields copied; analytical_cap is a separate conservative research overlay,SIM-06,sim06_fault_story-000048
EV-15,2,0.1,ADVANCE_TIME,NONE,FRESH,NORMAL,ONLINE,True,True,0.0,0.0,0.0,DISABLED_PHASE_1,0.0,SOFTWARE_VERIFIED_R1,CURRENT_TARK_CONFIG; evidence/prompt3 verified trace,R1 fields copied; analytical_cap is a separate conservative research overlay,SIM-06,sim06_fault_story-000049
EV-15,3,0.1,STOP_RECORDING,NONE,FRESH,NORMAL,ONLINE,True,True,0.0,0.0,0.0,DISABLED_PHASE_1,0.0,SOFTWARE_VERIFIED_R1,CURRENT_TARK_CONFIG; evidence/prompt3 verified trace,R1 fields copied; analytical_cap is a separate conservative research overlay,SIM-06,sim06_fault_story-000050
EV-15,4,0.1,VERIFY_REPLAY,NONE,FRESH,NORMAL,ONLINE,True,True,0.0,0.0,0.0,DISABLED_PHASE_1,0.0,SOFTWARE_VERIFIED_R1,CURRENT_TARK_CONFIG; evidence/prompt3 verified trace,R1 fields copied; analytical_cap is a separate conservative research overlay,SIM-06,sim06_fault_story-000051
EV-20,0,0.0,START,NONE,FRESH,NORMAL,ONLINE,True,True,0.0,0.0,0.0,DISABLED_PHASE_1,0.0,SOFTWARE_VERIFIED_R1,CURRENT_TARK_CONFIG; evidence/prompt3 verified trace,R1 fields copied; analytical_cap is a separate conservative research overlay,SIM-06,sim06_fault_story-000052
EV-20,1,0.5,ADVANCE_TIME,NONE,AGING,NORMAL,ONLINE,True,True,0.0,0.0,0.0,DISABLED_PHASE_1,0.0,SOFTWARE_VERIFIED_R1,CURRENT_TARK_CONFIG; evidence/prompt3 verified trace,R1 fields copied; analytical_cap is a separate conservative research overlay,SIM-06,sim06_fault_story-000053
EV-20,2,0.5,RADAR_REPORT,NONE,AGING,NORMAL,ONLINE,True,True,0.0,0.0,0.0,DISABLED_PHASE_1,0.0,SOFTWARE_VERIFIED_R1,CURRENT_TARK_CONFIG; evidence/prompt3 verified trace,R1 fields copied; analytical_cap is a separate conservative research overlay,SIM-06,sim06_fault_story-000054
EV-20,3,0.5,ADVANCE_TIME,NONE,FRESH,NORMAL,ONLINE,True,True,0.0,0.0,0.0,DISABLED_PHASE_1,0.0,SOFTWARE_VERIFIED_R1,CURRENT_TARK_CONFIG; evidence/prompt3 verified trace,R1 fields copied; analytical_cap is a separate conservative research overlay,SIM-06,sim06_fault_story-000055
EV-20,4,1.6,ADVANCE_TIME,NONE,STALE,UNKNOWN,ONLINE,True,True,0.0,0.0,0.0,DISABLED_PHASE_1,0.0,SOFTWARE_VERIFIED_R1,CURRENT_TARK_CONFIG; evidence/prompt3 verified trace,R1 fields copied; analytical_cap is a separate conservative research overlay,SIM-06,sim06_fault_story-000056
EV-20,5,1.6,DROP_COMMUNICATION,NONE,STALE,UNKNOWN,ONLINE,True,True,0.0,0.0,0.0,DISABLED_PHASE_1,0.0,SOFTWARE_VERIFIED_R1,CURRENT_TARK_CONFIG; evidence/prompt3 verified trace,R1 fields copied; analytical_cap is a separate conservative research overlay,SIM-06,sim06_fault_story-000057
EV-20,6,1.7,ADVANCE_TIME,NONE,STALE,UNKNOWN,ONLINE,True,True,0.0,0.0,0.0,DISABLED_PHASE_1,0.0,SOFTWARE_VERIFIED_R1,CURRENT_TARK_CONFIG; evidence/prompt3 verified trace,R1 fields copied; analytical_cap is a separate conservative research overlay,SIM-06,sim06_fault_story-000058
EV-20,7,2.3,ADVANCE_TIME,COMMAND_EXPIRED,STALE,UNKNOWN,NOT_CONNECTED,False,False,0.0,0.0,0.0,DISABLED_PHASE_1,0.0,SOFTWARE_VERIFIED_R1,CURRENT_TARK_CONFIG; evidence/prompt3 verified trace,R1 fields copied; analytical_cap is a separate conservative research overlay,SIM-06,sim06_fault_story-000059
EV-20,8,2.3,TRANSPORT_RECONNECT,COMMAND_EXPIRED,STALE,UNKNOWN,NOT_CONNECTED,False,False,0.0,0.0,0.0,DISABLED_PHASE_1,0.0,SOFTWARE_VERIFIED_R1,CURRENT_TARK_CONFIG; evidence/prompt3 verified trace,R1 fields copied; analytical_cap is a separate conservative research overlay,SIM-06,sim06_fault_story-000060
EV-20,9,2.3,RESTART_RECEIVER,NOT_ENABLED,STALE,UNKNOWN,NOT_CONNECTED,False,False,0.0,0.0,0.0,DISABLED_PHASE_1,0.0,SOFTWARE_VERIFIED_R1,CURRENT_TARK_CONFIG; evidence/prompt3 verified trace,R1 fields copied; analytical_cap is a separate conservative research overlay,SIM-06,sim06_fault_story-000061
EV-20,10,2.3,RESTORE_COMMUNICATION,NOT_ENABLED,STALE,UNKNOWN,NOT_CONNECTED,False,False,0.0,0.0,0.0,DISABLED_PHASE_1,0.0,SOFTWARE_VERIFIED_R1,CURRENT_TARK_CONFIG; evidence/prompt3 verified trace,R1 fields copied; analytical_cap is a separate conservative research overlay,SIM-06,sim06_fault_story-000062
EV-20,11,2.3,RADAR_REPORT,NOT_ENABLED,STALE,UNKNOWN,NOT_CONNECTED,False,False,0.0,0.0,0.0,DISABLED_PHASE_1,0.0,SOFTWARE_VERIFIED_R1,CURRENT_TARK_CONFIG; evidence/prompt3 verified trace,R1 fields copied; analytical_cap is a separate conservative research overlay,SIM-06,sim06_fault_story-000063
EV-20,12,2.3,ADVANCE_TIME,NONE,FRESH,NORMAL,ONLINE,True,True,0.0,0.0,0.0,DISABLED_PHASE_1,0.0,SOFTWARE_VERIFIED_R1,CURRENT_TARK_CONFIG; evidence/prompt3 verified trace,R1 fields copied; analytical_cap is a separate conservative research overlay,SIM-06,sim06_fault_story-000064
EV-20,13,2.3,STOP_RECORDING,NONE,FRESH,NORMAL,ONLINE,True,True,0.0,0.0,0.0,DISABLED_PHASE_1,0.0,SOFTWARE_VERIFIED_R1,CURRENT_TARK_CONFIG; evidence/prompt3 verified trace,R1 fields copied; analytical_cap is a separate conservative research overlay,SIM-06,sim06_fault_story-000065
EV-20,14,2.3,VERIFY_REPLAY,NONE,FRESH,NORMAL,ONLINE,True,True,0.0,0.0,0.0,DISABLED_PHASE_1,0.0,SOFTWARE_VERIFIED_R1,CURRENT_TARK_CONFIG; evidence/prompt3 verified trace,R1 fields copied; analytical_cap is a separate conservative research overlay,SIM-06,sim06_fault_story-000066
