parameter_set,trustworthy_perception_range_m,speed_mps,speed_kmph,response_time_s,effective_deceleration_mps2,margin_m,uncertainty_m,response_distance_m,braking_distance_m,stopping_distance_m,required_perception_range_m,simulation_id,scenario_id,input_provenance,result_class
favourable,,0.0,0.0,0.5,3.0,0.5,0.5,0.0,0.0,0.5,1.0,SIM-01,sim01_required_range_vs_speed-000001,ASSUMED_SENSITIVITY,SENSITIVITY_RESULT
favourable,,0.25,0.9,0.5,3.0,0.5,0.5,0.125,0.010416666666666666,0.6354166666666666,1.1354166666666665,SIM-01,sim01_required_range_vs_speed-000002,ASSUMED_SENSITIVITY,SENSITIVITY_RESULT
favourable,,0.5,1.8,0.5,3.0,0.5,0.5,0.25,0.041666666666666664,0.7916666666666667,1.2916666666666667,SIM-01,sim01_required_range_vs_speed-000003,ASSUMED_SENSITIVITY,SENSITIVITY_RESULT
favourable,,0.75,2.7,0.5,3.0,0.5,0.5,0.375,0.09375,0.96875,1.46875,SIM-01,sim01_required_range_vs_speed-000004,ASSUMED_SENSITIVITY,SENSITIVITY_RESULT
favourable,,1.0,3.6,0.5,3.0,0.5,0.5,0.5,0.16666666666666666,1.1666666666666665,1.6666666666666665,SIM-01,sim01_required_range_vs_speed-000005,ASSUMED_SENSITIVITY,SENSITIVITY_RESULT
favourable,,1.25,4.5,0.5,3.0,0.5,0.5,0.625,0.2604166666666667,1.3854166666666667,1.8854166666666667,SIM-01,sim01_required_range_vs_speed-000006,ASSUMED_SENSITIVITY,SENSITIVITY_RESULT
favourable,,1.5,5.4,0.5,3.0,0.5,0.5,0.75,0.375,1.625,2.125,SIM-01,sim01_required_range_vs_speed-000007,ASSUMED_SENSITIVITY,SENSITIVITY_RESULT
favourable,,1.75,6.3,0.5,3.0,0.5,0.5,0.875,0.5104166666666666,1.8854166666666665,2.3854166666666665,SIM-01,sim01_required_range_vs_speed-000008,ASSUMED_SENSITIVITY,SENSITIVITY_RESULT
favourable,,2.0,7.2,0.5,3.0,0.5,0.5,1.0,0.6666666666666666,2.1666666666666665,2.6666666666666665,SIM-01,sim01_required_range_vs_speed-000009,ASSUMED_SENSITIVITY,SENSITIVITY_RESULT
favourable,,2.25,8.1,0.5,3.0,0.5,0.5,1.125,0.84375,2.46875,2.96875,SIM-01,sim01_required_range_vs_speed-000010,ASSUMED_SENSITIVITY,SENSITIVITY_RESULT
favourable,,2.5,9.0,0.5,3.0,0.5,0.5,1.25,1.0416666666666667,2.791666666666667,3.291666666666667,SIM-01,sim01_required_range_vs_speed-000011,ASSUMED_SENSITIVITY,SENSITIVITY_RESULT
favourable,,2.75,9.9,0.5,3.0,0.5,0.5,1.375,1.2604166666666667,3.135416666666667,3.635416666666667,SIM-01,sim01_required_range_vs_speed-000012,ASSUMED_SENSITIVITY,SENSITIVITY_RESULT
favourable,,3.0,10.8,0.5,3.0,0.5,0.5,1.5,1.5,3.5,4.0,SIM-01,sim01_required_range_vs_speed-000013,ASSUMED_SENSITIVITY,SENSITIVITY_RESULT
favourable,,3.25,11.700000000000001,0.5,3.0,0.5,0.5,1.625,1.7604166666666667,3.885416666666667,4.385416666666667,SIM-01,sim01_required_range_vs_speed-000014,ASSUMED_SENSITIVITY,SENSITIVITY_RESULT
favourable,,3.5,12.6,0.5,3.0,0.5,0.5,1.75,2.0416666666666665,4.291666666666666,4.791666666666666,SIM-01,sim01_required_range_vs_speed-000015,ASSUMED_SENSITIVITY,SENSITIVITY_RESULT
favourable,,3.75,13.5,0.5,3.0,0.5,0.5,1.875,2.34375,4.71875,5.21875,SIM-01,sim01_required_range_vs_speed-000016,ASSUMED_SENSITIVITY,SENSITIVITY_RESULT
favourable,,4.0,14.4,0.5,3.0,0.5,0.5,2.0,2.6666666666666665,5.166666666666666,5.666666666666666,SIM-01,sim01_required_range_vs_speed-000017,ASSUMED_SENSITIVITY,SENSITIVITY_RESULT
favourable,,4.25,15.3,0.5,3.0,0.5,0.5,2.125,3.0104166666666665,5.635416666666666,6.135416666666666,SIM-01,sim01_required_range_vs_speed-000018,ASSUMED_SENSITIVITY,SENSITIVITY_RESULT
favourable,,4.5,16.2,0.5,3.0,0.5,0.5,2.25,3.375,6.125,6.625,SIM-01,sim01_required_range_vs_speed-000019,ASSUMED_SENSITIVITY,SENSITIVITY_RESULT
favourable,,4.75,17.1,0.5,3.0,0.5,0.5,2.375,3.7604166666666665,6.635416666666666,7.135416666666666,SIM-01,sim01_required_range_vs_speed-000020,ASSUMED_SENSITIVITY,SENSITIVITY_RESULT
favourable,,5.0,18.0,0.5,3.0,0.5,0.5,2.5,4.166666666666667,7.166666666666667,7.666666666666667,SIM-01,sim01_required_range_vs_speed-000021,ASSUMED_SENSITIVITY,SENSITIVITY_RESULT
favourable,,5.25,18.900000000000002,0.5,3.0,0.5,0.5,2.625,4.59375,7.71875,8.21875,SIM-01,sim01_required_range_vs_speed-000022,ASSUMED_SENSITIVITY,SENSITIVITY_RESULT
favourable,,5.5,19.8,0.5,3.0,0.5,0.5,2.75,5.041666666666667,8.291666666666668,8.791666666666668,SIM-01,sim01_required_range_vs_speed-000023,ASSUMED_SENSITIVITY,SENSITIVITY_RESULT
favourable,,5.75,20.7,0.5,3.0,0.5,0.5,2.875,5.510416666666667,8.885416666666668,9.385416666666668,SIM-01,sim01_required_range_vs_speed-000024,ASSUMED_SENSITIVITY,SENSITIVITY_RESULT
favourable,,6.0,21.6,0.5,3.0,0.5,0.5,3.0,6.0,9.5,10.0,SIM-01,sim01_required_range_vs_speed-000025,ASSUMED_SENSITIVITY,SENSITIVITY_RESULT
favourable,,6.25,22.5,0.5,3.0,0.5,0.5,3.125,6.510416666666667,10.135416666666668,10.635416666666668,SIM-01,sim01_required_range_vs_speed-000026,ASSUMED_SENSITIVITY,SENSITIVITY_RESULT
favourable,,6.5,23.400000000000002,0.5,3.0,0.5,0.5,3.25,7.041666666666667,10.791666666666668,11.291666666666668,SIM-01,sim01_required_range_vs_speed-000027,ASSUMED_SENSITIVITY,SENSITIVITY_RESULT
favourable,,6.75,24.3,0.5,3.0,0.5,0.5,3.375,7.59375,11.46875,11.96875,SIM-01,sim01_required_range_vs_speed-000028,ASSUMED_SENSITIVITY,SENSITIVITY_RESULT
favourable,,7.0,25.2,0.5,3.0,0.5,0.5,3.5,8.166666666666666,12.166666666666666,12.666666666666666,SIM-01,sim01_required_range_vs_speed-000029,ASSUMED_SENSITIVITY,SENSITIVITY_RESULT
favourable,,7.25,26.1,0.5,3.0,0.5,0.5,3.625,8.760416666666666,12.885416666666666,13.385416666666666,SIM-01,sim01_required_range_vs_speed-000030,ASSUMED_SENSITIVITY,SENSITIVITY_RESULT
favourable,,7.5,27.0,0.5,3.0,0.5,0.5,3.75,9.375,13.625,14.125,SIM-01,sim01_required_range_vs_speed-000031,ASSUMED_SENSITIVITY,SENSITIVITY_RESULT
favourable,,7.75,27.900000000000002,0.5,3.0,0.5,0.5,3.875,10.010416666666666,14.385416666666666,14.885416666666666,SIM-01,sim01_required_range_vs_speed-000032,ASSUMED_SENSITIVITY,SENSITIVITY_RESULT
favourable,,8.0,28.8,0.5,3.0,0.5,0.5,4.0,10.666666666666666,15.166666666666666,15.666666666666666,SIM-01,sim01_required_range_vs_speed-000033,ASSUMED_SENSITIVITY,SENSITIVITY_RESULT
favourable,,8.25,29.7,0.5,3.0,0.5,0.5,4.125,11.34375,15.96875,16.46875,SIM-01,sim01_required_range_vs_speed-000034,ASSUMED_SENSITIVITY,SENSITIVITY_RESULT
favourable,,8.5,30.6,0.5,3.0,0.5,0.5,4.25,12.041666666666666,16.791666666666664,17.291666666666664,SIM-01,sim01_required_range_vs_speed-000035,ASSUMED_SENSITIVITY,SENSITIVITY_RESULT
favourable,,8.75,31.5,0.5,3.0,0.5,0.5,4.375,12.760416666666666,17.635416666666664,18.135416666666664,SIM-01,sim01_required_range_vs_speed-000036,ASSUMED_SENSITIVITY,SENSITIVITY_RESULT
favourable,,9.0,32.4,0.5,3.0,0.5,0.5,4.5,13.5,18.5,19.0,SIM-01,sim01_required_range_vs_speed-000037,ASSUMED_SENSITIVITY,SENSITIVITY_RESULT
favourable,,9.25,33.300000000000004,0.5,3.0,0.5,0.5,4.625,14.260416666666666,19.385416666666664,19.885416666666664,SIM-01,sim01_required_range_vs_speed-000038,ASSUMED_SENSITIVITY,SENSITIVITY_RESULT
favourable,,9.5,34.2,0.5,3.0,0.5,0.5,4.75,15.041666666666666,20.291666666666664,20.791666666666664,SIM-01,sim01_required_range_vs_speed-000039,ASSUMED_SENSITIVITY,SENSITIVITY_RESULT
favourable,,9.75,35.1,0.5,3.0,0.5,0.5,4.875,15.84375,21.21875,21.71875,SIM-01,sim01_required_range_vs_speed-000040,ASSUMED_SENSITIVITY,SENSITIVITY_RESULT
favourable,,10.0,36.0,0.5,3.0,0.5,0.5,5.0,16.666666666666668,22.166666666666668,22.666666666666668,SIM-01,sim01_required_range_vs_speed-000041,ASSUMED_SENSITIVITY,SENSITIVITY_RESULT
favourable,,10.25,36.9,0.5,3.0,0.5,0.5,5.125,17.510416666666668,23.135416666666668,23.635416666666668,SIM-01,sim01_required_range_vs_speed-000042,ASSUMED_SENSITIVITY,SENSITIVITY_RESULT
favourable,,10.5,37.800000000000004,0.5,3.0,0.5,0.5,5.25,18.375,24.125,24.625,SIM-01,sim01_required_range_vs_speed-000043,ASSUMED_SENSITIVITY,SENSITIVITY_RESULT
favourable,,10.75,38.7,0.5,3.0,0.5,0.5,5.375,19.260416666666668,25.135416666666668,25.635416666666668,SIM-01,sim01_required_range_vs_speed-000044,ASSUMED_SENSITIVITY,SENSITIVITY_RESULT
favourable,,11.0,39.6,0.5,3.0,0.5,0.5,5.5,20.166666666666668,26.166666666666668,26.666666666666668,SIM-01,sim01_required_range_vs_speed-000045,ASSUMED_SENSITIVITY,SENSITIVITY_RESULT
favourable,,11.25,40.5,0.5,3.0,0.5,0.5,5.625,21.09375,27.21875,27.71875,SIM-01,sim01_required_range_vs_speed-000046,ASSUMED_SENSITIVITY,SENSITIVITY_RESULT
favourable,,11.5,41.4,0.5,3.0,0.5,0.5,5.75,22.041666666666668,28.291666666666668,28.791666666666668,SIM-01,sim01_required_range_vs_speed-000047,ASSUMED_SENSITIVITY,SENSITIVITY_RESULT
favourable,,11.75,42.300000000000004,0.5,3.0,0.5,0.5,5.875,23.010416666666668,29.385416666666668,29.885416666666668,SIM-01,sim01_required_range_vs_speed-000048,ASSUMED_SENSITIVITY,SENSITIVITY_RESULT
favourable,,12.0,43.2,0.5,3.0,0.5,0.5,6.0,24.0,30.5,31.0,SIM-01,sim01_required_range_vs_speed-000049,ASSUMED_SENSITIVITY,SENSITIVITY_RESULT
favourable,,12.25,44.1,0.5,3.0,0.5,0.5,6.125,25.010416666666668,31.635416666666668,32.13541666666667,SIM-01,sim01_required_range_vs_speed-000050,ASSUMED_SENSITIVITY,SENSITIVITY_RESULT
favourable,,12.5,45.0,0.5,3.0,0.5,0.5,6.25,26.041666666666668,32.79166666666667,33.29166666666667,SIM-01,sim01_required_range_vs_speed-000051,ASSUMED_SENSITIVITY,SENSITIVITY_RESULT
favourable,,12.75,45.9,0.5,3.0,0.5,0.5,6.375,27.09375,33.96875,34.46875,SIM-01,sim01_required_range_vs_speed-000052,ASSUMED_SENSITIVITY,SENSITIVITY_RESULT
favourable,,13.0,46.800000000000004,0.5,3.0,0.5,0.5,6.5,28.166666666666668,35.16666666666667,35.66666666666667,SIM-01,sim01_required_range_vs_speed-000053,ASSUMED_SENSITIVITY,SENSITIVITY_RESULT
favourable,,13.25,47.7,0.5,3.0,0.5,0.5,6.625,29.260416666666668,36.38541666666667,36.88541666666667,SIM-01,sim01_required_range_vs_speed-000054,ASSUMED_SENSITIVITY,SENSITIVITY_RESULT
favourable,,13.5,48.6,0.5,3.0,0.5,0.5,6.75,30.375,37.625,38.125,SIM-01,sim01_required_range_vs_speed-000055,ASSUMED_SENSITIVITY,SENSITIVITY_RESULT
favourable,,13.75,49.5,0.5,3.0,0.5,0.5,6.875,31.510416666666668,38.88541666666667,39.38541666666667,SIM-01,sim01_required_range_vs_speed-000056,ASSUMED_SENSITIVITY,SENSITIVITY_RESULT
favourable,,14.0,50.4,0.5,3.0,0.5,0.5,7.0,32.666666666666664,40.166666666666664,40.666666666666664,SIM-01,sim01_required_range_vs_speed-000057,ASSUMED_SENSITIVITY,SENSITIVITY_RESULT
favourable,,14.25,51.300000000000004,0.5,3.0,0.5,0.5,7.125,33.84375,41.46875,41.96875,SIM-01,sim01_required_range_vs_speed-000058,ASSUMED_SENSITIVITY,SENSITIVITY_RESULT
favourable,,14.5,52.2,0.5,3.0,0.5,0.5,7.25,35.041666666666664,42.791666666666664,43.291666666666664,SIM-01,sim01_required_range_vs_speed-000059,ASSUMED_SENSITIVITY,SENSITIVITY_RESULT
favourable,,14.75,53.1,0.5,3.0,0.5,0.5,7.375,36.260416666666664,44.135416666666664,44.635416666666664,SIM-01,sim01_required_range_vs_speed-000060,ASSUMED_SENSITIVITY,SENSITIVITY_RESULT
favourable,,15.0,54.0,0.5,3.0,0.5,0.5,7.5,37.5,45.5,46.0,SIM-01,sim01_required_range_vs_speed-000061,ASSUMED_SENSITIVITY,SENSITIVITY_RESULT
reference,,0.0,0.0,1.5,1.5,2.0,1.0,0.0,0.0,2.0,3.0,SIM-01,sim01_required_range_vs_speed-000062,ASSUMED_SENSITIVITY,SENSITIVITY_RESULT
reference,,0.25,0.9,1.5,1.5,2.0,1.0,0.375,0.020833333333333332,2.3958333333333335,3.3958333333333335,SIM-01,sim01_required_range_vs_speed-000063,ASSUMED_SENSITIVITY,SENSITIVITY_RESULT
reference,,0.5,1.8,1.5,1.5,2.0,1.0,0.75,0.08333333333333333,2.8333333333333335,3.8333333333333335,SIM-01,sim01_required_range_vs_speed-000064,ASSUMED_SENSITIVITY,SENSITIVITY_RESULT
reference,,0.75,2.7,1.5,1.5,2.0,1.0,1.125,0.1875,3.3125,4.3125,SIM-01,sim01_required_range_vs_speed-000065,ASSUMED_SENSITIVITY,SENSITIVITY_RESULT
reference,,1.0,3.6,1.5,1.5,2.0,1.0,1.5,0.3333333333333333,3.833333333333333,4.833333333333333,SIM-01,sim01_required_range_vs_speed-000066,ASSUMED_SENSITIVITY,SENSITIVITY_RESULT
reference,,1.25,4.5,1.5,1.5,2.0,1.0,1.875,0.5208333333333334,4.395833333333334,5.395833333333334,SIM-01,sim01_required_range_vs_speed-000067,ASSUMED_SENSITIVITY,SENSITIVITY_RESULT
reference,,1.5,5.4,1.5,1.5,2.0,1.0,2.25,0.75,5.0,6.0,SIM-01,sim01_required_range_vs_speed-000068,ASSUMED_SENSITIVITY,SENSITIVITY_RESULT
reference,,1.75,6.3,1.5,1.5,2.0,1.0,2.625,1.0208333333333333,5.645833333333333,6.645833333333333,SIM-01,sim01_required_range_vs_speed-000069,ASSUMED_SENSITIVITY,SENSITIVITY_RESULT
reference,,2.0,7.2,1.5,1.5,2.0,1.0,3.0,1.3333333333333333,6.333333333333333,7.333333333333333,SIM-01,sim01_required_range_vs_speed-000070,ASSUMED_SENSITIVITY,SENSITIVITY_RESULT
reference,,2.25,8.1,1.5,1.5,2.0,1.0,3.375,1.6875,7.0625,8.0625,SIM-01,sim01_required_range_vs_speed-000071,ASSUMED_SENSITIVITY,SENSITIVITY_RESULT
reference,,2.5,9.0,1.5,1.5,2.0,1.0,3.75,2.0833333333333335,7.833333333333334,8.833333333333334,SIM-01,sim01_required_range_vs_speed-000072,ASSUMED_SENSITIVITY,SENSITIVITY_RESULT
reference,,2.75,9.9,1.5,1.5,2.0,1.0,4.125,2.5208333333333335,8.645833333333334,9.645833333333334,SIM-01,sim01_required_range_vs_speed-000073,ASSUMED_SENSITIVITY,SENSITIVITY_RESULT
reference,,3.0,10.8,1.5,1.5,2.0,1.0,4.5,3.0,9.5,10.5,SIM-01,sim01_required_range_vs_speed-000074,ASSUMED_SENSITIVITY,SENSITIVITY_RESULT
reference,,3.25,11.700000000000001,1.5,1.5,2.0,1.0,4.875,3.5208333333333335,10.395833333333334,11.395833333333334,SIM-01,sim01_required_range_vs_speed-000075,ASSUMED_SENSITIVITY,SENSITIVITY_RESULT
reference,,3.5,12.6,1.5,1.5,2.0,1.0,5.25,4.083333333333333,11.333333333333332,12.333333333333332,SIM-01,sim01_required_range_vs_speed-000076,ASSUMED_SENSITIVITY,SENSITIVITY_RESULT
reference,,3.75,13.5,1.5,1.5,2.0,1.0,5.625,4.6875,12.3125,13.3125,SIM-01,sim01_required_range_vs_speed-000077,ASSUMED_SENSITIVITY,SENSITIVITY_RESULT
reference,,4.0,14.4,1.5,1.5,2.0,1.0,6.0,5.333333333333333,13.333333333333332,14.333333333333332,SIM-01,sim01_required_range_vs_speed-000078,ASSUMED_SENSITIVITY,SENSITIVITY_RESULT
reference,,4.25,15.3,1.5,1.5,2.0,1.0,6.375,6.020833333333333,14.395833333333332,15.395833333333332,SIM-01,sim01_required_range_vs_speed-000079,ASSUMED_SENSITIVITY,SENSITIVITY_RESULT
reference,,4.5,16.2,1.5,1.5,2.0,1.0,6.75,6.75,15.5,16.5,SIM-01,sim01_required_range_vs_speed-000080,ASSUMED_SENSITIVITY,SENSITIVITY_RESULT
reference,,4.75,17.1,1.5,1.5,2.0,1.0,7.125,7.520833333333333,16.645833333333332,17.645833333333332,SIM-01,sim01_required_range_vs_speed-000081,ASSUMED_SENSITIVITY,SENSITIVITY_RESULT
reference,,5.0,18.0,1.5,1.5,2.0,1.0,7.5,8.333333333333334,17.833333333333336,18.833333333333336,SIM-01,sim01_required_range_vs_speed-000082,ASSUMED_SENSITIVITY,SENSITIVITY_RESULT
reference,,5.25,18.900000000000002,1.5,1.5,2.0,1.0,7.875,9.1875,19.0625,20.0625,SIM-01,sim01_required_range_vs_speed-000083,ASSUMED_SENSITIVITY,SENSITIVITY_RESULT
reference,,5.5,19.8,1.5,1.5,2.0,1.0,8.25,10.083333333333334,20.333333333333336,21.333333333333336,SIM-01,sim01_required_range_vs_speed-000084,ASSUMED_SENSITIVITY,SENSITIVITY_RESULT
reference,,5.75,20.7,1.5,1.5,2.0,1.0,8.625,11.020833333333334,21.645833333333336,22.645833333333336,SIM-01,sim01_required_range_vs_speed-000085,ASSUMED_SENSITIVITY,SENSITIVITY_RESULT
reference,,6.0,21.6,1.5,1.5,2.0,1.0,9.0,12.0,23.0,24.0,SIM-01,sim01_required_range_vs_speed-000086,ASSUMED_SENSITIVITY,SENSITIVITY_RESULT
reference,,6.25,22.5,1.5,1.5,2.0,1.0,9.375,13.020833333333334,24.395833333333336,25.395833333333336,SIM-01,sim01_required_range_vs_speed-000087,ASSUMED_SENSITIVITY,SENSITIVITY_RESULT
reference,,6.5,23.400000000000002,1.5,1.5,2.0,1.0,9.75,14.083333333333334,25.833333333333336,26.833333333333336,SIM-01,sim01_required_range_vs_speed-000088,ASSUMED_SENSITIVITY,SENSITIVITY_RESULT
reference,,6.75,24.3,1.5,1.5,2.0,1.0,10.125,15.1875,27.3125,28.3125,SIM-01,sim01_required_range_vs_speed-000089,ASSUMED_SENSITIVITY,SENSITIVITY_RESULT
reference,,7.0,25.2,1.5,1.5,2.0,1.0,10.5,16.333333333333332,28.833333333333332,29.833333333333332,SIM-01,sim01_required_range_vs_speed-000090,ASSUMED_SENSITIVITY,SENSITIVITY_RESULT
reference,,7.25,26.1,1.5,1.5,2.0,1.0,10.875,17.520833333333332,30.395833333333332,31.395833333333332,SIM-01,sim01_required_range_vs_speed-000091,ASSUMED_SENSITIVITY,SENSITIVITY_RESULT
reference,,7.5,27.0,1.5,1.5,2.0,1.0,11.25,18.75,32.0,33.0,SIM-01,sim01_required_range_vs_speed-000092,ASSUMED_SENSITIVITY,SENSITIVITY_RESULT
reference,,7.75,27.900000000000002,1.5,1.5,2.0,1.0,11.625,20.020833333333332,33.64583333333333,34.64583333333333,SIM-01,sim01_required_range_vs_speed-000093,ASSUMED_SENSITIVITY,SENSITIVITY_RESULT
reference,,8.0,28.8,1.5,1.5,2.0,1.0,12.0,21.333333333333332,35.33333333333333,36.33333333333333,SIM-01,sim01_required_range_vs_speed-000094,ASSUMED_SENSITIVITY,SENSITIVITY_RESULT
reference,,8.25,29.7,1.5,1.5,2.0,1.0,12.375,22.6875,37.0625,38.0625,SIM-01,sim01_required_range_vs_speed-000095,ASSUMED_SENSITIVITY,SENSITIVITY_RESULT
reference,,8.5,30.6,1.5,1.5,2.0,1.0,12.75,24.083333333333332,38.83333333333333,39.83333333333333,SIM-01,sim01_required_range_vs_speed-000096,ASSUMED_SENSITIVITY,SENSITIVITY_RESULT
reference,,8.75,31.5,1.5,1.5,2.0,1.0,13.125,25.520833333333332,40.64583333333333,41.64583333333333,SIM-01,sim01_required_range_vs_speed-000097,ASSUMED_SENSITIVITY,SENSITIVITY_RESULT
reference,,9.0,32.4,1.5,1.5,2.0,1.0,13.5,27.0,42.5,43.5,SIM-01,sim01_required_range_vs_speed-000098,ASSUMED_SENSITIVITY,SENSITIVITY_RESULT
reference,,9.25,33.300000000000004,1.5,1.5,2.0,1.0,13.875,28.520833333333332,44.39583333333333,45.39583333333333,SIM-01,sim01_required_range_vs_speed-000099,ASSUMED_SENSITIVITY,SENSITIVITY_RESULT
reference,,9.5,34.2,1.5,1.5,2.0,1.0,14.25,30.083333333333332,46.33333333333333,47.33333333333333,SIM-01,sim01_required_range_vs_speed-000100,ASSUMED_SENSITIVITY,SENSITIVITY_RESULT
reference,,9.75,35.1,1.5,1.5,2.0,1.0,14.625,31.6875,48.3125,49.3125,SIM-01,sim01_required_range_vs_speed-000101,ASSUMED_SENSITIVITY,SENSITIVITY_RESULT
reference,,10.0,36.0,1.5,1.5,2.0,1.0,15.0,33.333333333333336,50.333333333333336,51.333333333333336,SIM-01,sim01_required_range_vs_speed-000102,ASSUMED_SENSITIVITY,SENSITIVITY_RESULT
reference,,10.25,36.9,1.5,1.5,2.0,1.0,15.375,35.020833333333336,52.395833333333336,53.395833333333336,SIM-01,sim01_required_range_vs_speed-000103,ASSUMED_SENSITIVITY,SENSITIVITY_RESULT
reference,,10.5,37.800000000000004,1.5,1.5,2.0,1.0,15.75,36.75,54.5,55.5,SIM-01,sim01_required_range_vs_speed-000104,ASSUMED_SENSITIVITY,SENSITIVITY_RESULT
reference,,10.75,38.7,1.5,1.5,2.0,1.0,16.125,38.520833333333336,56.645833333333336,57.645833333333336,SIM-01,sim01_required_range_vs_speed-000105,ASSUMED_SENSITIVITY,SENSITIVITY_RESULT
reference,,11.0,39.6,1.5,1.5,2.0,1.0,16.5,40.333333333333336,58.833333333333336,59.833333333333336,SIM-01,sim01_required_range_vs_speed-000106,ASSUMED_SENSITIVITY,SENSITIVITY_RESULT
reference,,11.25,40.5,1.5,1.5,2.0,1.0,16.875,42.1875,61.0625,62.0625,SIM-01,sim01_required_range_vs_speed-000107,ASSUMED_SENSITIVITY,SENSITIVITY_RESULT
reference,,11.5,41.4,1.5,1.5,2.0,1.0,17.25,44.083333333333336,63.333333333333336,64.33333333333334,SIM-01,sim01_required_range_vs_speed-000108,ASSUMED_SENSITIVITY,SENSITIVITY_RESULT
reference,,11.75,42.300000000000004,1.5,1.5,2.0,1.0,17.625,46.020833333333336,65.64583333333334,66.64583333333334,SIM-01,sim01_required_range_vs_speed-000109,ASSUMED_SENSITIVITY,SENSITIVITY_RESULT
reference,,12.0,43.2,1.5,1.5,2.0,1.0,18.0,48.0,68.0,69.0,SIM-01,sim01_required_range_vs_speed-000110,ASSUMED_SENSITIVITY,SENSITIVITY_RESULT
reference,,12.25,44.1,1.5,1.5,2.0,1.0,18.375,50.020833333333336,70.39583333333334,71.39583333333334,SIM-01,sim01_required_range_vs_speed-000111,ASSUMED_SENSITIVITY,SENSITIVITY_RESULT
reference,,12.5,45.0,1.5,1.5,2.0,1.0,18.75,52.083333333333336,72.83333333333334,73.83333333333334,SIM-01,sim01_required_range_vs_speed-000112,ASSUMED_SENSITIVITY,SENSITIVITY_RESULT
reference,,12.75,45.9,1.5,1.5,2.0,1.0,19.125,54.1875,75.3125,76.3125,SIM-01,sim01_required_range_vs_speed-000113,ASSUMED_SENSITIVITY,SENSITIVITY_RESULT
reference,,13.0,46.800000000000004,1.5,1.5,2.0,1.0,19.5,56.333333333333336,77.83333333333334,78.83333333333334,SIM-01,sim01_required_range_vs_speed-000114,ASSUMED_SENSITIVITY,SENSITIVITY_RESULT
reference,,13.25,47.7,1.5,1.5,2.0,1.0,19.875,58.520833333333336,80.39583333333334,81.39583333333334,SIM-01,sim01_required_range_vs_speed-000115,ASSUMED_SENSITIVITY,SENSITIVITY_RESULT
reference,,13.5,48.6,1.5,1.5,2.0,1.0,20.25,60.75,83.0,84.0,SIM-01,sim01_required_range_vs_speed-000116,ASSUMED_SENSITIVITY,SENSITIVITY_RESULT
reference,,13.75,49.5,1.5,1.5,2.0,1.0,20.625,63.020833333333336,85.64583333333334,86.64583333333334,SIM-01,sim01_required_range_vs_speed-000117,ASSUMED_SENSITIVITY,SENSITIVITY_RESULT
reference,,14.0,50.4,1.5,1.5,2.0,1.0,21.0,65.33333333333333,88.33333333333333,89.33333333333333,SIM-01,sim01_required_range_vs_speed-000118,ASSUMED_SENSITIVITY,SENSITIVITY_RESULT
reference,,14.25,51.300000000000004,1.5,1.5,2.0,1.0,21.375,67.6875,91.0625,92.0625,SIM-01,sim01_required_range_vs_speed-000119,ASSUMED_SENSITIVITY,SENSITIVITY_RESULT
reference,,14.5,52.2,1.5,1.5,2.0,1.0,21.75,70.08333333333333,93.83333333333333,94.83333333333333,SIM-01,sim01_required_range_vs_speed-000120,ASSUMED_SENSITIVITY,SENSITIVITY_RESULT
reference,,14.75,53.1,1.5,1.5,2.0,1.0,22.125,72.52083333333333,96.64583333333333,97.64583333333333,SIM-01,sim01_required_range_vs_speed-000121,ASSUMED_SENSITIVITY,SENSITIVITY_RESULT
reference,,15.0,54.0,1.5,1.5,2.0,1.0,22.5,75.0,99.5,100.5,SIM-01,sim01_required_range_vs_speed-000122,ASSUMED_SENSITIVITY,SENSITIVITY_RESULT
adverse,,0.0,0.0,2.5,0.5,5.0,5.0,0.0,0.0,5.0,10.0,SIM-01,sim01_required_range_vs_speed-000123,ASSUMED_SENSITIVITY,SENSITIVITY_RESULT
adverse,,0.25,0.9,2.5,0.5,5.0,5.0,0.625,0.0625,5.6875,10.6875,SIM-01,sim01_required_range_vs_speed-000124,ASSUMED_SENSITIVITY,SENSITIVITY_RESULT
adverse,,0.5,1.8,2.5,0.5,5.0,5.0,1.25,0.25,6.5,11.5,SIM-01,sim01_required_range_vs_speed-000125,ASSUMED_SENSITIVITY,SENSITIVITY_RESULT
adverse,,0.75,2.7,2.5,0.5,5.0,5.0,1.875,0.5625,7.4375,12.4375,SIM-01,sim01_required_range_vs_speed-000126,ASSUMED_SENSITIVITY,SENSITIVITY_RESULT
adverse,,1.0,3.6,2.5,0.5,5.0,5.0,2.5,1.0,8.5,13.5,SIM-01,sim01_required_range_vs_speed-000127,ASSUMED_SENSITIVITY,SENSITIVITY_RESULT
adverse,,1.25,4.5,2.5,0.5,5.0,5.0,3.125,1.5625,9.6875,14.6875,SIM-01,sim01_required_range_vs_speed-000128,ASSUMED_SENSITIVITY,SENSITIVITY_RESULT
adverse,,1.5,5.4,2.5,0.5,5.0,5.0,3.75,2.25,11.0,16.0,SIM-01,sim01_required_range_vs_speed-000129,ASSUMED_SENSITIVITY,SENSITIVITY_RESULT
adverse,,1.75,6.3,2.5,0.5,5.0,5.0,4.375,3.0625,12.4375,17.4375,SIM-01,sim01_required_range_vs_speed-000130,ASSUMED_SENSITIVITY,SENSITIVITY_RESULT
adverse,,2.0,7.2,2.5,0.5,5.0,5.0,5.0,4.0,14.0,19.0,SIM-01,sim01_required_range_vs_speed-000131,ASSUMED_SENSITIVITY,SENSITIVITY_RESULT
adverse,,2.25,8.1,2.5,0.5,5.0,5.0,5.625,5.0625,15.6875,20.6875,SIM-01,sim01_required_range_vs_speed-000132,ASSUMED_SENSITIVITY,SENSITIVITY_RESULT
adverse,,2.5,9.0,2.5,0.5,5.0,5.0,6.25,6.25,17.5,22.5,SIM-01,sim01_required_range_vs_speed-000133,ASSUMED_SENSITIVITY,SENSITIVITY_RESULT
adverse,,2.75,9.9,2.5,0.5,5.0,5.0,6.875,7.5625,19.4375,24.4375,SIM-01,sim01_required_range_vs_speed-000134,ASSUMED_SENSITIVITY,SENSITIVITY_RESULT
adverse,,3.0,10.8,2.5,0.5,5.0,5.0,7.5,9.0,21.5,26.5,SIM-01,sim01_required_range_vs_speed-000135,ASSUMED_SENSITIVITY,SENSITIVITY_RESULT
adverse,,3.25,11.700000000000001,2.5,0.5,5.0,5.0,8.125,10.5625,23.6875,28.6875,SIM-01,sim01_required_range_vs_speed-000136,ASSUMED_SENSITIVITY,SENSITIVITY_RESULT
adverse,,3.5,12.6,2.5,0.5,5.0,5.0,8.75,12.25,26.0,31.0,SIM-01,sim01_required_range_vs_speed-000137,ASSUMED_SENSITIVITY,SENSITIVITY_RESULT
adverse,,3.75,13.5,2.5,0.5,5.0,5.0,9.375,14.0625,28.4375,33.4375,SIM-01,sim01_required_range_vs_speed-000138,ASSUMED_SENSITIVITY,SENSITIVITY_RESULT
adverse,,4.0,14.4,2.5,0.5,5.0,5.0,10.0,16.0,31.0,36.0,SIM-01,sim01_required_range_vs_speed-000139,ASSUMED_SENSITIVITY,SENSITIVITY_RESULT
adverse,,4.25,15.3,2.5,0.5,5.0,5.0,10.625,18.0625,33.6875,38.6875,SIM-01,sim01_required_range_vs_speed-000140,ASSUMED_SENSITIVITY,SENSITIVITY_RESULT
adverse,,4.5,16.2,2.5,0.5,5.0,5.0,11.25,20.25,36.5,41.5,SIM-01,sim01_required_range_vs_speed-000141,ASSUMED_SENSITIVITY,SENSITIVITY_RESULT
adverse,,4.75,17.1,2.5,0.5,5.0,5.0,11.875,22.5625,39.4375,44.4375,SIM-01,sim01_required_range_vs_speed-000142,ASSUMED_SENSITIVITY,SENSITIVITY_RESULT
adverse,,5.0,18.0,2.5,0.5,5.0,5.0,12.5,25.0,42.5,47.5,SIM-01,sim01_required_range_vs_speed-000143,ASSUMED_SENSITIVITY,SENSITIVITY_RESULT
adverse,,5.25,18.900000000000002,2.5,0.5,5.0,5.0,13.125,27.5625,45.6875,50.6875,SIM-01,sim01_required_range_vs_speed-000144,ASSUMED_SENSITIVITY,SENSITIVITY_RESULT
adverse,,5.5,19.8,2.5,0.5,5.0,5.0,13.75,30.25,49.0,54.0,SIM-01,sim01_required_range_vs_speed-000145,ASSUMED_SENSITIVITY,SENSITIVITY_RESULT
adverse,,5.75,20.7,2.5,0.5,5.0,5.0,14.375,33.0625,52.4375,57.4375,SIM-01,sim01_required_range_vs_speed-000146,ASSUMED_SENSITIVITY,SENSITIVITY_RESULT
adverse,,6.0,21.6,2.5,0.5,5.0,5.0,15.0,36.0,56.0,61.0,SIM-01,sim01_required_range_vs_speed-000147,ASSUMED_SENSITIVITY,SENSITIVITY_RESULT
adverse,,6.25,22.5,2.5,0.5,5.0,5.0,15.625,39.0625,59.6875,64.6875,SIM-01,sim01_required_range_vs_speed-000148,ASSUMED_SENSITIVITY,SENSITIVITY_RESULT
adverse,,6.5,23.400000000000002,2.5,0.5,5.0,5.0,16.25,42.25,63.5,68.5,SIM-01,sim01_required_range_vs_speed-000149,ASSUMED_SENSITIVITY,SENSITIVITY_RESULT
adverse,,6.75,24.3,2.5,0.5,5.0,5.0,16.875,45.5625,67.4375,72.4375,SIM-01,sim01_required_range_vs_speed-000150,ASSUMED_SENSITIVITY,SENSITIVITY_RESULT
adverse,,7.0,25.2,2.5,0.5,5.0,5.0,17.5,49.0,71.5,76.5,SIM-01,sim01_required_range_vs_speed-000151,ASSUMED_SENSITIVITY,SENSITIVITY_RESULT
adverse,,7.25,26.1,2.5,0.5,5.0,5.0,18.125,52.5625,75.6875,80.6875,SIM-01,sim01_required_range_vs_speed-000152,ASSUMED_SENSITIVITY,SENSITIVITY_RESULT
adverse,,7.5,27.0,2.5,0.5,5.0,5.0,18.75,56.25,80.0,85.0,SIM-01,sim01_required_range_vs_speed-000153,ASSUMED_SENSITIVITY,SENSITIVITY_RESULT
adverse,,7.75,27.900000000000002,2.5,0.5,5.0,5.0,19.375,60.0625,84.4375,89.4375,SIM-01,sim01_required_range_vs_speed-000154,ASSUMED_SENSITIVITY,SENSITIVITY_RESULT
adverse,,8.0,28.8,2.5,0.5,5.0,5.0,20.0,64.0,89.0,94.0,SIM-01,sim01_required_range_vs_speed-000155,ASSUMED_SENSITIVITY,SENSITIVITY_RESULT
adverse,,8.25,29.7,2.5,0.5,5.0,5.0,20.625,68.0625,93.6875,98.6875,SIM-01,sim01_required_range_vs_speed-000156,ASSUMED_SENSITIVITY,SENSITIVITY_RESULT
adverse,,8.5,30.6,2.5,0.5,5.0,5.0,21.25,72.25,98.5,103.5,SIM-01,sim01_required_range_vs_speed-000157,ASSUMED_SENSITIVITY,SENSITIVITY_RESULT
adverse,,8.75,31.5,2.5,0.5,5.0,5.0,21.875,76.5625,103.4375,108.4375,SIM-01,sim01_required_range_vs_speed-000158,ASSUMED_SENSITIVITY,SENSITIVITY_RESULT
adverse,,9.0,32.4,2.5,0.5,5.0,5.0,22.5,81.0,108.5,113.5,SIM-01,sim01_required_range_vs_speed-000159,ASSUMED_SENSITIVITY,SENSITIVITY_RESULT
adverse,,9.25,33.300000000000004,2.5,0.5,5.0,5.0,23.125,85.5625,113.6875,118.6875,SIM-01,sim01_required_range_vs_speed-000160,ASSUMED_SENSITIVITY,SENSITIVITY_RESULT
adverse,,9.5,34.2,2.5,0.5,5.0,5.0,23.75,90.25,119.0,124.0,SIM-01,sim01_required_range_vs_speed-000161,ASSUMED_SENSITIVITY,SENSITIVITY_RESULT
adverse,,9.75,35.1,2.5,0.5,5.0,5.0,24.375,95.0625,124.4375,129.4375,SIM-01,sim01_required_range_vs_speed-000162,ASSUMED_SENSITIVITY,SENSITIVITY_RESULT
adverse,,10.0,36.0,2.5,0.5,5.0,5.0,25.0,100.0,130.0,135.0,SIM-01,sim01_required_range_vs_speed-000163,ASSUMED_SENSITIVITY,SENSITIVITY_RESULT
adverse,,10.25,36.9,2.5,0.5,5.0,5.0,25.625,105.0625,135.6875,140.6875,SIM-01,sim01_required_range_vs_speed-000164,ASSUMED_SENSITIVITY,SENSITIVITY_RESULT
adverse,,10.5,37.800000000000004,2.5,0.5,5.0,5.0,26.25,110.25,141.5,146.5,SIM-01,sim01_required_range_vs_speed-000165,ASSUMED_SENSITIVITY,SENSITIVITY_RESULT
adverse,,10.75,38.7,2.5,0.5,5.0,5.0,26.875,115.5625,147.4375,152.4375,SIM-01,sim01_required_range_vs_speed-000166,ASSUMED_SENSITIVITY,SENSITIVITY_RESULT
adverse,,11.0,39.6,2.5,0.5,5.0,5.0,27.5,121.0,153.5,158.5,SIM-01,sim01_required_range_vs_speed-000167,ASSUMED_SENSITIVITY,SENSITIVITY_RESULT
adverse,,11.25,40.5,2.5,0.5,5.0,5.0,28.125,126.5625,159.6875,164.6875,SIM-01,sim01_required_range_vs_speed-000168,ASSUMED_SENSITIVITY,SENSITIVITY_RESULT
adverse,,11.5,41.4,2.5,0.5,5.0,5.0,28.75,132.25,166.0,171.0,SIM-01,sim01_required_range_vs_speed-000169,ASSUMED_SENSITIVITY,SENSITIVITY_RESULT
adverse,,11.75,42.300000000000004,2.5,0.5,5.0,5.0,29.375,138.0625,172.4375,177.4375,SIM-01,sim01_required_range_vs_speed-000170,ASSUMED_SENSITIVITY,SENSITIVITY_RESULT
adverse,,12.0,43.2,2.5,0.5,5.0,5.0,30.0,144.0,179.0,184.0,SIM-01,sim01_required_range_vs_speed-000171,ASSUMED_SENSITIVITY,SENSITIVITY_RESULT
adverse,,12.25,44.1,2.5,0.5,5.0,5.0,30.625,150.0625,185.6875,190.6875,SIM-01,sim01_required_range_vs_speed-000172,ASSUMED_SENSITIVITY,SENSITIVITY_RESULT
adverse,,12.5,45.0,2.5,0.5,5.0,5.0,31.25,156.25,192.5,197.5,SIM-01,sim01_required_range_vs_speed-000173,ASSUMED_SENSITIVITY,SENSITIVITY_RESULT
adverse,,12.75,45.9,2.5,0.5,5.0,5.0,31.875,162.5625,199.4375,204.4375,SIM-01,sim01_required_range_vs_speed-000174,ASSUMED_SENSITIVITY,SENSITIVITY_RESULT
adverse,,13.0,46.800000000000004,2.5,0.5,5.0,5.0,32.5,169.0,206.5,211.5,SIM-01,sim01_required_range_vs_speed-000175,ASSUMED_SENSITIVITY,SENSITIVITY_RESULT
adverse,,13.25,47.7,2.5,0.5,5.0,5.0,33.125,175.5625,213.6875,218.6875,SIM-01,sim01_required_range_vs_speed-000176,ASSUMED_SENSITIVITY,SENSITIVITY_RESULT
adverse,,13.5,48.6,2.5,0.5,5.0,5.0,33.75,182.25,221.0,226.0,SIM-01,sim01_required_range_vs_speed-000177,ASSUMED_SENSITIVITY,SENSITIVITY_RESULT
adverse,,13.75,49.5,2.5,0.5,5.0,5.0,34.375,189.0625,228.4375,233.4375,SIM-01,sim01_required_range_vs_speed-000178,ASSUMED_SENSITIVITY,SENSITIVITY_RESULT
adverse,,14.0,50.4,2.5,0.5,5.0,5.0,35.0,196.0,236.0,241.0,SIM-01,sim01_required_range_vs_speed-000179,ASSUMED_SENSITIVITY,SENSITIVITY_RESULT
adverse,,14.25,51.300000000000004,2.5,0.5,5.0,5.0,35.625,203.0625,243.6875,248.6875,SIM-01,sim01_required_range_vs_speed-000180,ASSUMED_SENSITIVITY,SENSITIVITY_RESULT
adverse,,14.5,52.2,2.5,0.5,5.0,5.0,36.25,210.25,251.5,256.5,SIM-01,sim01_required_range_vs_speed-000181,ASSUMED_SENSITIVITY,SENSITIVITY_RESULT
adverse,,14.75,53.1,2.5,0.5,5.0,5.0,36.875,217.5625,259.4375,264.4375,SIM-01,sim01_required_range_vs_speed-000182,ASSUMED_SENSITIVITY,SENSITIVITY_RESULT
adverse,,15.0,54.0,2.5,0.5,5.0,5.0,37.5,225.0,267.5,272.5,SIM-01,sim01_required_range_vs_speed-000183,ASSUMED_SENSITIVITY,SENSITIVITY_RESULT
