parameter_set,trustworthy_perception_range_m,speed_mps,speed_kmph,response_time_s,effective_deceleration_mps2,margin_m,uncertainty_m,response_distance_m,braking_distance_m,stopping_distance_m,required_perception_range_m,safety_margin_m,positive_speed_available,visibility_m,simulation_id,scenario_id,input_provenance,result_class
favourable,0.0,0.0,0.0,0.5,3.0,0.5,0.5,0.0,0.0,0.5,1.0,-1.0,False,,SIM-01,sim01_safe_speed_vs_range-000001,ASSUMED_SENSITIVITY,SENSITIVITY_RESULT
favourable,1.0,0.0,0.0,0.5,3.0,0.5,0.5,0.0,0.0,0.5,1.0,0.0,False,,SIM-01,sim01_safe_speed_vs_range-000002,ASSUMED_SENSITIVITY,SENSITIVITY_RESULT
favourable,2.0,1.3722813232690143,4.940212763768452,0.5,3.0,0.5,0.5,0.6861406616345072,0.3138593383654928,1.5,2.0,0.0,True,,SIM-01,sim01_safe_speed_vs_range-000003,ASSUMED_SENSITIVITY,SENSITIVITY_RESULT
favourable,3.0,2.274917217635375,8.18970198348735,0.5,3.0,0.5,0.5,1.1374586088176875,0.8625413911823127,2.5,3.0,0.0,True,3.0,SIM-01,sim01_safe_speed_vs_range-000004,ASSUMED_SENSITIVITY,SENSITIVITY_RESULT
favourable,4.0,3.0,10.8,0.5,3.0,0.5,0.5,1.5,1.5,3.5,4.0,0.0,True,4.0,SIM-01,sim01_safe_speed_vs_range-000005,ASSUMED_SENSITIVITY,SENSITIVITY_RESULT
favourable,5.0,3.6234753829797994,13.044511378727279,0.5,3.0,0.5,0.5,1.8117376914898997,2.1882623085101005,4.5,5.0,0.0,True,5.0,SIM-01,sim01_safe_speed_vs_range-000006,ASSUMED_SENSITIVITY,SENSITIVITY_RESULT
favourable,6.0,4.178908345800274,15.044070044880986,0.5,3.0,0.5,0.5,2.089454172900137,2.910545827099863,5.5,6.0,0.0,True,,SIM-01,sim01_safe_speed_vs_range-000007,ASSUMED_SENSITIVITY,SENSITIVITY_RESULT
favourable,7.0,4.68465843842649,16.864770378335365,0.5,3.0,0.5,0.5,2.342329219213245,3.657670780786754,6.499999999999999,6.999999999999999,8.881784197001252e-16,True,,SIM-01,sim01_safe_speed_vs_range-000008,ASSUMED_SENSITIVITY,SENSITIVITY_RESULT
favourable,8.0,5.152067347825035,18.547442452170127,0.5,3.0,0.5,0.5,2.5760336739125176,4.4239663260874815,7.499999999999999,7.999999999999999,8.881784197001252e-16,True,,SIM-01,sim01_safe_speed_vs_range-000009,ASSUMED_SENSITIVITY,SENSITIVITY_RESULT
favourable,9.0,5.588723439378913,20.119404381764085,0.5,3.0,0.5,0.5,2.7943617196894563,5.205638280310544,8.5,9.0,0.0,True,,SIM-01,sim01_safe_speed_vs_range-000010,ASSUMED_SENSITIVITY,SENSITIVITY_RESULT
favourable,10.0,6.0,21.6,0.5,3.0,0.5,0.5,3.0,6.0,9.5,10.0,0.0,True,,SIM-01,sim01_safe_speed_vs_range-000011,ASSUMED_SENSITIVITY,SENSITIVITY_RESULT
favourable,11.0,6.38986691902975,23.0035209085071,0.5,3.0,0.5,0.5,3.194933459514875,6.805066540485124,10.5,11.0,0.0,True,,SIM-01,sim01_safe_speed_vs_range-000012,ASSUMED_SENSITIVITY,SENSITIVITY_RESULT
favourable,12.0,6.761355820929153,24.34088095534495,0.5,3.0,0.5,0.5,3.3806779104645766,7.619322089535424,11.5,12.0,0.0,True,,SIM-01,sim01_safe_speed_vs_range-000013,ASSUMED_SENSITIVITY,SENSITIVITY_RESULT
favourable,13.0,7.116843969807043,25.620638291305355,0.5,3.0,0.5,0.5,3.5584219849035215,8.441578015096479,12.5,13.0,0.0,True,,SIM-01,sim01_safe_speed_vs_range-000014,ASSUMED_SENSITIVITY,SENSITIVITY_RESULT
favourable,14.0,7.458236433584459,26.849651160904052,0.5,3.0,0.5,0.5,3.7291182167922297,9.270881783207772,13.500000000000002,14.000000000000002,-1.7763568394002505e-15,True,,SIM-01,sim01_safe_speed_vs_range-000015,ASSUMED_SENSITIVITY,SENSITIVITY_RESULT
favourable,15.0,7.787087810503355,28.033516117812077,0.5,3.0,0.5,0.5,3.8935439052516774,10.106456094748323,14.5,15.0,0.0,True,,SIM-01,sim01_safe_speed_vs_range-000016,ASSUMED_SENSITIVITY,SENSITIVITY_RESULT
favourable,16.0,8.104686356149273,29.176870882137383,0.5,3.0,0.5,0.5,4.052343178074636,10.947656821925364,15.5,16.0,0.0,True,,SIM-01,sim01_safe_speed_vs_range-000017,ASSUMED_SENSITIVITY,SENSITIVITY_RESULT
favourable,17.0,8.412113800799505,30.283609682878218,0.5,3.0,0.5,0.5,4.206056900399752,11.793943099600249,16.5,17.0,0.0,True,,SIM-01,sim01_safe_speed_vs_range-000018,ASSUMED_SENSITIVITY,SENSITIVITY_RESULT
favourable,18.0,8.71028892833107,31.35704014199185,0.5,3.0,0.5,0.5,4.355144464165535,12.644855535834468,17.500000000000004,18.000000000000004,-3.552713678800501e-15,True,,SIM-01,sim01_safe_speed_vs_range-000019,ASSUMED_SENSITIVITY,SENSITIVITY_RESULT
favourable,19.0,9.0,32.4,0.5,3.0,0.5,0.5,4.5,13.5,18.5,19.0,0.0,True,,SIM-01,sim01_safe_speed_vs_range-000020,ASSUMED_SENSITIVITY,SENSITIVITY_RESULT
favourable,20.0,9.281929326423912,33.41494557512608,0.5,3.0,0.5,0.5,4.640964663211956,14.359035336788041,19.499999999999996,19.999999999999996,3.552713678800501e-15,True,,SIM-01,sim01_safe_speed_vs_range-000021,ASSUMED_SENSITIVITY,SENSITIVITY_RESULT
favourable,21.0,9.55667219374799,34.404019897492766,0.5,3.0,0.5,0.5,4.778336096873995,15.221663903126005,20.5,21.0,0.0,True,,SIM-01,sim01_safe_speed_vs_range-000022,ASSUMED_SENSITIVITY,SENSITIVITY_RESULT
favourable,22.0,9.824751652906125,35.36910595046205,0.5,3.0,0.5,0.5,4.912375826453062,16.08762417354694,21.5,22.0,0.0,True,,SIM-01,sim01_safe_speed_vs_range-000023,ASSUMED_SENSITIVITY,SENSITIVITY_RESULT
favourable,23.0,10.086630226256467,36.31186881452329,0.5,3.0,0.5,0.5,5.043315113128234,16.956684886871766,22.5,23.0,0.0,True,,SIM-01,sim01_safe_speed_vs_range-000024,ASSUMED_SENSITIVITY,SENSITIVITY_RESULT
favourable,24.0,10.342719282327012,37.23378941637724,0.5,3.0,0.5,0.5,5.171359641163506,17.8286403588365,23.500000000000004,24.000000000000004,-3.552713678800501e-15,True,,SIM-01,sim01_safe_speed_vs_range-000025,ASSUMED_SENSITIVITY,SENSITIVITY_RESULT
favourable,25.0,10.593386622447825,38.136191840812174,0.5,3.0,0.5,0.5,5.296693311223913,18.70330668877609,24.500000000000004,25.000000000000004,-3.552713678800501e-15,True,,SIM-01,sim01_safe_speed_vs_range-000026,ASSUMED_SENSITIVITY,SENSITIVITY_RESULT
favourable,26.0,10.838962679253067,39.02026564531104,0.5,3.0,0.5,0.5,5.419481339626533,19.580518660373468,25.5,26.0,0.0,True,,SIM-01,sim01_safe_speed_vs_range-000027,ASSUMED_SENSITIVITY,SENSITIVITY_RESULT
favourable,27.0,11.079745625409124,39.88708425147285,0.5,3.0,0.5,0.5,5.539872812704562,20.460127187295438,26.5,27.0,0.0,True,,SIM-01,sim01_safe_speed_vs_range-000028,ASSUMED_SENSITIVITY,SENSITIVITY_RESULT
favourable,28.0,11.316005617976298,40.737620224714675,0.5,3.0,0.5,0.5,5.658002808988149,21.341997191011856,27.500000000000007,28.000000000000007,-7.105427357601002e-15,True,,SIM-01,sim01_safe_speed_vs_range-000029,ASSUMED_SENSITIVITY,SENSITIVITY_RESULT
favourable,29.0,11.547988350699889,41.572758062519604,0.5,3.0,0.5,0.5,5.773994175349944,22.226005824650056,28.5,29.0,0.0,True,,SIM-01,sim01_safe_speed_vs_range-000030,ASSUMED_SENSITIVITY,SENSITIVITY_RESULT
favourable,30.0,11.775918047351754,42.39330497046631,0.5,3.0,0.5,0.5,5.887959023675877,23.112040976324124,29.5,30.0,0.0,True,,SIM-01,sim01_safe_speed_vs_range-000031,ASSUMED_SENSITIVITY,SENSITIVITY_RESULT
favourable,31.0,12.0,43.2,0.5,3.0,0.5,0.5,6.0,24.0,30.5,31.0,0.0,True,,SIM-01,sim01_safe_speed_vs_range-000032,ASSUMED_SENSITIVITY,SENSITIVITY_RESULT
favourable,32.0,12.220422734012244,43.99352184244408,0.5,3.0,0.5,0.5,6.110211367006122,24.88978863299388,31.500000000000004,32.0,0.0,True,,SIM-01,sim01_safe_speed_vs_range-000033,ASSUMED_SENSITIVITY,SENSITIVITY_RESULT
favourable,33.0,12.437359864766355,44.77449551315888,0.5,3.0,0.5,0.5,6.218679932383178,25.78132006761683,32.50000000000001,33.00000000000001,-7.105427357601002e-15,True,,SIM-01,sim01_safe_speed_vs_range-000034,ASSUMED_SENSITIVITY,SENSITIVITY_RESULT
favourable,34.0,12.650971698084906,45.54349811310566,0.5,3.0,0.5,0.5,6.325485849042453,26.67451415095755,33.5,34.0,0.0,True,,SIM-01,sim01_safe_speed_vs_range-000035,ASSUMED_SENSITIVITY,SENSITIVITY_RESULT
favourable,35.0,12.861406616345072,46.30106381884226,0.5,3.0,0.5,0.5,6.430703308172536,27.569296691827464,34.5,35.0,0.0,True,,SIM-01,sim01_safe_speed_vs_range-000036,ASSUMED_SENSITIVITY,SENSITIVITY_RESULT
favourable,36.0,13.068802284333465,47.047688223600474,0.5,3.0,0.5,0.5,6.5344011421667325,28.465598857833267,35.5,36.0,0.0,True,,SIM-01,sim01_safe_speed_vs_range-000037,ASSUMED_SENSITIVITY,SENSITIVITY_RESULT
favourable,37.0,13.273286702694158,47.78383212969897,0.5,3.0,0.5,0.5,6.636643351347079,29.363356648652925,36.5,37.0,0.0,True,,SIM-01,sim01_safe_speed_vs_range-000038,ASSUMED_SENSITIVITY,SENSITIVITY_RESULT
favourable,38.0,13.474979131871937,48.50992487473897,0.5,3.0,0.5,0.5,6.737489565935968,30.26251043406403,37.5,38.0,0.0,True,,SIM-01,sim01_safe_speed_vs_range-000039,ASSUMED_SENSITIVITY,SENSITIVITY_RESULT
favourable,39.0,13.673990905493518,49.226367259776666,0.5,3.0,0.5,0.5,6.836995452746759,31.16300454725324,38.5,39.0,0.0,True,,SIM-01,sim01_safe_speed_vs_range-000040,ASSUMED_SENSITIVITY,SENSITIVITY_RESULT
favourable,40.0,13.870426148939398,49.933534136181834,0.5,3.0,0.5,0.5,6.935213074469699,32.064786925530306,39.50000000000001,40.00000000000001,-7.105427357601002e-15,True,,SIM-01,sim01_safe_speed_vs_range-000041,ASSUMED_SENSITIVITY,SENSITIVITY_RESULT
favourable,41.0,14.06438241627338,50.63177669858417,0.5,3.0,0.5,0.5,7.03219120813669,32.96780879186331,40.5,41.0,0.0,True,,SIM-01,sim01_safe_speed_vs_range-000042,ASSUMED_SENSITIVITY,SENSITIVITY_RESULT
favourable,42.0,14.255951256588732,51.321424523719436,0.5,3.0,0.5,0.5,7.127975628294366,33.87202437170564,41.50000000000001,42.00000000000001,-7.105427357601002e-15,True,,SIM-01,sim01_safe_speed_vs_range-000043,ASSUMED_SENSITIVITY,SENSITIVITY_RESULT
favourable,43.0,14.445218719101973,52.0027873887671,0.5,3.0,0.5,0.5,7.222609359550987,34.777390640449006,42.49999999999999,42.99999999999999,7.105427357601002e-15,True,,SIM-01,sim01_safe_speed_vs_range-000044,ASSUMED_SENSITIVITY,SENSITIVITY_RESULT
favourable,44.0,14.632265804901678,52.676156897646045,0.5,3.0,0.5,0.5,7.316132902450839,35.68386709754916,43.5,44.0,0.0,True,,SIM-01,sim01_safe_speed_vs_range-000045,ASSUMED_SENSITIVITY,SENSITIVITY_RESULT
favourable,45.0,14.817168872080721,53.3418079394906,0.5,3.0,0.5,0.5,7.4085844360403605,36.59141556395964,44.5,45.0,0.0,True,,SIM-01,sim01_safe_speed_vs_range-000046,ASSUMED_SENSITIVITY,SENSITIVITY_RESULT
favourable,46.0,15.0,54.0,0.5,3.0,0.5,0.5,7.5,37.5,45.5,46.0,0.0,True,,SIM-01,sim01_safe_speed_vs_range-000047,ASSUMED_SENSITIVITY,SENSITIVITY_RESULT
favourable,47.0,15.180827317612277,54.6509783434042,0.5,3.0,0.5,0.5,7.590413658806138,38.40958634119386,46.5,47.0,0.0,True,,SIM-01,sim01_safe_speed_vs_range-000048,ASSUMED_SENSITIVITY,SENSITIVITY_RESULT
favourable,48.0,15.359715300087364,55.294975080314515,0.5,3.0,0.5,0.5,7.679857650043682,39.32014234995631,47.49999999999999,47.99999999999999,7.105427357601002e-15,True,,SIM-01,sim01_safe_speed_vs_range-000049,ASSUMED_SENSITIVITY,SENSITIVITY_RESULT
favourable,49.0,15.53672503740082,55.93221013464296,0.5,3.0,0.5,0.5,7.76836251870041,40.23163748129959,48.5,49.0,0.0,True,,SIM-01,sim01_safe_speed_vs_range-000050,ASSUMED_SENSITIVITY,SENSITIVITY_RESULT
favourable,50.0,15.711914478058507,56.56289212101063,0.5,3.0,0.5,0.5,7.855957239029253,41.144042760970756,49.50000000000001,50.00000000000001,-7.105427357601002e-15,True,,SIM-01,sim01_safe_speed_vs_range-000051,ASSUMED_SENSITIVITY,SENSITIVITY_RESULT
favourable,51.0,15.88533865071371,57.187219142569354,0.5,3.0,0.5,0.5,7.942669325356855,42.05733067464315,50.5,51.0,0.0,True,,SIM-01,sim01_safe_speed_vs_range-000052,ASSUMED_SENSITIVITY,SENSITIVITY_RESULT
favourable,52.0,16.05704986607944,57.80537951788598,0.5,3.0,0.5,0.5,8.02852493303972,42.97147506696029,51.50000000000001,52.00000000000001,-7.105427357601002e-15,True,,SIM-01,sim01_safe_speed_vs_range-000053,ASSUMED_SENSITIVITY,SENSITIVITY_RESULT
favourable,53.0,16.227097901235837,58.417552444449015,0.5,3.0,0.5,0.5,8.113548950617918,43.88645104938208,52.5,53.0,0.0,True,,SIM-01,sim01_safe_speed_vs_range-000054,ASSUMED_SENSITIVITY,SENSITIVITY_RESULT
favourable,54.0,16.39553016817328,59.02390860542381,0.5,3.0,0.5,0.5,8.19776508408664,44.80223491591337,53.50000000000001,54.00000000000001,-7.105427357601002e-15,True,,SIM-01,sim01_safe_speed_vs_range-000055,ASSUMED_SENSITIVITY,SENSITIVITY_RESULT
favourable,55.0,16.562391868188442,59.62461072547839,0.5,3.0,0.5,0.5,8.281195934094221,45.71880406590577,54.49999999999999,54.99999999999999,7.105427357601002e-15,True,,SIM-01,sim01_safe_speed_vs_range-000056,ASSUMED_SENSITIVITY,SENSITIVITY_RESULT
favourable,56.0,16.727726133558185,60.21981408080947,0.5,3.0,0.5,0.5,8.363863066779093,46.63613693322091,55.5,56.0,0.0,True,,SIM-01,sim01_safe_speed_vs_range-000057,ASSUMED_SENSITIVITY,SENSITIVITY_RESULT
favourable,57.0,16.89157415774952,60.80966696789827,0.5,3.0,0.5,0.5,8.44578707887476,47.554212921125234,56.49999999999999,56.99999999999999,7.105427357601002e-15,True,,SIM-01,sim01_safe_speed_vs_range-000058,ASSUMED_SENSITIVITY,SENSITIVITY_RESULT
favourable,58.0,17.053975315279473,61.394311135006106,0.5,3.0,0.5,0.5,8.526987657639737,48.47301234236027,57.50000000000001,58.00000000000001,-7.105427357601002e-15,True,,SIM-01,sim01_safe_speed_vs_range-000059,ASSUMED_SENSITIVITY,SENSITIVITY_RESULT
favourable,59.0,17.214967272212903,61.97388217996645,0.5,3.0,0.5,0.5,8.607483636106451,49.392516363893556,58.50000000000001,59.00000000000001,-7.105427357601002e-15,True,,SIM-01,sim01_safe_speed_vs_range-000060,ASSUMED_SENSITIVITY,SENSITIVITY_RESULT
favourable,60.0,17.374586088176873,62.548509917436746,0.5,3.0,0.5,0.5,8.687293044088436,50.31270695591155,59.499999999999986,59.999999999999986,1.4210854715202004e-14,True,,SIM-01,sim01_safe_speed_vs_range-000061,ASSUMED_SENSITIVITY,SENSITIVITY_RESULT
favourable,61.0,17.53286631067428,63.11831871842741,0.5,3.0,0.5,0.5,8.76643315533714,51.23356684466285,60.49999999999999,60.99999999999999,7.105427357601002e-15,True,,SIM-01,sim01_safe_speed_vs_range-000062,ASSUMED_SENSITIVITY,SENSITIVITY_RESULT
favourable,62.0,17.689841062395487,63.683427824623756,0.5,3.0,0.5,0.5,8.844920531197744,52.15507946880225,61.49999999999999,61.99999999999999,7.105427357601002e-15,True,,SIM-01,sim01_safe_speed_vs_range-000063,ASSUMED_SENSITIVITY,SENSITIVITY_RESULT
favourable,63.0,17.845542122153102,64.24395163975117,0.5,3.0,0.5,0.5,8.922771061076551,53.07722893892344,62.49999999999999,62.99999999999999,7.105427357601002e-15,True,,SIM-01,sim01_safe_speed_vs_range-000064,ASSUMED_SENSITIVITY,SENSITIVITY_RESULT
favourable,64.0,18.0,64.8,0.5,3.0,0.5,0.5,9.0,54.0,63.5,64.0,0.0,True,,SIM-01,sim01_safe_speed_vs_range-000065,ASSUMED_SENSITIVITY,SENSITIVITY_RESULT
favourable,65.0,18.153244007033546,65.35167842532077,0.5,3.0,0.5,0.5,9.076622003516773,54.923377996483225,64.5,65.0,0.0,True,,SIM-01,sim01_safe_speed_vs_range-000066,ASSUMED_SENSITIVITY,SENSITIVITY_RESULT
favourable,66.0,18.30530232033836,65.89908835321809,0.5,3.0,0.5,0.5,9.15265116016918,55.84734883983082,65.5,66.0,0.0,True,,SIM-01,sim01_safe_speed_vs_range-000067,ASSUMED_SENSITIVITY,SENSITIVITY_RESULT
favourable,67.0,18.456202043475106,66.44232735651038,0.5,3.0,0.5,0.5,9.228101021737553,56.77189897826244,66.5,67.0,0.0,True,,SIM-01,sim01_safe_speed_vs_range-000068,ASSUMED_SENSITIVITY,SENSITIVITY_RESULT
favourable,68.0,18.6059692628831,66.98148934637916,0.5,3.0,0.5,0.5,9.30298463144155,57.69701536855845,67.5,68.0,0.0,True,,SIM-01,sim01_safe_speed_vs_range-000069,ASSUMED_SENSITIVITY,SENSITIVITY_RESULT
favourable,69.0,18.754629100529094,67.51666476190474,0.5,3.0,0.5,0.5,9.377314550264547,58.62268544973546,68.5,69.0,0.0,True,,SIM-01,sim01_safe_speed_vs_range-000070,ASSUMED_SENSITIVITY,SENSITIVITY_RESULT
favourable,70.0,18.902205763103165,68.0479407471714,0.5,3.0,0.5,0.5,9.451102881551583,59.548897118448416,69.5,70.0,0.0,True,,SIM-01,sim01_safe_speed_vs_range-000071,ASSUMED_SENSITIVITY,SENSITIVITY_RESULT
favourable,71.0,19.04872258803452,68.57540131692427,0.5,3.0,0.5,0.5,9.52436129401726,60.47563870598275,70.50000000000001,71.00000000000001,-1.4210854715202004e-14,True,,SIM-01,sim01_safe_speed_vs_range-000072,ASSUMED_SENSITIVITY,SENSITIVITY_RESULT
favourable,72.0,19.194202086574876,69.09912751166955,0.5,3.0,0.5,0.5,9.597101043287438,61.402898956712555,71.5,72.0,0.0,True,,SIM-01,sim01_safe_speed_vs_range-000073,ASSUMED_SENSITIVITY,SENSITIVITY_RESULT
favourable,73.0,19.338665984174707,69.61919754302895,0.5,3.0,0.5,0.5,9.669332992087353,62.330667007912645,72.5,73.0,0.0,True,,SIM-01,sim01_safe_speed_vs_range-000074,ASSUMED_SENSITIVITY,SENSITIVITY_RESULT
favourable,74.0,19.482135258357285,70.13568693008622,0.5,3.0,0.5,0.5,9.741067629178643,63.25893237082135,73.49999999999999,73.99999999999999,1.4210854715202004e-14,True,,SIM-01,sim01_safe_speed_vs_range-000075,ASSUMED_SENSITIVITY,SENSITIVITY_RESULT
favourable,75.0,19.62463017427761,70.64866862739939,0.5,3.0,0.5,0.5,9.812315087138805,64.1876849128612,74.5,75.0,0.0,True,,SIM-01,sim01_safe_speed_vs_range-000076,ASSUMED_SENSITIVITY,SENSITIVITY_RESULT
favourable,76.0,19.766170318136737,71.15821314529225,0.5,3.0,0.5,0.5,9.883085159068369,65.11691484093163,75.5,76.0,0.0,True,,SIM-01,sim01_safe_speed_vs_range-000077,ASSUMED_SENSITIVITY,SENSITIVITY_RESULT
favourable,77.0,19.906774628607646,71.66438866298753,0.5,3.0,0.5,0.5,9.953387314303823,66.04661268569619,76.50000000000001,77.00000000000001,-1.4210854715202004e-14,True,,SIM-01,sim01_safe_speed_vs_range-000078,ASSUMED_SENSITIVITY,SENSITIVITY_RESULT
favourable,78.0,20.04646142641524,72.16726113509488,0.5,3.0,0.5,0.5,10.02323071320762,66.97676928679236,77.49999999999999,77.99999999999999,1.4210854715202004e-14,True,,SIM-01,sim01_safe_speed_vs_range-000079,ASSUMED_SENSITIVITY,SENSITIVITY_RESULT
favourable,79.0,20.18524844220144,72.6668943919252,0.5,3.0,0.5,0.5,10.09262422110072,67.9073757788993,78.50000000000001,79.00000000000001,-1.4210854715202004e-14,True,,SIM-01,sim01_safe_speed_vs_range-000080,ASSUMED_SENSITIVITY,SENSITIVITY_RESULT
favourable,80.0,20.323152842795196,73.1633502340627,0.5,3.0,0.5,0.5,10.161576421397598,68.83842357860242,79.50000000000001,80.00000000000001,-1.4210854715202004e-14,True,,SIM-01,sim01_safe_speed_vs_range-000081,ASSUMED_SENSITIVITY,SENSITIVITY_RESULT
favourable,81.0,20.46019125599775,73.6566885215919,0.5,3.0,0.5,0.5,10.230095627998875,69.76990437200112,80.5,81.0,0.0,True,,SIM-01,sim01_safe_speed_vs_range-000082,ASSUMED_SENSITIVITY,SENSITIVITY_RESULT
favourable,82.0,20.596379793984354,74.14696725834368,0.5,3.0,0.5,0.5,10.298189896992177,70.70181010300783,81.5,82.0,0.0,True,,SIM-01,sim01_safe_speed_vs_range-000083,ASSUMED_SENSITIVITY,SENSITIVITY_RESULT
favourable,83.0,20.731734075415712,74.63424267149657,0.5,3.0,0.5,0.5,10.365867037707856,71.63413296229216,82.50000000000001,83.00000000000001,-1.4210854715202004e-14,True,,SIM-01,sim01_safe_speed_vs_range-000084,ASSUMED_SENSITIVITY,SENSITIVITY_RESULT
favourable,84.0,20.86626924634504,75.11856928684215,0.5,3.0,0.5,0.5,10.43313462317252,72.56686537682748,83.5,84.0,0.0,True,,SIM-01,sim01_safe_speed_vs_range-000085,ASSUMED_SENSITIVITY,SENSITIVITY_RESULT
favourable,85.0,21.0,75.60000000000001,0.5,3.0,0.5,0.5,10.5,73.5,84.5,85.0,0.0,True,,SIM-01,sim01_safe_speed_vs_range-000086,ASSUMED_SENSITIVITY,SENSITIVITY_RESULT
favourable,86.0,21.13294059551255,76.07858614384519,0.5,3.0,0.5,0.5,10.566470297756275,74.43352970224373,85.5,86.0,0.0,True,,SIM-01,sim01_safe_speed_vs_range-000087,ASSUMED_SENSITIVITY,SENSITIVITY_RESULT
favourable,87.0,21.26510487566442,76.55437755239191,0.5,3.0,0.5,0.5,10.63255243783221,75.36744756216778,86.5,87.0,0.0,True,,SIM-01,sim01_safe_speed_vs_range-000088,ASSUMED_SENSITIVITY,SENSITIVITY_RESULT
favourable,88.0,21.396506283710625,77.02742262135826,0.5,3.0,0.5,0.5,10.698253141855313,76.30174685814471,87.50000000000003,88.00000000000003,-2.842170943040401e-14,True,,SIM-01,sim01_safe_speed_vs_range-000089,ASSUMED_SENSITIVITY,SENSITIVITY_RESULT
favourable,89.0,21.52715787933891,77.49776836562008,0.5,3.0,0.5,0.5,10.763578939669454,77.23642106033054,88.5,89.0,0.0,True,,SIM-01,sim01_safe_speed_vs_range-000090,ASSUMED_SENSITIVITY,SENSITIVITY_RESULT
favourable,90.0,21.657072353818823,77.96546047374777,0.5,3.0,0.5,0.5,10.828536176909411,78.17146382309059,89.5,90.0,0.0,True,,SIM-01,sim01_safe_speed_vs_range-000091,ASSUMED_SENSITIVITY,SENSITIVITY_RESULT
favourable,91.0,21.786262044390032,78.43054335980412,0.5,3.0,0.5,0.5,10.893131022195016,79.10686897780495,90.49999999999997,90.99999999999997,2.842170943040401e-14,True,,SIM-01,sim01_safe_speed_vs_range-000092,ASSUMED_SENSITIVITY,SENSITIVITY_RESULT
favourable,92.0,21.91473894793619,78.89306021257029,0.5,3.0,0.5,0.5,10.957369473968095,80.0426305260319,91.5,92.0,0.0,True,,SIM-01,sim01_safe_speed_vs_range-000093,ASSUMED_SENSITIVITY,SENSITIVITY_RESULT
favourable,93.0,22.042514733987105,79.35305304235358,0.5,3.0,0.5,0.5,11.021257366993552,80.97874263300643,92.49999999999999,92.99999999999999,1.4210854715202004e-14,True,,SIM-01,sim01_safe_speed_vs_range-000094,ASSUMED_SENSITIVITY,SENSITIVITY_RESULT
favourable,94.0,22.169600757089253,79.81056272552131,0.5,3.0,0.5,0.5,11.084800378544626,81.91519962145539,93.50000000000001,94.00000000000001,-1.4210854715202004e-14,True,,SIM-01,sim01_safe_speed_vs_range-000095,ASSUMED_SENSITIVITY,SENSITIVITY_RESULT
favourable,95.0,22.29600806858159,80.26562904689372,0.5,3.0,0.5,0.5,11.148004034290794,82.85199596570922,94.50000000000001,95.00000000000001,-1.4210854715202004e-14,True,,SIM-01,sim01_safe_speed_vs_range-000096,ASSUMED_SENSITIVITY,SENSITIVITY_RESULT
favourable,96.0,22.42174742781137,80.71829074012093,0.5,3.0,0.5,0.5,11.210873713905684,83.78912628609429,95.49999999999997,95.99999999999997,2.842170943040401e-14,True,,SIM-01,sim01_safe_speed_vs_range-000097,ASSUMED_SENSITIVITY,SENSITIVITY_RESULT
favourable,97.0,22.546829312822094,81.16858552615955,0.5,3.0,0.5,0.5,11.273414656411047,84.72658534358894,96.49999999999999,96.99999999999999,1.4210854715202004e-14,True,,SIM-01,sim01_safe_speed_vs_range-000098,ASSUMED_SENSITIVITY,SENSITIVITY_RESULT
favourable,98.0,22.671263930543642,81.6165501499571,0.5,3.0,0.5,0.5,11.335631965271821,85.66436803472818,97.5,98.0,0.0,True,,SIM-01,sim01_safe_speed_vs_range-000099,ASSUMED_SENSITIVITY,SENSITIVITY_RESULT
favourable,99.0,22.795061226512683,82.06222041544567,0.5,3.0,0.5,0.5,11.397530613256341,86.60246938674364,98.49999999999997,98.99999999999997,2.842170943040401e-14,True,,SIM-01,sim01_safe_speed_vs_range-000100,ASSUMED_SENSITIVITY,SENSITIVITY_RESULT
favourable,100.0,22.91823089414956,82.50563121893842,0.5,3.0,0.5,0.5,11.45911544707478,87.54088455292522,99.5,100.0,0.0,True,,SIM-01,sim01_safe_speed_vs_range-000101,ASSUMED_SENSITIVITY,SENSITIVITY_RESULT
favourable,101.0,23.040782383616055,82.9468165810178,0.5,3.0,0.5,0.5,11.520391191808027,88.47960880819198,100.50000000000001,101.00000000000001,-1.4210854715202004e-14,True,,SIM-01,sim01_safe_speed_vs_range-000102,ASSUMED_SENSITIVITY,SENSITIVITY_RESULT
favourable,102.0,23.16272491027705,83.38580967699738,0.5,3.0,0.5,0.5,11.581362455138525,89.4186375448615,101.50000000000003,102.00000000000003,-2.842170943040401e-14,True,,SIM-01,sim01_safe_speed_vs_range-000103,ASSUMED_SENSITIVITY,SENSITIVITY_RESULT
favourable,103.0,23.284067462787462,83.82264286603487,0.5,3.0,0.5,0.5,11.642033731393731,90.35796626860629,102.50000000000003,103.00000000000003,-2.842170943040401e-14,True,,SIM-01,sim01_safe_speed_vs_range-000104,ASSUMED_SENSITIVITY,SENSITIVITY_RESULT
favourable,104.0,23.404818810824544,84.25734771896836,0.5,3.0,0.5,0.5,11.702409405412272,91.29759059458775,103.50000000000001,104.00000000000001,-1.4210854715202004e-14,True,,SIM-01,sim01_safe_speed_vs_range-000105,ASSUMED_SENSITIVITY,SENSITIVITY_RESULT
favourable,105.0,23.524987512484397,84.68995504494383,0.5,3.0,0.5,0.5,11.762493756242199,92.2375062437578,104.5,105.0,0.0,True,,SIM-01,sim01_safe_speed_vs_range-000106,ASSUMED_SENSITIVITY,SENSITIVITY_RESULT
favourable,106.0,23.644581921360313,85.12049491689713,0.5,3.0,0.5,0.5,11.822290960680157,93.17770903931982,105.49999999999997,105.99999999999997,2.842170943040401e-14,True,,SIM-01,sim01_safe_speed_vs_range-000107,ASSUMED_SENSITIVITY,SENSITIVITY_RESULT
favourable,107.0,23.76361019331956,85.54899669595042,0.5,3.0,0.5,0.5,11.88180509665978,94.11819490334022,106.5,107.0,0.0,True,,SIM-01,sim01_safe_speed_vs_range-000108,ASSUMED_SENSITIVITY,SENSITIVITY_RESULT
favourable,108.0,23.88208029299411,85.9754890547788,0.5,3.0,0.5,0.5,11.941040146497055,95.05895985350294,107.5,108.0,0.0,True,,SIM-01,sim01_safe_speed_vs_range-000109,ASSUMED_SENSITIVITY,SENSITIVITY_RESULT
favourable,109.0,24.0,86.4,0.5,3.0,0.5,0.5,12.0,96.0,108.5,109.0,0.0,True,,SIM-01,sim01_safe_speed_vs_range-000110,ASSUMED_SENSITIVITY,SENSITIVITY_RESULT
favourable,110.0,24.117376914898994,86.82255689363637,0.5,3.0,0.5,0.5,12.058688457449497,96.94131154255048,109.49999999999997,109.99999999999997,2.842170943040401e-14,True,,SIM-01,sim01_safe_speed_vs_range-000111,ASSUMED_SENSITIVITY,SENSITIVITY_RESULT
favourable,111.0,24.23421846491554,87.24318647369594,0.5,3.0,0.5,0.5,12.11710923245777,97.88289076754222,110.49999999999999,110.99999999999999,1.4210854715202004e-14,True,,SIM-01,sim01_safe_speed_vs_range-000112,ASSUMED_SENSITIVITY,SENSITIVITY_RESULT
favourable,112.0,24.35053190942113,87.66191487391606,0.5,3.0,0.5,0.5,12.175265954710564,98.82473404528945,111.50000000000001,112.00000000000001,-1.4210854715202004e-14,True,,SIM-01,sim01_safe_speed_vs_range-000113,ASSUMED_SENSITIVITY,SENSITIVITY_RESULT
favourable,113.0,24.46632434519757,88.07876764271126,0.5,3.0,0.5,0.5,12.233162172598785,99.76683782740122,112.5,113.0,0.0,True,,SIM-01,sim01_safe_speed_vs_range-000114,ASSUMED_SENSITIVITY,SENSITIVITY_RESULT
favourable,114.0,24.581602711489953,88.49376976136384,0.5,3.0,0.5,0.5,12.290801355744977,100.70919864425504,113.50000000000001,114.00000000000001,-1.4210854715202004e-14,True,,SIM-01,sim01_safe_speed_vs_range-000115,ASSUMED_SENSITIVITY,SENSITIVITY_RESULT
favourable,115.0,24.696373794859472,88.9069456614941,0.5,3.0,0.5,0.5,12.348186897429736,101.65181310257027,114.50000000000001,115.00000000000001,-1.4210854715202004e-14,True,,SIM-01,sim01_safe_speed_vs_range-000116,ASSUMED_SENSITIVITY,SENSITIVITY_RESULT
favourable,116.0,24.810644233845736,89.31831924184465,0.5,3.0,0.5,0.5,12.405322116922868,102.59467788307711,115.49999999999997,115.99999999999997,2.842170943040401e-14,True,,SIM-01,sim01_safe_speed_vs_range-000117,ASSUMED_SENSITIVITY,SENSITIVITY_RESULT
favourable,117.0,24.924420523447626,89.72791388441145,0.5,3.0,0.5,0.5,12.462210261723813,103.5377897382762,116.50000000000001,117.00000000000001,-1.4210854715202004e-14,True,,SIM-01,sim01_safe_speed_vs_range-000118,ASSUMED_SENSITIVITY,SENSITIVITY_RESULT
favourable,118.0,25.0377090194312,90.13575246995232,0.5,3.0,0.5,0.5,12.5188545097156,104.48114549028442,117.50000000000001,118.00000000000001,-1.4210854715202004e-14,True,,SIM-01,sim01_safe_speed_vs_range-000119,ASSUMED_SENSITIVITY,SENSITIVITY_RESULT
favourable,119.0,25.150515942472857,90.54185739290229,0.5,3.0,0.5,0.5,12.575257971236429,105.42474202876356,118.49999999999999,118.99999999999999,1.4210854715202004e-14,True,,SIM-01,sim01_safe_speed_vs_range-000120,ASSUMED_SENSITIVITY,SENSITIVITY_RESULT
favourable,120.0,25.26284738214527,90.94625057572297,0.5,3.0,0.5,0.5,12.631423691072635,106.36857630892736,119.5,120.0,0.0,True,,SIM-01,sim01_safe_speed_vs_range-000121,ASSUMED_SENSITIVITY,SENSITIVITY_RESULT
favourable,121.0,25.374709300753377,91.34895348271216,0.5,3.0,0.5,0.5,12.687354650376689,107.31264534962332,120.50000000000001,121.00000000000001,-1.4210854715202004e-14,True,,SIM-01,sim01_safe_speed_vs_range-000122,ASSUMED_SENSITIVITY,SENSITIVITY_RESULT
favourable,122.0,25.48610753702727,91.74998713329818,0.5,3.0,0.5,0.5,12.743053768513635,108.25694623148637,121.5,122.0,0.0,True,,SIM-01,sim01_safe_speed_vs_range-000123,ASSUMED_SENSITIVITY,SENSITIVITY_RESULT
favourable,123.0,25.597047809678454,92.14937211484244,0.5,3.0,0.5,0.5,12.798523904839227,109.20147609516074,122.49999999999997,122.99999999999997,2.842170943040401e-14,True,,SIM-01,sim01_safe_speed_vs_range-000124,ASSUMED_SENSITIVITY,SENSITIVITY_RESULT
favourable,124.0,25.707535720825582,92.5471285949721,0.5,3.0,0.5,0.5,12.853767860412791,110.14623213958721,123.5,124.0,0.0,True,,SIM-01,sim01_safe_speed_vs_range-000125,ASSUMED_SENSITIVITY,SENSITIVITY_RESULT
favourable,125.0,25.817576759295466,92.94327633346369,0.5,3.0,0.5,0.5,12.908788379647733,111.09121162035223,124.49999999999996,124.99999999999996,4.263256414560601e-14,True,,SIM-01,sim01_safe_speed_vs_range-000126,ASSUMED_SENSITIVITY,SENSITIVITY_RESULT
favourable,126.0,25.927176303804956,93.33783469369784,0.5,3.0,0.5,0.5,12.963588151902478,112.03641184809753,125.5,126.0,0.0,True,,SIM-01,sim01_safe_speed_vs_range-000127,ASSUMED_SENSITIVITY,SENSITIVITY_RESULT
favourable,127.0,26.036339626028727,93.73082265370343,0.5,3.0,0.5,0.5,13.018169813014364,112.98183018698562,126.49999999999999,126.99999999999999,1.4210854715202004e-14,True,,SIM-01,sim01_safe_speed_vs_range-000128,ASSUMED_SENSITIVITY,SENSITIVITY_RESULT
favourable,128.0,26.14507189355817,94.12225881680942,0.5,3.0,0.5,0.5,13.072535946779086,113.9274640532209,127.49999999999999,127.99999999999999,1.4210854715202004e-14,True,,SIM-01,sim01_safe_speed_vs_range-000129,ASSUMED_SENSITIVITY,SENSITIVITY_RESULT
favourable,129.0,26.253378172755834,94.51216142192101,0.5,3.0,0.5,0.5,13.126689086377917,114.87331091362206,128.5,129.0,0.0,True,,SIM-01,sim01_safe_speed_vs_range-000130,ASSUMED_SENSITIVITY,SENSITIVITY_RESULT
favourable,130.0,26.361263431510064,94.90054835343624,0.5,3.0,0.5,0.5,13.180631715755032,115.81936828424496,129.5,130.0,0.0,True,,SIM-01,sim01_safe_speed_vs_range-000131,ASSUMED_SENSITIVITY,SENSITIVITY_RESULT
favourable,131.0,26.468732541893992,95.28743715081838,0.5,3.0,0.5,0.5,13.234366270946996,116.765633729053,130.5,131.0,0.0,True,,SIM-01,sim01_safe_speed_vs_range-000132,ASSUMED_SENSITIVITY,SENSITIVITY_RESULT
favourable,132.0,26.575790282732914,95.6728450178385,0.5,3.0,0.5,0.5,13.287895141366457,117.71210485863354,131.5,132.0,0.0,True,,SIM-01,sim01_safe_speed_vs_range-000133,ASSUMED_SENSITIVITY,SENSITIVITY_RESULT
favourable,133.0,26.682441342083905,96.05678883150206,0.5,3.0,0.5,0.5,13.341220671041953,118.65877932895806,132.5,133.0,0.0,True,,SIM-01,sim01_safe_speed_vs_range-000134,ASSUMED_SENSITIVITY,SENSITIVITY_RESULT
favourable,134.0,26.788690319631268,96.43928515067256,0.5,3.0,0.5,0.5,13.394345159815634,119.60565484018434,133.49999999999997,133.99999999999997,2.842170943040401e-14,True,,SIM-01,sim01_safe_speed_vs_range-000135,ASSUMED_SENSITIVITY,SENSITIVITY_RESULT
favourable,135.0,26.894541729001368,96.82035022440493,0.5,3.0,0.5,0.5,13.447270864500684,120.55272913549932,134.5,135.0,0.0,True,,SIM-01,sim01_safe_speed_vs_range-000136,ASSUMED_SENSITIVITY,SENSITIVITY_RESULT
favourable,136.0,27.0,97.2,0.5,3.0,0.5,0.5,13.5,121.5,135.5,136.0,0.0,True,,SIM-01,sim01_safe_speed_vs_range-000137,ASSUMED_SENSITIVITY,SENSITIVITY_RESULT
favourable,137.0,27.105069480775605,97.57825013079218,0.5,3.0,0.5,0.5,13.552534740387802,122.44746525961217,136.49999999999997,136.99999999999997,2.842170943040401e-14,True,,SIM-01,sim01_safe_speed_vs_range-000138,ASSUMED_SENSITIVITY,SENSITIVITY_RESULT
favourable,138.0,27.209754439911187,97.95511598368027,0.5,3.0,0.5,0.5,13.604877219955593,123.39512278004442,137.5,138.0,0.0,True,,SIM-01,sim01_safe_speed_vs_range-000139,ASSUMED_SENSITIVITY,SENSITIVITY_RESULT
favourable,139.0,27.31405906844782,98.33061264641215,0.5,3.0,0.5,0.5,13.65702953422391,124.34297046577609,138.5,139.0,0.0,True,,SIM-01,sim01_safe_speed_vs_range-000140,ASSUMED_SENSITIVITY,SENSITIVITY_RESULT
favourable,140.0,27.41798748184251,98.70475493463303,0.5,3.0,0.5,0.5,13.708993740921255,125.29100625907876,139.5,140.0,0.0,True,,SIM-01,sim01_safe_speed_vs_range-000141,ASSUMED_SENSITIVITY,SENSITIVITY_RESULT
favourable,141.0,27.5215437218629,99.07755739870645,0.5,3.0,0.5,0.5,13.76077186093145,126.23922813906854,140.5,141.0,0.0,True,,SIM-01,sim01_safe_speed_vs_range-000142,ASSUMED_SENSITIVITY,SENSITIVITY_RESULT
favourable,142.0,27.624731758421397,99.44903433031703,0.5,3.0,0.5,0.5,13.812365879210699,127.1876341207893,141.5,142.0,0.0,True,,SIM-01,sim01_safe_speed_vs_range-000143,ASSUMED_SENSITIVITY,SENSITIVITY_RESULT
favourable,143.0,27.727555491350966,99.81919976886348,0.5,3.0,0.5,0.5,13.863777745675483,128.1362222543245,142.5,143.0,0.0,True,,SIM-01,sim01_safe_speed_vs_range-000144,ASSUMED_SENSITIVITY,SENSITIVITY_RESULT
favourable,144.0,27.830018752124932,100.18806750764976,0.5,3.0,0.5,0.5,13.915009376062466,129.08499062393756,143.50000000000003,144.00000000000003,-2.842170943040401e-14,True,,SIM-01,sim01_safe_speed_vs_range-000145,ASSUMED_SENSITIVITY,SENSITIVITY_RESULT
favourable,145.0,27.932125305522877,100.55565109988235,0.5,3.0,0.5,0.5,13.966062652761439,130.03393734723858,144.50000000000003,145.00000000000003,-2.842170943040401e-14,True,,SIM-01,sim01_safe_speed_vs_range-000146,ASSUMED_SENSITIVITY,SENSITIVITY_RESULT
favourable,146.0,28.03387885124472,100.92196386448099,0.5,3.0,0.5,0.5,14.01693942562236,130.98306057437765,145.5,146.0,0.0,True,,SIM-01,sim01_safe_speed_vs_range-000147,ASSUMED_SENSITIVITY,SENSITIVITY_RESULT
favourable,147.0,28.135283025474887,101.2870188917096,0.5,3.0,0.5,0.5,14.067641512737444,131.93235848726255,146.5,147.0,0.0,True,,SIM-01,sim01_safe_speed_vs_range-000148,ASSUMED_SENSITIVITY,SENSITIVITY_RESULT
favourable,148.0,28.236341402398512,101.65082904863465,0.5,3.0,0.5,0.5,14.118170701199256,132.88182929880074,147.5,148.0,0.0,True,,SIM-01,sim01_safe_speed_vs_range-000149,ASSUMED_SENSITIVITY,SENSITIVITY_RESULT
favourable,149.0,28.337057495671385,102.01340698441699,0.5,3.0,0.5,0.5,14.168528747835692,133.8314712521643,148.5,149.0,0.0,True,,SIM-01,sim01_safe_speed_vs_range-000150,ASSUMED_SENSITIVITY,SENSITIVITY_RESULT
favourable,150.0,28.437434759845406,102.37476513544347,0.5,3.0,0.5,0.5,14.218717379922703,134.7812826200773,149.5,150.0,0.0,True,,SIM-01,sim01_safe_speed_vs_range-000151,ASSUMED_SENSITIVITY,SENSITIVITY_RESULT
reference,0.0,0.0,0.0,1.5,1.5,2.0,1.0,0.0,0.0,2.0,3.0,-3.0,False,,SIM-01,sim01_safe_speed_vs_range-000152,ASSUMED_SENSITIVITY,SENSITIVITY_RESULT
reference,1.0,0.0,0.0,1.5,1.5,2.0,1.0,0.0,0.0,2.0,3.0,-2.0,False,,SIM-01,sim01_safe_speed_vs_range-000153,ASSUMED_SENSITIVITY,SENSITIVITY_RESULT
reference,2.0,0.0,0.0,1.5,1.5,2.0,1.0,0.0,0.0,2.0,3.0,-1.0,False,,SIM-01,sim01_safe_speed_vs_range-000154,ASSUMED_SENSITIVITY,SENSITIVITY_RESULT
reference,3.0,0.0,0.0,1.5,1.5,2.0,1.0,0.0,0.0,2.0,3.0,0.0,False,3.0,SIM-01,sim01_safe_speed_vs_range-000155,ASSUMED_SENSITIVITY,SENSITIVITY_RESULT
reference,4.0,0.5894541729001368,2.1220350224404925,1.5,1.5,2.0,1.0,0.8841812593502052,0.11581874064979479,3.0,4.0,0.0,True,4.0,SIM-01,sim01_safe_speed_vs_range-000156,ASSUMED_SENSITIVITY,SENSITIVITY_RESULT
reference,5.0,1.0760336739125176,3.8737212260850633,1.5,1.5,2.0,1.0,1.6140505108687764,0.3859494891312234,4.0,5.0,0.0,True,5.0,SIM-01,sim01_safe_speed_vs_range-000157,ASSUMED_SENSITIVITY,SENSITIVITY_RESULT
reference,6.0,1.5,5.4,1.5,1.5,2.0,1.0,2.25,0.75,5.0,6.0,0.0,True,,SIM-01,sim01_safe_speed_vs_range-000158,ASSUMED_SENSITIVITY,SENSITIVITY_RESULT
reference,7.0,1.8806779104645766,6.770440477672476,1.5,1.5,2.0,1.0,2.8210168656968646,1.1789831343031352,6.0,7.0,0.0,True,,SIM-01,sim01_safe_speed_vs_range-000159,ASSUMED_SENSITIVITY,SENSITIVITY_RESULT
reference,8.0,2.229118216792229,8.024825580452026,1.5,1.5,2.0,1.0,3.343677325188344,1.656322674811656,7.0,8.0,0.0,True,,SIM-01,sim01_safe_speed_vs_range-000160,ASSUMED_SENSITIVITY,SENSITIVITY_RESULT
reference,9.0,2.5523431780746364,9.188435441068691,1.5,1.5,2.0,1.0,3.8285147671119546,2.171485232888045,8.0,9.0,0.0,True,,SIM-01,sim01_safe_speed_vs_range-000161,ASSUMED_SENSITIVITY,SENSITIVITY_RESULT
reference,10.0,2.855144464165534,10.278520070995922,1.5,1.5,2.0,1.0,4.282716696248301,2.717283303751698,9.0,10.0,0.0,True,,SIM-01,sim01_safe_speed_vs_range-000162,ASSUMED_SENSITIVITY,SENSITIVITY_RESULT
reference,11.0,3.140964663211956,11.307472787563041,1.5,1.5,2.0,1.0,4.711446994817933,3.2885530051820653,9.999999999999998,10.999999999999998,1.7763568394002505e-15,True,,SIM-01,sim01_safe_speed_vs_range-000163,ASSUMED_SENSITIVITY,SENSITIVITY_RESULT
reference,12.0,3.4123758264530624,12.284552975231025,1.5,1.5,2.0,1.0,5.118563739679594,3.8814362603204065,11.0,12.0,0.0,True,,SIM-01,sim01_safe_speed_vs_range-000164,ASSUMED_SENSITIVITY,SENSITIVITY_RESULT
reference,13.0,3.6713596411635057,13.21689470818862,1.5,1.5,2.0,1.0,5.507039461745259,4.492960538254741,12.0,13.0,0.0,True,,SIM-01,sim01_safe_speed_vs_range-000165,ASSUMED_SENSITIVITY,SENSITIVITY_RESULT
reference,14.0,3.919481339626533,14.110132822655519,1.5,1.5,2.0,1.0,5.8792220094398,5.1207779905602,13.0,14.0,0.0,True,,SIM-01,sim01_safe_speed_vs_range-000166,ASSUMED_SENSITIVITY,SENSITIVITY_RESULT
reference,15.0,4.158002808988148,14.968810112357334,1.5,1.5,2.0,1.0,6.237004213482223,5.762995786517777,14.0,15.0,0.0,True,,SIM-01,sim01_safe_speed_vs_range-000167,ASSUMED_SENSITIVITY,SENSITIVITY_RESULT
reference,16.0,4.387959023675877,15.796652485233157,1.5,1.5,2.0,1.0,6.581938535513816,6.418061464486185,15.0,16.0,0.0,True,,SIM-01,sim01_safe_speed_vs_range-000168,ASSUMED_SENSITIVITY,SENSITIVITY_RESULT
reference,17.0,4.610211367006122,16.59676092122204,1.5,1.5,2.0,1.0,6.9153170505091826,7.084682949490819,16.0,17.0,0.0,True,,SIM-01,sim01_safe_speed_vs_range-000169,ASSUMED_SENSITIVITY,SENSITIVITY_RESULT
reference,18.0,4.825485849042453,17.37174905655283,1.5,1.5,2.0,1.0,7.238228773563679,7.761771226436321,17.0,18.0,0.0,True,,SIM-01,sim01_safe_speed_vs_range-000170,ASSUMED_SENSITIVITY,SENSITIVITY_RESULT
reference,19.0,5.0344011421667325,18.12384411180024,1.5,1.5,2.0,1.0,7.551601713250099,8.448398286749901,18.0,19.0,0.0,True,,SIM-01,sim01_safe_speed_vs_range-000171,ASSUMED_SENSITIVITY,SENSITIVITY_RESULT
reference,20.0,5.237489565935968,18.854962437369487,1.5,1.5,2.0,1.0,7.856234348903953,9.143765651096047,19.0,20.0,0.0,True,,SIM-01,sim01_safe_speed_vs_range-000172,ASSUMED_SENSITIVITY,SENSITIVITY_RESULT
reference,21.0,5.435213074469699,19.56676706809092,1.5,1.5,2.0,1.0,8.152819611704547,9.847180388295453,20.0,21.0,0.0,True,,SIM-01,sim01_safe_speed_vs_range-000173,ASSUMED_SENSITIVITY,SENSITIVITY_RESULT
reference,22.0,5.627975628294366,20.26071226185972,1.5,1.5,2.0,1.0,8.44196344244155,10.558036557558454,21.000000000000004,22.000000000000004,-3.552713678800501e-15,True,,SIM-01,sim01_safe_speed_vs_range-000174,ASSUMED_SENSITIVITY,SENSITIVITY_RESULT
reference,23.0,5.816132902450839,20.93807844882302,1.5,1.5,2.0,1.0,8.724199353676259,11.27580064632374,22.0,23.0,0.0,True,,SIM-01,sim01_safe_speed_vs_range-000175,ASSUMED_SENSITIVITY,SENSITIVITY_RESULT
reference,24.0,6.0,21.6,1.5,1.5,2.0,1.0,9.0,12.0,23.0,24.0,0.0,True,,SIM-01,sim01_safe_speed_vs_range-000176,ASSUMED_SENSITIVITY,SENSITIVITY_RESULT
reference,25.0,6.179857650043682,22.247487540157255,1.5,1.5,2.0,1.0,9.269786475065523,12.730213524934475,24.0,25.0,0.0,True,,SIM-01,sim01_safe_speed_vs_range-000177,ASSUMED_SENSITIVITY,SENSITIVITY_RESULT
reference,26.0,6.3559572390292525,22.881446060505308,1.5,1.5,2.0,1.0,9.53393585854388,13.46606414145612,25.0,26.0,0.0,True,,SIM-01,sim01_safe_speed_vs_range-000178,ASSUMED_SENSITIVITY,SENSITIVITY_RESULT
reference,27.0,6.528524933039718,23.502689758942985,1.5,1.5,2.0,1.0,9.792787399559577,14.20721260044042,25.999999999999996,26.999999999999996,3.552713678800501e-15,True,,SIM-01,sim01_safe_speed_vs_range-000179,ASSUMED_SENSITIVITY,SENSITIVITY_RESULT
reference,28.0,6.697765084086639,24.1119543027119,1.5,1.5,2.0,1.0,10.046647626129959,14.953352373870034,26.999999999999993,27.999999999999993,7.105427357601002e-15,True,,SIM-01,sim01_safe_speed_vs_range-000180,ASSUMED_SENSITIVITY,SENSITIVITY_RESULT
reference,29.0,6.863863066779093,24.709907040404733,1.5,1.5,2.0,1.0,10.29579460016864,15.704205399831364,28.000000000000004,29.000000000000004,-3.552713678800501e-15,True,,SIM-01,sim01_safe_speed_vs_range-000181,ASSUMED_SENSITIVITY,SENSITIVITY_RESULT
reference,30.0,7.0269876576397365,25.29715556750305,1.5,1.5,2.0,1.0,10.540481486459605,16.4595185135404,29.000000000000004,30.000000000000004,-3.552713678800501e-15,True,,SIM-01,sim01_safe_speed_vs_range-000182,ASSUMED_SENSITIVITY,SENSITIVITY_RESULT
reference,31.0,7.187293044088436,25.87425495871837,1.5,1.5,2.0,1.0,10.780939566132655,17.21906043386734,29.999999999999996,30.999999999999996,3.552713678800501e-15,True,,SIM-01,sim01_safe_speed_vs_range-000183,ASSUMED_SENSITIVITY,SENSITIVITY_RESULT
reference,32.0,7.344920531197745,26.44171391231188,1.5,1.5,2.0,1.0,11.017380796796617,17.982619203203388,31.000000000000007,32.00000000000001,-7.105427357601002e-15,True,,SIM-01,sim01_safe_speed_vs_range-000184,ASSUMED_SENSITIVITY,SENSITIVITY_RESULT
reference,33.0,7.5,27.0,1.5,1.5,2.0,1.0,11.25,18.75,32.0,33.0,0.0,True,,SIM-01,sim01_safe_speed_vs_range-000185,ASSUMED_SENSITIVITY,SENSITIVITY_RESULT
reference,34.0,7.652651160169179,27.549544176609043,1.5,1.5,2.0,1.0,11.478976740253769,19.521023259746226,32.99999999999999,33.99999999999999,7.105427357601002e-15,True,,SIM-01,sim01_safe_speed_vs_range-000186,ASSUMED_SENSITIVITY,SENSITIVITY_RESULT
reference,35.0,7.80298463144155,28.09074467318958,1.5,1.5,2.0,1.0,11.704476947162325,20.295523052837677,34.0,35.0,0.0,True,,SIM-01,sim01_safe_speed_vs_range-000187,ASSUMED_SENSITIVITY,SENSITIVITY_RESULT
reference,36.0,7.951102881551582,28.623970373585696,1.5,1.5,2.0,1.0,11.926654322327373,21.073345677672624,35.0,36.0,0.0,True,,SIM-01,sim01_safe_speed_vs_range-000188,ASSUMED_SENSITIVITY,SENSITIVITY_RESULT
reference,37.0,8.09710104328744,29.149563755834784,1.5,1.5,2.0,1.0,12.14565156493116,21.854348435068847,36.00000000000001,37.00000000000001,-7.105427357601002e-15,True,,SIM-01,sim01_safe_speed_vs_range-000189,ASSUMED_SENSITIVITY,SENSITIVITY_RESULT
reference,38.0,8.241067629178643,29.667843465043113,1.5,1.5,2.0,1.0,12.361601443767963,22.638398556232033,37.0,38.0,0.0,True,,SIM-01,sim01_safe_speed_vs_range-000190,ASSUMED_SENSITIVITY,SENSITIVITY_RESULT
reference,39.0,8.383085159068369,30.179106572646127,1.5,1.5,2.0,1.0,12.574627738602553,23.425372261397445,38.0,39.0,0.0,True,,SIM-01,sim01_safe_speed_vs_range-000191,ASSUMED_SENSITIVITY,SENSITIVITY_RESULT
reference,40.0,8.52323071320762,30.683630567547436,1.5,1.5,2.0,1.0,12.784846069811431,24.215153930188563,38.99999999999999,39.99999999999999,7.105427357601002e-15,True,,SIM-01,sim01_safe_speed_vs_range-000192,ASSUMED_SENSITIVITY,SENSITIVITY_RESULT
reference,41.0,8.661576421397598,31.181675117031354,1.5,1.5,2.0,1.0,12.992364632096397,25.007635367903607,40.0,41.0,0.0,True,,SIM-01,sim01_safe_speed_vs_range-000193,ASSUMED_SENSITIVITY,SENSITIVITY_RESULT
reference,42.0,8.798189896992175,31.673483629171834,1.5,1.5,2.0,1.0,13.197284845488262,25.80271515451173,40.99999999999999,41.99999999999999,7.105427357601002e-15,True,,SIM-01,sim01_safe_speed_vs_range-000194,ASSUMED_SENSITIVITY,SENSITIVITY_RESULT
reference,43.0,8.93313462317252,32.159284643421074,1.5,1.5,2.0,1.0,13.399701934758781,26.60029806524122,42.0,43.0,0.0,True,,SIM-01,sim01_safe_speed_vs_range-000195,ASSUMED_SENSITIVITY,SENSITIVITY_RESULT
reference,44.0,9.066470297756275,32.639293071922594,1.5,1.5,2.0,1.0,13.599705446634413,27.400294553365587,43.0,44.0,0.0,True,,SIM-01,sim01_safe_speed_vs_range-000196,ASSUMED_SENSITIVITY,SENSITIVITY_RESULT
reference,45.0,9.198253141855313,33.11371131067913,1.5,1.5,2.0,1.0,13.79737971278297,28.202620287217044,44.000000000000014,45.000000000000014,-1.4210854715202004e-14,True,,SIM-01,sim01_safe_speed_vs_range-000197,ASSUMED_SENSITIVITY,SENSITIVITY_RESULT
reference,46.0,9.328536176909411,33.58273023687388,1.5,1.5,2.0,1.0,13.992804265364118,29.007195734635886,45.0,46.0,0.0,True,,SIM-01,sim01_safe_speed_vs_range-000198,ASSUMED_SENSITIVITY,SENSITIVITY_RESULT
reference,47.0,9.457369473968095,34.04653010628514,1.5,1.5,2.0,1.0,14.186054210952143,29.813945789047853,46.0,47.0,0.0,True,,SIM-01,sim01_safe_speed_vs_range-000199,ASSUMED_SENSITIVITY,SENSITIVITY_RESULT
reference,48.0,9.584800378544625,34.50528136276065,1.5,1.5,2.0,1.0,14.377200567816937,30.622799432183058,46.99999999999999,47.99999999999999,7.105427357601002e-15,True,,SIM-01,sim01_safe_speed_vs_range-000200,ASSUMED_SENSITIVITY,SENSITIVITY_RESULT
reference,49.0,9.710873713905684,34.95914537006046,1.5,1.5,2.0,1.0,14.566310570858526,31.433689429141456,47.999999999999986,48.999999999999986,1.4210854715202004e-14,True,,SIM-01,sim01_safe_speed_vs_range-000201,ASSUMED_SENSITIVITY,SENSITIVITY_RESULT
reference,50.0,9.835631965271821,35.408275074978555,1.5,1.5,2.0,1.0,14.75344794790773,32.24655205209228,49.00000000000001,50.00000000000001,-7.105427357601002e-15,True,,SIM-01,sim01_safe_speed_vs_range-000202,ASSUMED_SENSITIVITY,SENSITIVITY_RESULT
reference,51.0,9.95911544707478,35.85281560946921,1.5,1.5,2.0,1.0,14.93867317061217,33.06132682938783,50.0,51.0,0.0,True,,SIM-01,sim01_safe_speed_vs_range-000203,ASSUMED_SENSITIVITY,SENSITIVITY_RESULT
reference,52.0,10.081362455138525,36.29290483849869,1.5,1.5,2.0,1.0,15.122043682707787,33.877956317292224,51.000000000000014,52.000000000000014,-1.4210854715202004e-14,True,,SIM-01,sim01_safe_speed_vs_range-000204,ASSUMED_SENSITIVITY,SENSITIVITY_RESULT
reference,53.0,10.202409405412272,36.72867385948418,1.5,1.5,2.0,1.0,15.303614108118408,34.6963858918816,52.00000000000001,53.00000000000001,-7.105427357601002e-15,True,,SIM-01,sim01_safe_speed_vs_range-000205,ASSUMED_SENSITIVITY,SENSITIVITY_RESULT
reference,54.0,10.322290960680157,37.160247458448566,1.5,1.5,2.0,1.0,15.483436441020235,35.516563558979755,52.999999999999986,53.999999999999986,1.4210854715202004e-14,True,,SIM-01,sim01_safe_speed_vs_range-000206,ASSUMED_SENSITIVITY,SENSITIVITY_RESULT
reference,55.0,10.441040146497055,37.587744527389404,1.5,1.5,2.0,1.0,15.661560219745583,36.33843978025442,54.0,55.0,0.0,True,,SIM-01,sim01_safe_speed_vs_range-000207,ASSUMED_SENSITIVITY,SENSITIVITY_RESULT
reference,56.0,10.558688457449497,38.01127844681819,1.5,1.5,2.0,1.0,15.838032686174245,37.16196731382575,54.99999999999999,55.99999999999999,7.105427357601002e-15,True,,SIM-01,sim01_safe_speed_vs_range-000208,ASSUMED_SENSITIVITY,SENSITIVITY_RESULT
reference,57.0,10.675265954710564,38.43095743695803,1.5,1.5,2.0,1.0,16.012898932065845,37.987101067934155,56.0,57.0,0.0,True,,SIM-01,sim01_safe_speed_vs_range-000209,ASSUMED_SENSITIVITY,SENSITIVITY_RESULT
reference,58.0,10.790801355744977,38.84688488068192,1.5,1.5,2.0,1.0,16.186202033617466,38.813797966382545,57.000000000000014,58.000000000000014,-1.4210854715202004e-14,True,,SIM-01,sim01_safe_speed_vs_range-000210,ASSUMED_SENSITIVITY,SENSITIVITY_RESULT
reference,59.0,10.905322116922868,39.259159620922325,1.5,1.5,2.0,1.0,16.3579831753843,39.64201682461569,57.999999999999986,58.999999999999986,1.4210854715202004e-14,True,,SIM-01,sim01_safe_speed_vs_range-000211,ASSUMED_SENSITIVITY,SENSITIVITY_RESULT
reference,60.0,11.0188545097156,39.66787623497616,1.5,1.5,2.0,1.0,16.5282817645734,40.47171823542661,59.00000000000001,60.00000000000001,-7.105427357601002e-15,True,,SIM-01,sim01_safe_speed_vs_range-000212,ASSUMED_SENSITIVITY,SENSITIVITY_RESULT
reference,61.0,11.131423691072635,40.07312528786149,1.5,1.5,2.0,1.0,16.697135536608954,41.302864463391046,60.0,61.0,0.0,True,,SIM-01,sim01_safe_speed_vs_range-000213,ASSUMED_SENSITIVITY,SENSITIVITY_RESULT
reference,62.0,11.243053768513635,40.47499356664908,1.5,1.5,2.0,1.0,16.864580652770453,42.13541934722955,61.0,62.0,0.0,True,,SIM-01,sim01_safe_speed_vs_range-000214,ASSUMED_SENSITIVITY,SENSITIVITY_RESULT
reference,63.0,11.353767860412791,40.87356429748605,1.5,1.5,2.0,1.0,17.03065179061919,42.96934820938082,62.00000000000001,63.00000000000001,-7.105427357601002e-15,True,,SIM-01,sim01_safe_speed_vs_range-000215,ASSUMED_SENSITIVITY,SENSITIVITY_RESULT
reference,64.0,11.463588151902478,41.26891734684892,1.5,1.5,2.0,1.0,17.195382227853717,43.80461777214629,63.0,64.0,0.0,True,,SIM-01,sim01_safe_speed_vs_range-000216,ASSUMED_SENSITIVITY,SENSITIVITY_RESULT
reference,65.0,11.572535946779086,41.66112940840471,1.5,1.5,2.0,1.0,17.35880392016863,44.64119607983137,64.0,65.0,0.0,True,,SIM-01,sim01_safe_speed_vs_range-000217,ASSUMED_SENSITIVITY,SENSITIVITY_RESULT
reference,66.0,11.680631715755032,42.05027417671812,1.5,1.5,2.0,1.0,17.520947573632547,45.479052426367446,65.0,66.0,0.0,True,,SIM-01,sim01_safe_speed_vs_range-000218,ASSUMED_SENSITIVITY,SENSITIVITY_RESULT
reference,67.0,11.787895141366457,42.43642250891924,1.5,1.5,2.0,1.0,17.681842712049686,46.31815728795031,66.0,67.0,0.0,True,,SIM-01,sim01_safe_speed_vs_range-000219,ASSUMED_SENSITIVITY,SENSITIVITY_RESULT
reference,68.0,11.894345159815636,42.81964257533629,1.5,1.5,2.0,1.0,17.841517739723454,47.15848226027654,67.0,68.0,0.0,True,,SIM-01,sim01_safe_speed_vs_range-000220,ASSUMED_SENSITIVITY,SENSITIVITY_RESULT
reference,69.0,12.0,43.2,1.5,1.5,2.0,1.0,18.0,48.0,68.0,69.0,0.0,True,,SIM-01,sim01_safe_speed_vs_range-000221,ASSUMED_SENSITIVITY,SENSITIVITY_RESULT
reference,70.0,12.104877219955593,43.57755799184014,1.5,1.5,2.0,1.0,18.15731582993339,48.84268417006661,69.0,70.0,0.0,True,,SIM-01,sim01_safe_speed_vs_range-000222,ASSUMED_SENSITIVITY,SENSITIVITY_RESULT
reference,71.0,12.208993740921255,43.952377467316516,1.5,1.5,2.0,1.0,18.31349061138188,49.68650938861813,70.0,71.0,0.0,True,,SIM-01,sim01_safe_speed_vs_range-000223,ASSUMED_SENSITIVITY,SENSITIVITY_RESULT
reference,72.0,12.312365879210699,44.32451716515852,1.5,1.5,2.0,1.0,18.468548818816046,50.53145118118395,71.0,72.0,0.0,True,,SIM-01,sim01_safe_speed_vs_range-000224,ASSUMED_SENSITIVITY,SENSITIVITY_RESULT
reference,73.0,12.415009376062466,44.694033753824876,1.5,1.5,2.0,1.0,18.6225140640937,51.377485935906314,72.00000000000001,73.00000000000001,-1.4210854715202004e-14,True,,SIM-01,sim01_safe_speed_vs_range-000225,ASSUMED_SENSITIVITY,SENSITIVITY_RESULT
reference,74.0,12.51693942562236,45.060981932240495,1.5,1.5,2.0,1.0,18.775409138433538,52.22459086156647,73.0,74.0,0.0,True,,SIM-01,sim01_safe_speed_vs_range-000226,ASSUMED_SENSITIVITY,SENSITIVITY_RESULT
reference,75.0,12.618170701199256,45.425414524317326,1.5,1.5,2.0,1.0,18.927256051798885,53.072743948201115,74.0,75.0,0.0,True,,SIM-01,sim01_safe_speed_vs_range-000227,ASSUMED_SENSITIVITY,SENSITIVITY_RESULT
reference,76.0,12.718717379922703,45.78738256772173,1.5,1.5,2.0,1.0,19.078076069884055,53.921923930115945,75.0,76.0,0.0,True,,SIM-01,sim01_safe_speed_vs_range-000228,ASSUMED_SENSITIVITY,SENSITIVITY_RESULT
reference,77.0,12.818593165919637,46.14693539731069,1.5,1.5,2.0,1.0,19.227889748879456,54.772110251120544,76.0,77.0,0.0,True,,SIM-01,sim01_safe_speed_vs_range-000229,ASSUMED_SENSITIVITY,SENSITIVITY_RESULT
reference,78.0,12.917811312117513,46.504120723623046,1.5,1.5,2.0,1.0,19.376716968176268,55.623283031823725,77.0,78.0,0.0,True,,SIM-01,sim01_safe_speed_vs_range-000230,ASSUMED_SENSITIVITY,SENSITIVITY_RESULT
reference,79.0,13.016384640772026,46.858984706779296,1.5,1.5,2.0,1.0,19.52457696115804,56.47542303884197,78.0,79.0,0.0,True,,SIM-01,sim01_safe_speed_vs_range-000231,ASSUMED_SENSITIVITY,SENSITIVITY_RESULT
reference,80.0,13.114325562809453,47.211572026114034,1.5,1.5,2.0,1.0,19.67148834421418,57.32851165578583,79.00000000000001,80.00000000000001,-1.4210854715202004e-14,True,,SIM-01,sim01_safe_speed_vs_range-000232,ASSUMED_SENSITIVITY,SENSITIVITY_RESULT
reference,81.0,13.211646096066227,47.56192594583842,1.5,1.5,2.0,1.0,19.81746914409934,58.18253085590066,80.0,81.0,0.0,True,,SIM-01,sim01_safe_speed_vs_range-000233,ASSUMED_SENSITIVITY,SENSITIVITY_RESULT
reference,82.0,13.308357882501612,47.910088377005806,1.5,1.5,2.0,1.0,19.96253682375242,59.0374631762476,81.00000000000001,82.00000000000001,-1.4210854715202004e-14,True,,SIM-01,sim01_safe_speed_vs_range-000234,ASSUMED_SENSITIVITY,SENSITIVITY_RESULT
reference,83.0,13.404472204453269,48.25609993603177,1.5,1.5,2.0,1.0,20.106708306679902,59.893291693320094,82.0,83.0,0.0,True,,SIM-01,sim01_safe_speed_vs_range-000235,ASSUMED_SENSITIVITY,SENSITIVITY_RESULT
reference,84.0,13.5,48.6,1.5,1.5,2.0,1.0,20.25,60.75,83.0,84.0,0.0,True,,SIM-01,sim01_safe_speed_vs_range-000236,ASSUMED_SENSITIVITY,SENSITIVITY_RESULT
reference,85.0,13.594951877490825,48.94182675896697,1.5,1.5,2.0,1.0,20.392427816236236,61.60757218376377,84.0,85.0,0.0,True,,SIM-01,sim01_safe_speed_vs_range-000237,ASSUMED_SENSITIVITY,SENSITIVITY_RESULT
reference,86.0,13.68933812929508,49.281617265462295,1.5,1.5,2.0,1.0,20.53400719394262,62.46599280605738,85.0,86.0,0.0,True,,SIM-01,sim01_safe_speed_vs_range-000238,ASSUMED_SENSITIVITY,SENSITIVITY_RESULT
reference,87.0,13.783168744823964,49.619407481366274,1.5,1.5,2.0,1.0,20.674753117235944,63.32524688276407,86.00000000000001,87.00000000000001,-1.4210854715202004e-14,True,,SIM-01,sim01_safe_speed_vs_range-000239,ASSUMED_SENSITIVITY,SENSITIVITY_RESULT
reference,88.0,13.876453422870139,49.9552323223325,1.5,1.5,2.0,1.0,20.814680134305206,64.1853198656948,87.0,88.0,0.0,True,,SIM-01,sim01_safe_speed_vs_range-000240,ASSUMED_SENSITIVITY,SENSITIVITY_RESULT
reference,89.0,13.969201583308593,50.28912569991093,1.5,1.5,2.0,1.0,20.95380237496289,65.0461976250371,87.99999999999999,88.99999999999999,1.4210854715202004e-14,True,,SIM-01,sim01_safe_speed_vs_range-000241,ASSUMED_SENSITIVITY,SENSITIVITY_RESULT
reference,90.0,14.061422378198658,50.62112056151517,1.5,1.5,2.0,1.0,21.09213356729799,65.90786643270201,89.0,90.0,0.0,True,,SIM-01,sim01_safe_speed_vs_range-000242,ASSUMED_SENSITIVITY,SENSITIVITY_RESULT
reference,91.0,14.15312470232425,50.9512489283673,1.5,1.5,2.0,1.0,21.229687053486376,66.77031294651364,90.00000000000001,91.00000000000001,-1.4210854715202004e-14,True,,SIM-01,sim01_safe_speed_vs_range-000243,ASSUMED_SENSITIVITY,SENSITIVITY_RESULT
reference,92.0,14.244317203206684,51.27954193154407,1.5,1.5,2.0,1.0,21.366475804810026,67.63352419518996,90.99999999999999,91.99999999999999,1.4210854715202004e-14,True,,SIM-01,sim01_safe_speed_vs_range-000244,ASSUMED_SENSITIVITY,SENSITIVITY_RESULT
reference,93.0,14.335008290621985,51.606029846239146,1.5,1.5,2.0,1.0,21.502512435932978,68.49748756406701,92.0,93.0,0.0,True,,SIM-01,sim01_safe_speed_vs_range-000245,ASSUMED_SENSITIVITY,SENSITIVITY_RESULT
reference,94.0,14.425206145652293,51.93074212434826,1.5,1.5,2.0,1.0,21.637809218478438,69.36219078152156,93.0,94.0,0.0,True,,SIM-01,sim01_safe_speed_vs_range-000246,ASSUMED_SENSITIVITY,SENSITIVITY_RESULT
reference,95.0,14.514918729298989,52.253707425476364,1.5,1.5,2.0,1.0,21.772378093948483,70.22762190605152,94.0,95.0,0.0,True,,SIM-01,sim01_safe_speed_vs_range-000247,ASSUMED_SENSITIVITY,SENSITIVITY_RESULT
reference,96.0,14.604153790683174,52.57495364645943,1.5,1.5,2.0,1.0,21.906230686024763,71.09376931397524,95.0,96.0,0.0,True,,SIM-01,sim01_safe_speed_vs_range-000248,ASSUMED_SENSITIVITY,SENSITIVITY_RESULT
reference,97.0,14.692918874857424,52.89450794948673,1.5,1.5,2.0,1.0,22.039378312286136,71.96062168771385,95.99999999999999,96.99999999999999,1.4210854715202004e-14,True,,SIM-01,sim01_safe_speed_vs_range-000249,ASSUMED_SENSITIVITY,SENSITIVITY_RESULT
reference,98.0,14.781221330251098,53.21239678890395,1.5,1.5,2.0,1.0,22.171831995376646,72.82816800462335,97.0,98.0,0.0,True,,SIM-01,sim01_safe_speed_vs_range-000250,ASSUMED_SENSITIVITY,SENSITIVITY_RESULT
reference,99.0,14.869068315769992,53.52864593677197,1.5,1.5,2.0,1.0,22.303602473654987,73.69639752634502,98.00000000000001,99.00000000000001,-1.4210854715202004e-14,True,,SIM-01,sim01_safe_speed_vs_range-000251,ASSUMED_SENSITIVITY,SENSITIVITY_RESULT
reference,100.0,14.956466807569763,53.843280507251144,1.5,1.5,2.0,1.0,22.434700211354645,74.56529978864535,99.0,100.0,0.0,True,,SIM-01,sim01_safe_speed_vs_range-000252,ASSUMED_SENSITIVITY,SENSITIVITY_RESULT
reference,101.0,15.043423605521262,54.156324979876544,1.5,1.5,2.0,1.0,22.565135408281893,75.43486459171811,100.0,101.0,0.0,True,,SIM-01,sim01_safe_speed_vs_range-000253,ASSUMED_SENSITIVITY,SENSITIVITY_RESULT
reference,102.0,15.129945339384701,54.467803221784926,1.5,1.5,2.0,1.0,22.69491800907705,76.30508199092294,101.0,102.0,0.0,True,,SIM-01,sim01_safe_speed_vs_range-000254,ASSUMED_SENSITIVITY,SENSITIVITY_RESULT
reference,103.0,15.216038474708567,54.77773850895084,1.5,1.5,2.0,1.0,22.82405771206285,77.17594228793713,101.99999999999999,102.99999999999999,1.4210854715202004e-14,True,,SIM-01,sim01_safe_speed_vs_range-000255,ASSUMED_SENSITIVITY,SENSITIVITY_RESULT
reference,104.0,15.301709318468102,55.08615354648517,1.5,1.5,2.0,1.0,22.952563977702155,78.04743602229784,103.0,104.0,0.0,True,,SIM-01,sim01_safe_speed_vs_range-000256,ASSUMED_SENSITIVITY,SENSITIVITY_RESULT
reference,105.0,15.38696402445727,55.39307048804618,1.5,1.5,2.0,1.0,23.080446036685906,78.9195539633141,104.0,105.0,0.0,True,,SIM-01,sim01_safe_speed_vs_range-000257,ASSUMED_SENSITIVITY,SENSITIVITY_RESULT
reference,106.0,15.47180859844728,55.69851095441021,1.5,1.5,2.0,1.0,23.20771289767092,79.79228710232907,104.99999999999999,105.99999999999999,1.4210854715202004e-14,True,,SIM-01,sim01_safe_speed_vs_range-000258,ASSUMED_SENSITIVITY,SENSITIVITY_RESULT
reference,107.0,15.556248903123869,56.00249605124593,1.5,1.5,2.0,1.0,23.334373354685802,80.66562664531419,106.0,107.0,0.0,True,,SIM-01,sim01_safe_speed_vs_range-000259,ASSUMED_SENSITIVITY,SENSITIVITY_RESULT
reference,108.0,15.640290662814843,56.305046386133434,1.5,1.5,2.0,1.0,23.460435994222266,81.53956400577772,106.99999999999999,107.99999999999999,1.4210854715202004e-14,True,,SIM-01,sim01_safe_speed_vs_range-000260,ASSUMED_SENSITIVITY,SENSITIVITY_RESULT
reference,109.0,15.72393946801869,56.606182084867285,1.5,1.5,2.0,1.0,23.585909202028034,82.41409079797197,108.0,109.0,0.0,True,,SIM-01,sim01_safe_speed_vs_range-000261,ASSUMED_SENSITIVITY,SENSITIVITY_RESULT
reference,110.0,15.80720077974435,56.90592280707966,1.5,1.5,2.0,1.0,23.710801169616527,83.28919883038347,109.0,110.0,0.0,True,,SIM-01,sim01_safe_speed_vs_range-000262,ASSUMED_SENSITIVITY,SENSITIVITY_RESULT
reference,111.0,15.890079933671737,57.204287761218254,1.5,1.5,2.0,1.0,23.835119900507607,84.16488009949241,110.00000000000001,111.00000000000001,-1.4210854715202004e-14,True,,SIM-01,sim01_safe_speed_vs_range-000263,ASSUMED_SENSITIVITY,SENSITIVITY_RESULT
reference,112.0,15.97258214414192,57.50129571891092,1.5,1.5,2.0,1.0,23.95887321621288,85.0411267837871,110.99999999999999,111.99999999999999,1.4210854715202004e-14,True,,SIM-01,sim01_safe_speed_vs_range-000264,ASSUMED_SENSITIVITY,SENSITIVITY_RESULT
reference,113.0,16.054712507985478,57.79696502874772,1.5,1.5,2.0,1.0,24.082068761978217,85.91793123802178,112.0,113.0,0.0,True,,SIM-01,sim01_safe_speed_vs_range-000265,ASSUMED_SENSITIVITY,SENSITIVITY_RESULT
reference,114.0,16.136476008196894,58.09131362950882,1.5,1.5,2.0,1.0,24.20471401229534,86.79528598770464,112.99999999999999,113.99999999999999,1.4210854715202004e-14,True,,SIM-01,sim01_safe_speed_vs_range-000266,ASSUMED_SENSITIVITY,SENSITIVITY_RESULT
reference,115.0,16.217877517462583,58.3843590628653,1.5,1.5,2.0,1.0,24.326816276193874,87.6731837238061,113.99999999999997,114.99999999999997,2.842170943040401e-14,True,,SIM-01,sim01_safe_speed_vs_range-000267,ASSUMED_SENSITIVITY,SENSITIVITY_RESULT
reference,116.0,16.298921801549547,58.67611848557837,1.5,1.5,2.0,1.0,24.44838270232432,88.5516172976757,115.00000000000003,116.00000000000003,-2.842170943040401e-14,True,,SIM-01,sim01_safe_speed_vs_range-000268,ASSUMED_SENSITIVITY,SENSITIVITY_RESULT
reference,117.0,16.37961352256133,58.966608681220784,1.5,1.5,2.0,1.0,24.569420283841993,89.43057971615798,115.99999999999997,116.99999999999997,2.842170943040401e-14,True,,SIM-01,sim01_safe_speed_vs_range-000269,ASSUMED_SENSITIVITY,SENSITIVITY_RESULT
reference,118.0,16.45995724206766,59.25584607144358,1.5,1.5,2.0,1.0,24.68993586310149,90.31006413689853,117.00000000000003,118.00000000000003,-2.842170943040401e-14,True,,SIM-01,sim01_safe_speed_vs_range-000270,ASSUMED_SENSITIVITY,SENSITIVITY_RESULT
reference,119.0,16.539957424113553,59.54384672680879,1.5,1.5,2.0,1.0,24.80993613617033,91.19006386382968,118.0,119.0,0.0,True,,SIM-01,sim01_safe_speed_vs_range-000271,ASSUMED_SENSITIVITY,SENSITIVITY_RESULT
reference,120.0,16.619618438113687,59.83062637720927,1.5,1.5,2.0,1.0,24.929427657170528,92.07057234282946,119.0,120.0,0.0,True,,SIM-01,sim01_safe_speed_vs_range-000272,ASSUMED_SENSITIVITY,SENSITIVITY_RESULT
reference,121.0,16.6989445616372,60.11620042189393,1.5,1.5,2.0,1.0,25.0484168424558,92.95158315754422,120.00000000000003,121.00000000000003,-2.842170943040401e-14,True,,SIM-01,sim01_safe_speed_vs_range-000273,ASSUMED_SENSITIVITY,SENSITIVITY_RESULT
reference,122.0,16.77793998308803,60.400583939116906,1.5,1.5,2.0,1.0,25.16690997463204,93.83309002536798,121.00000000000003,122.00000000000003,-2.842170943040401e-14,True,,SIM-01,sim01_safe_speed_vs_range-000274,ASSUMED_SENSITIVITY,SENSITIVITY_RESULT
reference,123.0,16.856608804285496,60.683791695427786,1.5,1.5,2.0,1.0,25.284913206428243,94.71508679357179,122.00000000000003,123.00000000000003,-2.842170943040401e-14,True,,SIM-01,sim01_safe_speed_vs_range-000275,ASSUMED_SENSITIVITY,SENSITIVITY_RESULT
reference,124.0,16.93495504294967,60.965838154618815,1.5,1.5,2.0,1.0,25.402432564424508,95.5975674355755,123.0,124.0,0.0,True,,SIM-01,sim01_safe_speed_vs_range-000276,ASSUMED_SENSITIVITY,SENSITIVITY_RESULT
reference,125.0,17.01298263509574,61.246737486344664,1.5,1.5,2.0,1.0,25.519473952643608,96.48052604735638,123.99999999999999,124.99999999999999,1.4210854715202004e-14,True,,SIM-01,sim01_safe_speed_vs_range-000277,ASSUMED_SENSITIVITY,SENSITIVITY_RESULT
reference,126.0,17.09069543734144,61.52650357442919,1.5,1.5,2.0,1.0,25.636043156012164,97.36395684398786,125.00000000000003,126.00000000000003,-2.842170943040401e-14,True,,SIM-01,sim01_safe_speed_vs_range-000278,ASSUMED_SENSITIVITY,SENSITIVITY_RESULT
reference,127.0,17.168097229131384,61.80515002487298,1.5,1.5,2.0,1.0,25.752145843697075,98.24785415630289,125.99999999999997,126.99999999999997,2.842170943040401e-14,True,,SIM-01,sim01_safe_speed_vs_range-000279,ASSUMED_SENSITIVITY,SENSITIVITY_RESULT
reference,128.0,17.245191714881905,62.08269017357486,1.5,1.5,2.0,1.0,25.867787572322857,99.13221242767717,127.00000000000003,128.00000000000003,-2.842170943040401e-14,True,,SIM-01,sim01_safe_speed_vs_range-000280,ASSUMED_SENSITIVITY,SENSITIVITY_RESULT
reference,129.0,17.321982526049833,62.3591370937794,1.5,1.5,2.0,1.0,25.982973789074748,100.01702621092527,128.0,129.0,0.0,True,,SIM-01,sim01_safe_speed_vs_range-000281,ASSUMED_SENSITIVITY,SENSITIVITY_RESULT
reference,130.0,17.39847322312856,62.634503603262814,1.5,1.5,2.0,1.0,26.097709834692836,100.90229016530715,129.0,130.0,0.0,True,,SIM-01,sim01_safe_speed_vs_range-000282,ASSUMED_SENSITIVITY,SENSITIVITY_RESULT
reference,131.0,17.474667297574374,62.908802271267746,1.5,1.5,2.0,1.0,26.212000946361563,101.78799905363843,130.0,131.0,0.0,True,,SIM-01,sim01_safe_speed_vs_range-000283,ASSUMED_SENSITIVITY,SENSITIVITY_RESULT
reference,132.0,17.55056817366613,63.18204542519806,1.5,1.5,2.0,1.0,26.325852260499193,102.67414773950081,131.0,132.0,0.0,True,,SIM-01,sim01_safe_speed_vs_range-000284,ASSUMED_SENSITIVITY,SENSITIVITY_RESULT
reference,133.0,17.626179210300958,63.45424515708345,1.5,1.5,2.0,1.0,26.439268815451435,103.56073118454856,132.0,133.0,0.0,True,,SIM-01,sim01_safe_speed_vs_range-000285,ASSUMED_SENSITIVITY,SENSITIVITY_RESULT
reference,134.0,17.701503702728775,63.725413329823596,1.5,1.5,2.0,1.0,26.552255554093165,104.44774444590685,133.0,134.0,0.0,True,,SIM-01,sim01_safe_speed_vs_range-000286,ASSUMED_SENSITIVITY,SENSITIVITY_RESULT
reference,135.0,17.77654488422803,63.99556158322091,1.5,1.5,2.0,1.0,26.664817326342046,105.33518267365793,133.99999999999997,134.99999999999997,2.842170943040401e-14,True,,SIM-01,sim01_safe_speed_vs_range-000287,ASSUMED_SENSITIVITY,SENSITIVITY_RESULT
reference,136.0,17.851305927725193,64.2647013398107,1.5,1.5,2.0,1.0,26.77695889158779,106.2230411084122,135.0,136.0,0.0,True,,SIM-01,sim01_safe_speed_vs_range-000288,ASSUMED_SENSITIVITY,SENSITIVITY_RESULT
reference,137.0,17.92578994736018,64.53284381049664,1.5,1.5,2.0,1.0,26.88868492104027,107.11131507895976,136.00000000000003,137.00000000000003,-2.842170943040401e-14,True,,SIM-01,sim01_safe_speed_vs_range-000289,ASSUMED_SENSITIVITY,SENSITIVITY_RESULT
reference,138.0,18.0,64.8,1.5,1.5,2.0,1.0,27.0,108.0,137.0,138.0,0.0,True,,SIM-01,sim01_safe_speed_vs_range-000290,ASSUMED_SENSITIVITY,SENSITIVITY_RESULT
reference,139.0,18.073939086702655,65.06618071212957,1.5,1.5,2.0,1.0,27.110908630053984,108.889091369946,138.0,139.0,0.0,True,,SIM-01,sim01_safe_speed_vs_range-000291,ASSUMED_SENSITIVITY,SENSITIVITY_RESULT
reference,140.0,18.147610154133254,65.33139655487972,1.5,1.5,2.0,1.0,27.22141523119988,109.77858476880012,139.0,140.0,0.0,True,,SIM-01,sim01_safe_speed_vs_range-000292,ASSUMED_SENSITIVITY,SENSITIVITY_RESULT
reference,141.0,18.22101609593427,65.59565794536337,1.5,1.5,2.0,1.0,27.331524143901404,110.6684758560986,140.0,141.0,0.0,True,,SIM-01,sim01_safe_speed_vs_range-000293,ASSUMED_SENSITIVITY,SENSITIVITY_RESULT
reference,142.0,18.29415975405176,65.85897511458633,1.5,1.5,2.0,1.0,27.441239631077636,111.55876036892236,141.0,142.0,0.0,True,,SIM-01,sim01_safe_speed_vs_range-000294,ASSUMED_SENSITIVITY,SENSITIVITY_RESULT
reference,143.0,18.367043920019185,66.12135811206907,1.5,1.5,2.0,1.0,27.550565880028778,112.44943411997123,142.0,143.0,0.0,True,,SIM-01,sim01_safe_speed_vs_range-000295,ASSUMED_SENSITIVITY,SENSITIVITY_RESULT
reference,144.0,18.439671336200583,66.3828168103221,1.5,1.5,2.0,1.0,27.659507004300874,113.34049299569914,143.0,144.0,0.0,True,,SIM-01,sim01_safe_speed_vs_range-000296,ASSUMED_SENSITIVITY,SENSITIVITY_RESULT
reference,145.0,18.51204469699456,66.64336090918042,1.5,1.5,2.0,1.0,27.76806704549184,114.23193295450814,143.99999999999997,144.99999999999997,2.842170943040401e-14,True,,SIM-01,sim01_safe_speed_vs_range-000297,ASSUMED_SENSITIVITY,SENSITIVITY_RESULT
reference,146.0,18.584166650000668,66.9029999400024,1.5,1.5,2.0,1.0,27.876249975001002,115.12375002499903,145.00000000000003,146.00000000000003,-2.842170943040401e-14,True,,SIM-01,sim01_safe_speed_vs_range-000298,ASSUMED_SENSITIVITY,SENSITIVITY_RESULT
reference,147.0,18.656039797149532,67.16174326973832,1.5,1.5,2.0,1.0,27.984059695724298,116.01594030427572,146.0,147.0,0.0,True,,SIM-01,sim01_safe_speed_vs_range-000299,ASSUMED_SENSITIVITY,SENSITIVITY_RESULT
reference,148.0,18.727666695798177,67.41960010487344,1.5,1.5,2.0,1.0,28.091500043697266,116.90849995630275,147.0,148.0,0.0,True,,SIM-01,sim01_safe_speed_vs_range-000300,ASSUMED_SENSITIVITY,SENSITIVITY_RESULT
reference,149.0,18.799049859791772,67.67657949525038,1.5,1.5,2.0,1.0,28.198574789687658,117.80142521031235,148.0,149.0,0.0,True,,SIM-01,sim01_safe_speed_vs_range-000301,ASSUMED_SENSITIVITY,SENSITIVITY_RESULT
reference,150.0,18.870191760493086,67.93269033777511,1.5,1.5,2.0,1.0,28.30528764073963,118.69471235926038,149.0,150.0,0.0,True,,SIM-01,sim01_safe_speed_vs_range-000302,ASSUMED_SENSITIVITY,SENSITIVITY_RESULT
adverse,0.0,0.0,0.0,2.5,0.5,5.0,5.0,0.0,0.0,5.0,10.0,-10.0,False,,SIM-01,sim01_safe_speed_vs_range-000303,ASSUMED_SENSITIVITY,SENSITIVITY_RESULT
adverse,1.0,0.0,0.0,2.5,0.5,5.0,5.0,0.0,0.0,5.0,10.0,-9.0,False,,SIM-01,sim01_safe_speed_vs_range-000304,ASSUMED_SENSITIVITY,SENSITIVITY_RESULT
adverse,2.0,0.0,0.0,2.5,0.5,5.0,5.0,0.0,0.0,5.0,10.0,-8.0,False,,SIM-01,sim01_safe_speed_vs_range-000305,ASSUMED_SENSITIVITY,SENSITIVITY_RESULT
adverse,3.0,0.0,0.0,2.5,0.5,5.0,5.0,0.0,0.0,5.0,10.0,-7.0,False,3.0,SIM-01,sim01_safe_speed_vs_range-000306,ASSUMED_SENSITIVITY,SENSITIVITY_RESULT
adverse,4.0,0.0,0.0,2.5,0.5,5.0,5.0,0.0,0.0,5.0,10.0,-6.0,False,4.0,SIM-01,sim01_safe_speed_vs_range-000307,ASSUMED_SENSITIVITY,SENSITIVITY_RESULT
adverse,5.0,0.0,0.0,2.5,0.5,5.0,5.0,0.0,0.0,5.0,10.0,-5.0,False,5.0,SIM-01,sim01_safe_speed_vs_range-000308,ASSUMED_SENSITIVITY,SENSITIVITY_RESULT
adverse,6.0,0.0,0.0,2.5,0.5,5.0,5.0,0.0,0.0,5.0,10.0,-4.0,False,,SIM-01,sim01_safe_speed_vs_range-000309,ASSUMED_SENSITIVITY,SENSITIVITY_RESULT
adverse,7.0,0.0,0.0,2.5,0.5,5.0,5.0,0.0,0.0,5.0,10.0,-3.0,False,,SIM-01,sim01_safe_speed_vs_range-000310,ASSUMED_SENSITIVITY,SENSITIVITY_RESULT
adverse,8.0,0.0,0.0,2.5,0.5,5.0,5.0,0.0,0.0,5.0,10.0,-2.0,False,,SIM-01,sim01_safe_speed_vs_range-000311,ASSUMED_SENSITIVITY,SENSITIVITY_RESULT
adverse,9.0,0.0,0.0,2.5,0.5,5.0,5.0,0.0,0.0,5.0,10.0,-1.0,False,,SIM-01,sim01_safe_speed_vs_range-000312,ASSUMED_SENSITIVITY,SENSITIVITY_RESULT
adverse,10.0,0.0,0.0,2.5,0.5,5.0,5.0,0.0,0.0,5.0,10.0,0.0,False,,SIM-01,sim01_safe_speed_vs_range-000313,ASSUMED_SENSITIVITY,SENSITIVITY_RESULT
adverse,11.0,0.3507810593582122,1.2628118136895639,2.5,0.5,5.0,5.0,0.8769526483955304,0.12304735160446958,6.0,11.0,0.0,True,,SIM-01,sim01_safe_speed_vs_range-000314,ASSUMED_SENSITIVITY,SENSITIVITY_RESULT
adverse,12.0,0.6374586088176875,2.294850991743675,2.5,0.5,5.0,5.0,1.5936465220442186,0.4063534779557815,7.0,12.0,0.0,True,,SIM-01,sim01_safe_speed_vs_range-000315,ASSUMED_SENSITIVITY,SENSITIVITY_RESULT
adverse,13.0,0.8860009363293828,3.189603370785778,2.5,0.5,5.0,5.0,2.215002340823457,0.7849976591765431,8.0,13.0,0.0,True,,SIM-01,sim01_safe_speed_vs_range-000316,ASSUMED_SENSITIVITY,SENSITIVITY_RESULT
adverse,14.0,1.108495283014151,3.990583018850944,2.5,0.5,5.0,5.0,2.7712382075353776,1.2287617924646228,9.0,14.0,0.0,True,,SIM-01,sim01_safe_speed_vs_range-000317,ASSUMED_SENSITIVITY,SENSITIVITY_RESULT
adverse,15.0,1.3117376914898997,4.722255689363639,2.5,0.5,5.0,5.0,3.2793442287247494,1.7206557712752513,10.0,15.0,0.0,True,,SIM-01,sim01_safe_speed_vs_range-000318,ASSUMED_SENSITIVITY,SENSITIVITY_RESULT
adverse,16.0,1.5,5.4,2.5,0.5,5.0,5.0,3.75,2.25,11.0,16.0,0.0,True,,SIM-01,sim01_safe_speed_vs_range-000319,ASSUMED_SENSITIVITY,SENSITIVITY_RESULT
adverse,17.0,1.6761749776799062,6.034229919647663,2.5,0.5,5.0,5.0,4.190437444199765,2.809562555800234,12.0,17.0,0.0,True,,SIM-01,sim01_safe_speed_vs_range-000320,ASSUMED_SENSITIVITY,SENSITIVITY_RESULT
adverse,18.0,1.8423292192132454,6.6323851891676835,2.5,0.5,5.0,5.0,4.6058230480331135,3.3941769519668865,13.0,18.0,0.0,True,,SIM-01,sim01_safe_speed_vs_range-000321,ASSUMED_SENSITIVITY,SENSITIVITY_RESULT
adverse,19.0,2.0,7.2,2.5,0.5,5.0,5.0,5.0,4.0,14.0,19.0,0.0,True,,SIM-01,sim01_safe_speed_vs_range-000322,ASSUMED_SENSITIVITY,SENSITIVITY_RESULT
adverse,20.0,2.1503676271838605,7.741323457861898,2.5,0.5,5.0,5.0,5.375919067959652,4.624080932040346,14.999999999999998,20.0,0.0,True,,SIM-01,sim01_safe_speed_vs_range-000323,ASSUMED_SENSITIVITY,SENSITIVITY_RESULT
adverse,21.0,2.294361719689456,8.259702190882042,2.5,0.5,5.0,5.0,5.735904299223639,5.264095700776357,15.999999999999996,20.999999999999996,3.552713678800501e-15,True,,SIM-01,sim01_safe_speed_vs_range-000324,ASSUMED_SENSITIVITY,SENSITIVITY_RESULT
adverse,22.0,2.4327299656640586,8.75782787639061,2.5,0.5,5.0,5.0,6.081824914160147,5.918175085839852,17.0,22.0,0.0,True,,SIM-01,sim01_safe_speed_vs_range-000325,ASSUMED_SENSITIVITY,SENSITIVITY_RESULT
adverse,23.0,2.5660843806184372,9.237903770226374,2.5,0.5,5.0,5.0,6.4152109515460936,6.584789048453909,18.000000000000004,23.000000000000004,-3.552713678800501e-15,True,,SIM-01,sim01_safe_speed_vs_range-000326,ASSUMED_SENSITIVITY,SENSITIVITY_RESULT
adverse,24.0,2.6949334595148753,9.70176045425355,2.5,0.5,5.0,5.0,6.737333648787188,7.262666351212814,19.0,24.0,0.0,True,,SIM-01,sim01_safe_speed_vs_range-000327,ASSUMED_SENSITIVITY,SENSITIVITY_RESULT
adverse,25.0,2.8197051490249265,10.150938536489736,2.5,0.5,5.0,5.0,7.049262872562316,7.950737127437683,20.0,25.0,0.0,True,,SIM-01,sim01_safe_speed_vs_range-000328,ASSUMED_SENSITIVITY,SENSITIVITY_RESULT
adverse,26.0,2.9407636535600523,10.58674915281619,2.5,0.5,5.0,5.0,7.351909133900131,8.648090866099867,21.0,26.0,0.0,True,,SIM-01,sim01_safe_speed_vs_range-000329,ASSUMED_SENSITIVITY,SENSITIVITY_RESULT
adverse,27.0,3.0584219849035215,11.010319145652678,2.5,0.5,5.0,5.0,7.646054962258804,9.353945037741196,22.0,27.0,0.0,True,,SIM-01,sim01_safe_speed_vs_range-000330,ASSUMED_SENSITIVITY,SENSITIVITY_RESULT
adverse,28.0,3.1729515032385334,11.42262541165872,2.5,0.5,5.0,5.0,7.932378758096333,10.06762124190367,23.000000000000004,28.000000000000004,-3.552713678800501e-15,True,,SIM-01,sim01_safe_speed_vs_range-000331,ASSUMED_SENSITIVITY,SENSITIVITY_RESULT
adverse,29.0,3.284589286804264,11.82452143249535,2.5,0.5,5.0,5.0,8.21147321701066,10.788526782989344,24.000000000000004,29.000000000000004,-3.552713678800501e-15,True,,SIM-01,sim01_safe_speed_vs_range-000332,ASSUMED_SENSITIVITY,SENSITIVITY_RESULT
adverse,30.0,3.3935439052516774,12.21675805890604,2.5,0.5,5.0,5.0,8.483859763129193,11.516140236870806,25.0,30.0,0.0,True,,SIM-01,sim01_safe_speed_vs_range-000333,ASSUMED_SENSITIVITY,SENSITIVITY_RESULT
adverse,31.0,3.5,12.6,2.5,0.5,5.0,5.0,8.75,12.25,26.0,31.0,0.0,True,,SIM-01,sim01_safe_speed_vs_range-000334,ASSUMED_SENSITIVITY,SENSITIVITY_RESULT
adverse,32.0,3.6041219597369,12.97483905505284,2.5,0.5,5.0,5.0,9.01030489934225,12.989695100657752,27.0,32.0,0.0,True,,SIM-01,sim01_safe_speed_vs_range-000335,ASSUMED_SENSITIVITY,SENSITIVITY_RESULT
adverse,33.0,3.7060569003997523,13.341804841439108,2.5,0.5,5.0,5.0,9.26514225099938,13.73485774900062,28.0,33.0,0.0,True,,SIM-01,sim01_safe_speed_vs_range-000336,ASSUMED_SENSITIVITY,SENSITIVITY_RESULT
adverse,34.0,3.805937104039171,13.701373574541016,2.5,0.5,5.0,5.0,9.514842760097928,14.485157239902072,29.0,34.0,0.0,True,,SIM-01,sim01_safe_speed_vs_range-000337,ASSUMED_SENSITIVITY,SENSITIVITY_RESULT
adverse,35.0,3.9038820320220755,14.053975315279471,2.5,0.5,5.0,5.0,9.75970508005519,15.240294919944809,30.0,35.0,0.0,True,,SIM-01,sim01_safe_speed_vs_range-000338,ASSUMED_SENSITIVITY,SENSITIVITY_RESULT
adverse,36.0,4.0,14.4,2.5,0.5,5.0,5.0,10.0,16.0,31.0,36.0,0.0,True,,SIM-01,sim01_safe_speed_vs_range-000339,ASSUMED_SENSITIVITY,SENSITIVITY_RESULT
adverse,37.0,4.094389581607988,14.739802493788757,2.5,0.5,5.0,5.0,10.23597395401997,16.764026045980035,32.00000000000001,37.00000000000001,-7.105427357601002e-15,True,,SIM-01,sim01_safe_speed_vs_range-000340,ASSUMED_SENSITIVITY,SENSITIVITY_RESULT
adverse,38.0,4.187140792732886,15.07370685383839,2.5,0.5,5.0,5.0,10.467851981832215,17.53214801816778,33.0,38.0,0.0,True,,SIM-01,sim01_safe_speed_vs_range-000341,ASSUMED_SENSITIVITY,SENSITIVITY_RESULT
adverse,39.0,4.278336096873995,15.402009948746384,2.5,0.5,5.0,5.0,10.695840242184989,18.304159757815015,34.0,39.0,0.0,True,,SIM-01,sim01_safe_speed_vs_range-000342,ASSUMED_SENSITIVITY,SENSITIVITY_RESULT
adverse,40.0,4.368051263561058,15.724984548819808,2.5,0.5,5.0,5.0,10.920128158902644,19.079871841097354,35.0,40.0,0.0,True,,SIM-01,sim01_safe_speed_vs_range-000343,ASSUMED_SENSITIVITY,SENSITIVITY_RESULT
adverse,41.0,4.456356105256664,16.04288197892399,2.5,0.5,5.0,5.0,11.14089026314166,19.859109736858347,36.00000000000001,41.00000000000001,-7.105427357601002e-15,True,,SIM-01,sim01_safe_speed_vs_range-000344,ASSUMED_SENSITIVITY,SENSITIVITY_RESULT
adverse,42.0,4.543315113128234,16.355934407261643,2.5,0.5,5.0,5.0,11.358287782820584,20.641712217179414,37.0,42.0,0.0,True,,SIM-01,sim01_safe_speed_vs_range-000345,ASSUMED_SENSITIVITY,SENSITIVITY_RESULT
adverse,43.0,4.628988008152423,16.664356829348723,2.5,0.5,5.0,5.0,11.572470020381058,21.42752997961894,38.0,43.0,0.0,True,,SIM-01,sim01_safe_speed_vs_range-000346,ASSUMED_SENSITIVITY,SENSITIVITY_RESULT
adverse,44.0,4.713430220938282,16.968348795377814,2.5,0.5,5.0,5.0,11.783575552345704,22.216424447654298,39.0,44.0,0.0,True,,SIM-01,sim01_safe_speed_vs_range-000347,ASSUMED_SENSITIVITY,SENSITIVITY_RESULT
adverse,45.0,4.796693311223913,17.268095920406086,2.5,0.5,5.0,5.0,11.991733278059781,23.008266721940224,40.00000000000001,45.00000000000001,-7.105427357601002e-15,True,,SIM-01,sim01_safe_speed_vs_range-000348,ASSUMED_SENSITIVITY,SENSITIVITY_RESULT
adverse,46.0,4.878825336065631,17.563771209836272,2.5,0.5,5.0,5.0,12.197063340164078,23.80293665983592,41.0,46.0,0.0,True,,SIM-01,sim01_safe_speed_vs_range-000349,ASSUMED_SENSITIVITY,SENSITIVITY_RESULT
adverse,47.0,4.95987117418711,17.855536227073596,2.5,0.5,5.0,5.0,12.399677935467775,24.600322064532218,41.99999999999999,46.99999999999999,7.105427357601002e-15,True,,SIM-01,sim01_safe_speed_vs_range-000350,ASSUMED_SENSITIVITY,SENSITIVITY_RESULT
adverse,48.0,5.039872812704562,18.143542125736424,2.5,0.5,5.0,5.0,12.599682031761406,25.400317968238596,43.0,48.0,0.0,True,,SIM-01,sim01_safe_speed_vs_range-000351,ASSUMED_SENSITIVITY,SENSITIVITY_RESULT
adverse,49.0,5.118869601428498,18.427930565142596,2.5,0.5,5.0,5.0,12.797174003571246,26.202825996428754,44.0,49.0,0.0,True,,SIM-01,sim01_safe_speed_vs_range-000352,ASSUMED_SENSITIVITY,SENSITIVITY_RESULT
adverse,50.0,5.1968984791138135,18.708834524809728,2.5,0.5,5.0,5.0,12.992246197784533,27.00775380221547,45.0,50.0,0.0,True,,SIM-01,sim01_safe_speed_vs_range-000353,ASSUMED_SENSITIVITY,SENSITIVITY_RESULT
adverse,51.0,5.273994175349944,18.9863790312598,2.5,0.5,5.0,5.0,13.184985438374861,27.81501456162514,46.0,51.0,0.0,True,,SIM-01,sim01_safe_speed_vs_range-000354,ASSUMED_SENSITIVITY,SENSITIVITY_RESULT
adverse,52.0,5.350189391222043,19.260681808399355,2.5,0.5,5.0,5.0,13.375473478055106,28.62452652194489,47.0,52.0,0.0,True,,SIM-01,sim01_safe_speed_vs_range-000355,ASSUMED_SENSITIVITY,SENSITIVITY_RESULT
adverse,53.0,5.425514961409344,19.53185386107364,2.5,0.5,5.0,5.0,13.56378740352336,29.436212596476633,47.99999999999999,52.99999999999999,7.105427357601002e-15,True,,SIM-01,sim01_safe_speed_vs_range-000356,ASSUMED_SENSITIVITY,SENSITIVITY_RESULT
adverse,54.0,5.5,19.8,2.5,0.5,5.0,5.0,13.75,30.25,49.0,54.0,0.0,True,,SIM-01,sim01_safe_speed_vs_range-000357,ASSUMED_SENSITIVITY,SENSITIVITY_RESULT
adverse,55.0,5.57367203197809,20.065219315121123,2.5,0.5,5.0,5.0,13.934180079945225,31.065819920054768,49.99999999999999,54.99999999999999,7.105427357601002e-15,True,,SIM-01,sim01_safe_speed_vs_range-000358,ASSUMED_SENSITIVITY,SENSITIVITY_RESULT
adverse,56.0,5.64655711206686,20.3276056034407,2.5,0.5,5.0,5.0,14.11639278016715,31.883607219832843,50.99999999999999,55.99999999999999,7.105427357601002e-15,True,,SIM-01,sim01_safe_speed_vs_range-000359,ASSUMED_SENSITIVITY,SENSITIVITY_RESULT
adverse,57.0,5.718679932383177,20.587247756579437,2.5,0.5,5.0,5.0,14.296699830957941,32.70330016904205,51.99999999999999,56.99999999999999,7.105427357601002e-15,True,,SIM-01,sim01_safe_speed_vs_range-000360,ASSUMED_SENSITIVITY,SENSITIVITY_RESULT
adverse,58.0,5.790063920164362,20.844230112591706,2.5,0.5,5.0,5.0,14.475159800410907,33.52484019958911,53.000000000000014,58.000000000000014,-1.4210854715202004e-14,True,,SIM-01,sim01_safe_speed_vs_range-000361,ASSUMED_SENSITIVITY,SENSITIVITY_RESULT
adverse,59.0,5.860731326663946,21.098632775990207,2.5,0.5,5.0,5.0,14.651828316659865,34.348171683340134,54.0,59.0,0.0,True,,SIM-01,sim01_safe_speed_vs_range-000362,ASSUMED_SENSITIVITY,SENSITIVITY_RESULT
adverse,60.0,5.930703308172536,21.35053190942113,2.5,0.5,5.0,5.0,14.82675827043134,35.17324172956866,55.0,60.0,0.0,True,,SIM-01,sim01_safe_speed_vs_range-000363,ASSUMED_SENSITIVITY,SENSITIVITY_RESULT
adverse,61.0,6.0,21.6,2.5,0.5,5.0,5.0,15.0,36.0,56.0,61.0,0.0,True,,SIM-01,sim01_safe_speed_vs_range-000364,ASSUMED_SENSITIVITY,SENSITIVITY_RESULT
adverse,62.0,6.068640584152224,21.847106102948008,2.5,0.5,5.0,5.0,15.17160146038056,36.82839853961944,57.0,62.0,0.0,True,,SIM-01,sim01_safe_speed_vs_range-000365,ASSUMED_SENSITIVITY,SENSITIVITY_RESULT
adverse,63.0,6.136643351347078,22.09191606484948,2.5,0.5,5.0,5.0,15.341608378367695,37.6583916216323,57.99999999999999,62.99999999999999,7.105427357601002e-15,True,,SIM-01,sim01_safe_speed_vs_range-000366,ASSUMED_SENSITIVITY,SENSITIVITY_RESULT
adverse,64.0,6.204025757937787,22.334492728576034,2.5,0.5,5.0,5.0,15.510064394844466,38.48993560515553,59.0,64.0,0.0,True,,SIM-01,sim01_safe_speed_vs_range-000367,ASSUMED_SENSITIVITY,SENSITIVITY_RESULT
adverse,65.0,6.270804478245662,22.574896121684382,2.5,0.5,5.0,5.0,15.677011195614154,39.322988804385844,60.0,65.0,0.0,True,,SIM-01,sim01_safe_speed_vs_range-000368,ASSUMED_SENSITIVITY,SENSITIVITY_RESULT
adverse,66.0,6.336995452746759,22.813183629888332,2.5,0.5,5.0,5.0,15.842488631866898,40.1575113681331,61.0,66.0,0.0,True,,SIM-01,sim01_safe_speed_vs_range-000369,ASSUMED_SENSITIVITY,SENSITIVITY_RESULT
adverse,67.0,6.402613932506983,23.04941015702514,2.5,0.5,5.0,5.0,16.00653483126746,40.993465168732534,61.99999999999999,67.0,0.0,True,,SIM-01,sim01_safe_speed_vs_range-000370,ASSUMED_SENSITIVITY,SENSITIVITY_RESULT
adverse,68.0,6.467674520216566,23.28362827277964,2.5,0.5,5.0,5.0,16.169186300541416,41.830813699458595,63.000000000000014,68.00000000000001,-1.4210854715202004e-14,True,,SIM-01,sim01_safe_speed_vs_range-000371,ASSUMED_SENSITIVITY,SENSITIVITY_RESULT
adverse,69.0,6.53219120813669,23.515888349292084,2.5,0.5,5.0,5.0,16.330478020341726,42.66952197965827,64.0,69.0,0.0,True,,SIM-01,sim01_safe_speed_vs_range-000372,ASSUMED_SENSITIVITY,SENSITIVITY_RESULT
adverse,70.0,6.596177413237608,23.74623868765539,2.5,0.5,5.0,5.0,16.49044353309402,43.50955646690598,65.0,70.0,0.0,True,,SIM-01,sim01_safe_speed_vs_range-000373,ASSUMED_SENSITIVITY,SENSITIVITY_RESULT
adverse,71.0,6.659646009778187,23.974725635201473,2.5,0.5,5.0,5.0,16.649115024445468,44.35088497555452,65.99999999999999,70.99999999999999,1.4210854715202004e-14,True,,SIM-01,sim01_safe_speed_vs_range-000374,ASSUMED_SENSITIVITY,SENSITIVITY_RESULT
adverse,72.0,6.7226093595509875,24.201393694383555,2.5,0.5,5.0,5.0,16.80652339887747,45.19347660112254,67.00000000000001,72.00000000000001,-1.4210854715202004e-14,True,,SIM-01,sim01_safe_speed_vs_range-000375,ASSUMED_SENSITIVITY,SENSITIVITY_RESULT
adverse,73.0,6.785079339994099,24.426285623978757,2.5,0.5,5.0,5.0,16.96269834998525,46.03730165001476,68.00000000000001,73.00000000000001,-1.4210854715202004e-14,True,,SIM-01,sim01_safe_speed_vs_range-000376,ASSUMED_SENSITIVITY,SENSITIVITY_RESULT
adverse,74.0,6.847067370350824,24.649442533262967,2.5,0.5,5.0,5.0,17.11766842587706,46.882331574122944,69.0,74.0,0.0,True,,SIM-01,sim01_safe_speed_vs_range-000377,ASSUMED_SENSITIVITY,SENSITIVITY_RESULT
adverse,75.0,6.90858443604036,24.870903969745296,2.5,0.5,5.0,5.0,17.2714610901009,47.72853890989909,70.0,75.0,0.0,True,,SIM-01,sim01_safe_speed_vs_range-000378,ASSUMED_SENSITIVITY,SENSITIVITY_RESULT
adverse,76.0,6.969641111386799,25.090708000992475,2.5,0.5,5.0,5.0,17.424102778466995,48.57589722153301,71.0,76.0,0.0,True,,SIM-01,sim01_safe_speed_vs_range-000379,ASSUMED_SENSITIVITY,SENSITIVITY_RESULT
adverse,77.0,7.030247580839596,25.308891291022547,2.5,0.5,5.0,5.0,17.575618952098992,49.424381047900994,71.99999999999999,76.99999999999999,1.4210854715202004e-14,True,,SIM-01,sim01_safe_speed_vs_range-000380,ASSUMED_SENSITIVITY,SENSITIVITY_RESULT
adverse,78.0,7.090413658806138,25.525489171702098,2.5,0.5,5.0,5.0,17.726034147015348,50.27396585298465,73.0,78.0,0.0,True,,SIM-01,sim01_safe_speed_vs_range-000381,ASSUMED_SENSITIVITY,SENSITIVITY_RESULT
adverse,79.0,7.150148808205722,25.740535709540598,2.5,0.5,5.0,5.0,17.875372020514305,51.1246279794857,74.0,79.0,0.0,True,,SIM-01,sim01_safe_speed_vs_range-000382,ASSUMED_SENSITIVITY,SENSITIVITY_RESULT
adverse,80.0,7.209462157844315,25.954063768239532,2.5,0.5,5.0,5.0,18.02365539461079,51.9763446053892,74.99999999999999,79.99999999999999,1.4210854715202004e-14,True,,SIM-01,sim01_safe_speed_vs_range-000383,ASSUMED_SENSITIVITY,SENSITIVITY_RESULT
adverse,81.0,7.26836251870041,26.166105067321478,2.5,0.5,5.0,5.0,18.170906296751028,52.82909370324897,76.0,81.0,0.0,True,,SIM-01,sim01_safe_speed_vs_range-000384,ASSUMED_SENSITIVITY,SENSITIVITY_RESULT
adverse,82.0,7.326858399204221,26.376690237135197,2.5,0.5,5.0,5.0,18.317145998010552,53.68285400198945,77.0,82.0,0.0,True,,SIM-01,sim01_safe_speed_vs_range-000385,ASSUMED_SENSITIVITY,SENSITIVITY_RESULT
adverse,83.0,7.384958019585272,26.58584887050698,2.5,0.5,5.0,5.0,18.46239504896318,54.537604951036826,78.0,83.0,0.0,True,,SIM-01,sim01_safe_speed_vs_range-000386,ASSUMED_SENSITIVITY,SENSITIVITY_RESULT
adverse,84.0,7.442669325356855,26.793609571284676,2.5,0.5,5.0,5.0,18.606673313392136,55.39332668660786,79.0,84.0,0.0,True,,SIM-01,sim01_safe_speed_vs_range-000387,ASSUMED_SENSITIVITY,SENSITIVITY_RESULT
adverse,85.0,7.5,27.0,2.5,0.5,5.0,5.0,18.75,56.25,80.0,85.0,0.0,True,,SIM-01,sim01_safe_speed_vs_range-000388,ASSUMED_SENSITIVITY,SENSITIVITY_RESULT
adverse,86.0,7.5569574769042696,27.20504691685537,2.5,0.5,5.0,5.0,18.892393692260676,57.107606307739346,81.00000000000003,86.00000000000003,-2.842170943040401e-14,True,,SIM-01,sim01_safe_speed_vs_range-000389,ASSUMED_SENSITIVITY,SENSITIVITY_RESULT
adverse,87.0,7.613548950617918,27.408776222224507,2.5,0.5,5.0,5.0,19.033872376544796,57.96612762345521,82.0,87.0,0.0,True,,SIM-01,sim01_safe_speed_vs_range-000390,ASSUMED_SENSITIVITY,SENSITIVITY_RESULT
adverse,88.0,7.669781387455637,27.611212994840294,2.5,0.5,5.0,5.0,19.174453468639094,58.825546531360914,83.0,88.0,0.0,True,,SIM-01,sim01_safe_speed_vs_range-000391,ASSUMED_SENSITIVITY,SENSITIVITY_RESULT
adverse,89.0,7.725661535508122,27.81238152782924,2.5,0.5,5.0,5.0,19.314153838770306,59.68584616122971,84.00000000000001,89.00000000000001,-1.4210854715202004e-14,True,,SIM-01,sim01_safe_speed_vs_range-000392,ASSUMED_SENSITIVITY,SENSITIVITY_RESULT
adverse,90.0,7.781195934094222,28.0123053627392,2.5,0.5,5.0,5.0,19.452989835235556,60.54701016476445,85.0,90.0,0.0,True,,SIM-01,sim01_safe_speed_vs_range-000393,ASSUMED_SENSITIVITY,SENSITIVITY_RESULT
adverse,91.0,7.836390922693124,28.21100732169525,2.5,0.5,5.0,5.0,19.59097730673281,61.4090226932672,86.0,91.0,0.0,True,,SIM-01,sim01_safe_speed_vs_range-000394,ASSUMED_SENSITIVITY,SENSITIVITY_RESULT
adverse,92.0,7.89125264939111,28.408509537807998,2.5,0.5,5.0,5.0,19.728131623477775,62.27186837652222,87.0,92.0,0.0,True,,SIM-01,sim01_safe_speed_vs_range-000395,ASSUMED_SENSITIVITY,SENSITIVITY_RESULT
adverse,93.0,7.94578707887476,28.604833483949136,2.5,0.5,5.0,5.0,19.8644676971869,63.1355323028131,88.0,93.0,0.0,True,,SIM-01,sim01_safe_speed_vs_range-000396,ASSUMED_SENSITIVITY,SENSITIVITY_RESULT
adverse,94.0,8.0,28.8,2.5,0.5,5.0,5.0,20.0,64.0,89.0,94.0,0.0,True,,SIM-01,sim01_safe_speed_vs_range-000397,ASSUMED_SENSITIVITY,SENSITIVITY_RESULT
adverse,95.0,8.053897032964198,28.994029318671114,2.5,0.5,5.0,5.0,20.134742582410496,64.8652574175895,90.0,95.0,0.0,True,,SIM-01,sim01_safe_speed_vs_range-000398,ASSUMED_SENSITIVITY,SENSITIVITY_RESULT
adverse,96.0,8.10748363610645,29.18694108998322,2.5,0.5,5.0,5.0,20.268709090266125,65.73129090973386,90.99999999999999,95.99999999999999,1.4210854715202004e-14,True,,SIM-01,sim01_safe_speed_vs_range-000399,ASSUMED_SENSITIVITY,SENSITIVITY_RESULT
adverse,97.0,8.160765112359357,29.378754404493687,2.5,0.5,5.0,5.0,20.401912780898392,66.59808721910163,92.00000000000003,97.00000000000003,-2.842170943040401e-14,True,,SIM-01,sim01_safe_speed_vs_range-000400,ASSUMED_SENSITIVITY,SENSITIVITY_RESULT
adverse,98.0,8.21374661537385,29.569487815345862,2.5,0.5,5.0,5.0,20.534366538434625,67.46563346156537,93.0,98.0,0.0,True,,SIM-01,sim01_safe_speed_vs_range-000401,ASSUMED_SENSITIVITY,SENSITIVITY_RESULT
adverse,99.0,8.266433155337142,29.75915935921371,2.5,0.5,5.0,5.0,20.666082888342853,68.33391711165717,94.00000000000003,99.00000000000003,-2.842170943040401e-14,True,,SIM-01,sim01_safe_speed_vs_range-000402,ASSUMED_SENSITIVITY,SENSITIVITY_RESULT
adverse,100.0,8.318829604502318,29.947786576208344,2.5,0.5,5.0,5.0,20.797074011255795,69.20292598874418,94.99999999999997,99.99999999999997,2.842170943040401e-14,True,,SIM-01,sim01_safe_speed_vs_range-000403,ASSUMED_SENSITIVITY,SENSITIVITY_RESULT
adverse,101.0,8.370940702446928,30.135386528808944,2.5,0.5,5.0,5.0,20.92735175611732,70.07264824388267,95.99999999999999,100.99999999999999,1.4210854715202004e-14,True,,SIM-01,sim01_safe_speed_vs_range-000404,ASSUMED_SENSITIVITY,SENSITIVITY_RESULT
adverse,102.0,8.422771061076553,30.32197581987559,2.5,0.5,5.0,5.0,21.056927652691382,70.94307234730864,97.00000000000003,102.00000000000003,-2.842170943040401e-14,True,,SIM-01,sim01_safe_speed_vs_range-000405,ASSUMED_SENSITIVITY,SENSITIVITY_RESULT
adverse,103.0,8.474325169388363,30.50757060979811,2.5,0.5,5.0,5.0,21.18581292347091,71.81418707652911,98.00000000000001,103.00000000000001,-1.4210854715202004e-14,True,,SIM-01,sim01_safe_speed_vs_range-000406,ASSUMED_SENSITIVITY,SENSITIVITY_RESULT
adverse,104.0,8.525607398008576,30.692186632830875,2.5,0.5,5.0,5.0,21.31401849502144,72.68598150497857,99.00000000000001,104.00000000000001,-1.4210854715202004e-14,True,,SIM-01,sim01_safe_speed_vs_range-000407,ASSUMED_SENSITIVITY,SENSITIVITY_RESULT
adverse,105.0,8.576622003516773,30.875839212660384,2.5,0.5,5.0,5.0,21.441555008791934,73.55844499120806,100.0,105.0,0.0,True,,SIM-01,sim01_safe_speed_vs_range-000408,ASSUMED_SENSITIVITY,SENSITIVITY_RESULT
adverse,106.0,8.627373132569206,31.058543277249143,2.5,0.5,5.0,5.0,21.568432831423014,74.43156716857699,101.0,106.0,0.0,True,,SIM-01,sim01_safe_speed_vs_range-000409,ASSUMED_SENSITIVITY,SENSITIVITY_RESULT
adverse,107.0,8.67786482583239,31.240313372996606,2.5,0.5,5.0,5.0,21.694662064580974,75.30533793541902,102.0,107.0,0.0,True,,SIM-01,sim01_safe_speed_vs_range-000410,ASSUMED_SENSITIVITY,SENSITIVITY_RESULT
adverse,108.0,8.728101021737553,31.42116367825519,2.5,0.5,5.0,5.0,21.82025255434388,76.17974744565612,103.0,108.0,0.0,True,,SIM-01,sim01_safe_speed_vs_range-000411,ASSUMED_SENSITIVITY,SENSITIVITY_RESULT
adverse,109.0,8.778085560065788,31.60110801623684,2.5,0.5,5.0,5.0,21.94521390016447,77.05478609983551,103.99999999999999,108.99999999999999,1.4210854715202004e-14,True,,SIM-01,sim01_safe_speed_vs_range-000412,ASSUMED_SENSITIVITY,SENSITIVITY_RESULT
adverse,110.0,8.827822185373188,31.780159867343478,2.5,0.5,5.0,5.0,22.06955546343297,77.93044453656705,105.00000000000003,110.00000000000003,-2.842170943040401e-14,True,,SIM-01,sim01_safe_speed_vs_range-000413,ASSUMED_SENSITIVITY,SENSITIVITY_RESULT
adverse,111.0,8.877314550264547,31.95833238095237,2.5,0.5,5.0,5.0,22.193286375661366,78.80671362433864,106.0,111.0,0.0,True,,SIM-01,sim01_safe_speed_vs_range-000414,ASSUMED_SENSITIVITY,SENSITIVITY_RESULT
adverse,112.0,8.92656621852381,32.13563838668572,2.5,0.5,5.0,5.0,22.316415546309525,79.68358445369047,107.0,112.0,0.0,True,,SIM-01,sim01_safe_speed_vs_range-000415,ASSUMED_SENSITIVITY,SENSITIVITY_RESULT
adverse,113.0,8.97558066810878,32.31209040519161,2.5,0.5,5.0,5.0,22.438951670271948,80.56104832972805,108.0,113.0,0.0,True,,SIM-01,sim01_safe_speed_vs_range-000416,ASSUMED_SENSITIVITY,SENSITIVITY_RESULT
adverse,114.0,9.024361294017258,32.48770065846213,2.5,0.5,5.0,5.0,22.560903235043142,81.43909676495683,108.99999999999997,113.99999999999997,2.842170943040401e-14,True,,SIM-01,sim01_safe_speed_vs_range-000417,ASSUMED_SENSITIVITY,SENSITIVITY_RESULT
adverse,115.0,9.07291141103129,32.66248107971265,2.5,0.5,5.0,5.0,22.682278527578227,82.3177214724218,110.00000000000003,115.00000000000003,-2.842170943040401e-14,True,,SIM-01,sim01_safe_speed_vs_range-000418,ASSUMED_SENSITIVITY,SENSITIVITY_RESULT
adverse,116.0,9.121234256345769,32.83644332284477,2.5,0.5,5.0,5.0,22.803085640864424,83.19691435913555,110.99999999999997,115.99999999999997,2.842170943040401e-14,True,,SIM-01,sim01_safe_speed_vs_range-000419,ASSUMED_SENSITIVITY,SENSITIVITY_RESULT
adverse,117.0,9.169332992087353,33.009598771514476,2.5,0.5,5.0,5.0,22.923332480218384,84.07666751978162,112.0,117.0,0.0,True,,SIM-01,sim01_safe_speed_vs_range-000420,ASSUMED_SENSITIVITY,SENSITIVITY_RESULT
adverse,118.0,9.217210707729162,33.18195854782498,2.5,0.5,5.0,5.0,23.043026769322907,84.95697323067712,113.00000000000003,118.00000000000003,-2.842170943040401e-14,True,,SIM-01,sim01_safe_speed_vs_range-000421,ASSUMED_SENSITIVITY,SENSITIVITY_RESULT
adverse,119.0,9.264870422406545,33.35353352066357,2.5,0.5,5.0,5.0,23.162176056016364,85.83782394398364,114.0,119.0,0.0,True,,SIM-01,sim01_safe_speed_vs_range-000422,ASSUMED_SENSITIVITY,SENSITIVITY_RESULT
adverse,120.0,9.312315087138803,33.52433431369969,2.5,0.5,5.0,5.0,23.280787717847005,86.71921228215297,114.99999999999997,119.99999999999997,2.842170943040401e-14,True,,SIM-01,sim01_safe_speed_vs_range-000423,ASSUMED_SENSITIVITY,SENSITIVITY_RESULT
adverse,121.0,9.359547586961472,33.6943713130613,2.5,0.5,5.0,5.0,23.39886896740368,87.60113103259631,116.0,121.0,0.0,True,,SIM-01,sim01_safe_speed_vs_range-000424,ASSUMED_SENSITIVITY,SENSITIVITY_RESULT
adverse,122.0,9.406570742973559,33.86365467470481,2.5,0.5,5.0,5.0,23.516426857433895,88.48357314256613,117.00000000000003,122.00000000000003,-2.842170943040401e-14,True,,SIM-01,sim01_safe_speed_vs_range-000425,ASSUMED_SENSITIVITY,SENSITIVITY_RESULT
adverse,123.0,9.453387314303823,34.03219433149376,2.5,0.5,5.0,5.0,23.63346828575956,89.36653171424045,118.00000000000001,123.00000000000001,-1.4210854715202004e-14,True,,SIM-01,sim01_safe_speed_vs_range-000426,ASSUMED_SENSITIVITY,SENSITIVITY_RESULT
adverse,124.0,9.5,34.2,2.5,0.5,5.0,5.0,23.75,90.25,119.0,124.0,0.0,True,,SIM-01,sim01_safe_speed_vs_range-000427,ASSUMED_SENSITIVITY,SENSITIVITY_RESULT
adverse,125.0,9.546411440844592,34.36708118704053,2.5,0.5,5.0,5.0,23.86602860211148,91.13397139788852,120.0,125.0,0.0,True,,SIM-01,sim01_safe_speed_vs_range-000428,ASSUMED_SENSITIVITY,SENSITIVITY_RESULT
adverse,126.0,9.59262422110072,34.533447195962594,2.5,0.5,5.0,5.0,23.9815605527518,92.01843944724821,121.00000000000001,126.00000000000001,-1.4210854715202004e-14,True,,SIM-01,sim01_safe_speed_vs_range-000429,ASSUMED_SENSITIVITY,SENSITIVITY_RESULT
adverse,127.0,9.638640870191285,34.699107132688624,2.5,0.5,5.0,5.0,24.09660217547821,92.9033978245218,122.00000000000001,127.00000000000001,-1.4210854715202004e-14,True,,SIM-01,sim01_safe_speed_vs_range-000430,ASSUMED_SENSITIVITY,SENSITIVITY_RESULT
adverse,128.0,9.684463864314518,34.86406991153226,2.5,0.5,5.0,5.0,24.211159660786294,93.78884033921368,122.99999999999997,127.99999999999997,2.842170943040401e-14,True,,SIM-01,sim01_safe_speed_vs_range-000431,ASSUMED_SENSITIVITY,SENSITIVITY_RESULT
adverse,129.0,9.730095627998875,35.02834426079595,2.5,0.5,5.0,5.0,24.32523906999719,94.67476093000282,124.0,129.0,0.0,True,,SIM-01,sim01_safe_speed_vs_range-000432,ASSUMED_SENSITIVITY,SENSITIVITY_RESULT
adverse,130.0,9.775538535599974,35.19193872815991,2.5,0.5,5.0,5.0,24.438846338999937,95.56115366100009,125.00000000000003,130.00000000000003,-2.842170943040401e-14,True,,SIM-01,sim01_safe_speed_vs_range-000433,ASSUMED_SENSITIVITY,SENSITIVITY_RESULT
adverse,131.0,9.820794912742263,35.35486168587215,2.5,0.5,5.0,5.0,24.55198728185566,96.44801271814433,125.99999999999999,131.0,0.0,True,,SIM-01,sim01_safe_speed_vs_range-000434,ASSUMED_SENSITIVITY,SENSITIVITY_RESULT
adverse,132.0,9.865867037707856,35.517121335748286,2.5,0.5,5.0,5.0,24.66466759426964,97.33533240573038,127.00000000000003,132.00000000000003,-2.842170943040401e-14,True,,SIM-01,sim01_safe_speed_vs_range-000435,ASSUMED_SENSITIVITY,SENSITIVITY_RESULT
adverse,133.0,9.910757142774857,35.678725713989486,2.5,0.5,5.0,5.0,24.776892856937142,98.22310714306285,127.99999999999999,133.0,0.0,True,,SIM-01,sim01_safe_speed_vs_range-000436,ASSUMED_SENSITIVITY,SENSITIVITY_RESULT
adverse,134.0,9.955467415507485,35.839682695826944,2.5,0.5,5.0,5.0,24.888668538768712,99.11133146123129,129.0,134.0,0.0,True,,SIM-01,sim01_safe_speed_vs_range-000437,ASSUMED_SENSITIVITY,SENSITIVITY_RESULT
adverse,135.0,10.0,36.0,2.5,0.5,5.0,5.0,25.0,100.0,130.0,135.0,0.0,True,,SIM-01,sim01_safe_speed_vs_range-000438,ASSUMED_SENSITIVITY,SENSITIVITY_RESULT
adverse,136.0,10.044356998076516,36.15968519307546,2.5,0.5,5.0,5.0,25.11089249519129,100.88910750480868,130.99999999999997,135.99999999999997,2.842170943040401e-14,True,,SIM-01,sim01_safe_speed_vs_range-000439,ASSUMED_SENSITIVITY,SENSITIVITY_RESULT
adverse,137.0,10.088540470448566,36.31874569361484,2.5,0.5,5.0,5.0,25.221351176121413,101.77864882387857,132.0,137.0,0.0,True,,SIM-01,sim01_safe_speed_vs_range-000440,ASSUMED_SENSITIVITY,SENSITIVITY_RESULT
adverse,138.0,10.132552437832212,36.477188776195966,2.5,0.5,5.0,5.0,25.33138109458053,102.66861890541949,133.00000000000003,138.00000000000003,-2.842170943040401e-14,True,,SIM-01,sim01_safe_speed_vs_range-000441,ASSUMED_SENSITIVITY,SENSITIVITY_RESULT
adverse,139.0,10.176394882026438,36.63502157529518,2.5,0.5,5.0,5.0,25.440987205066094,103.55901279493388,133.99999999999997,138.99999999999997,2.842170943040401e-14,True,,SIM-01,sim01_safe_speed_vs_range-000442,ASSUMED_SENSITIVITY,SENSITIVITY_RESULT
adverse,140.0,10.220069746954463,36.79225108903607,2.5,0.5,5.0,5.0,25.55017436738616,104.44982563261387,135.00000000000003,140.00000000000003,-2.842170943040401e-14,True,,SIM-01,sim01_safe_speed_vs_range-000443,ASSUMED_SENSITIVITY,SENSITIVITY_RESULT
adverse,141.0,10.263578939669454,36.94888418281003,2.5,0.5,5.0,5.0,25.658947349173637,105.34105265082636,136.0,141.0,0.0,True,,SIM-01,sim01_safe_speed_vs_range-000444,ASSUMED_SENSITIVITY,SENSITIVITY_RESULT
adverse,142.0,10.30692433132622,37.104927592774395,2.5,0.5,5.0,5.0,25.76731082831555,106.23268917168446,137.0,142.0,0.0,True,,SIM-01,sim01_safe_speed_vs_range-000445,ASSUMED_SENSITIVITY,SENSITIVITY_RESULT
adverse,143.0,10.35010775812018,37.26038792923265,2.5,0.5,5.0,5.0,25.87526939530045,107.12473060469952,137.99999999999997,142.99999999999997,2.842170943040401e-14,True,,SIM-01,sim01_safe_speed_vs_range-000446,ASSUMED_SENSITIVITY,SENSITIVITY_RESULT
adverse,144.0,10.393131022195018,37.41527167990206,2.5,0.5,5.0,5.0,25.982827555487546,108.01717244451245,139.0,144.0,0.0,True,,SIM-01,sim01_safe_speed_vs_range-000447,ASSUMED_SENSITIVITY,SENSITIVITY_RESULT
adverse,145.0,10.435995892520245,37.569585213072884,2.5,0.5,5.0,5.0,26.089989731300612,108.91001026869941,140.00000000000003,145.00000000000003,-2.842170943040401e-14,True,,SIM-01,sim01_safe_speed_vs_range-000448,ASSUMED_SENSITIVITY,SENSITIVITY_RESULT
adverse,146.0,10.4787041057399,37.72333478066364,2.5,0.5,5.0,5.0,26.196760264349752,109.80323973565025,141.0,146.0,0.0,True,,SIM-01,sim01_safe_speed_vs_range-000449,ASSUMED_SENSITIVITY,SENSITIVITY_RESULT
adverse,147.0,10.521257366993552,37.87652652117679,2.5,0.5,5.0,5.0,26.30314341748388,110.69685658251609,141.99999999999997,146.99999999999997,2.842170943040401e-14,True,,SIM-01,sim01_safe_speed_vs_range-000450,ASSUMED_SENSITIVITY,SENSITIVITY_RESULT
adverse,148.0,10.56365735071066,38.02916646255838,2.5,0.5,5.0,5.0,26.409143376776647,111.59085662322336,143.0,148.0,0.0,True,,SIM-01,sim01_safe_speed_vs_range-000451,ASSUMED_SENSITIVITY,SENSITIVITY_RESULT
adverse,149.0,10.605905701379376,38.18126052496575,2.5,0.5,5.0,5.0,26.51476425344844,112.48523574655155,144.0,149.0,0.0,True,,SIM-01,sim01_safe_speed_vs_range-000452,ASSUMED_SENSITIVITY,SENSITIVITY_RESULT
adverse,150.0,10.648004034290793,38.33281452344686,2.5,0.5,5.0,5.0,26.62001008572698,113.379989914273,144.99999999999997,149.99999999999997,2.842170943040401e-14,True,,SIM-01,sim01_safe_speed_vs_range-000453,ASSUMED_SENSITIVITY,SENSITIVITY_RESULT
