parameter_set,trustworthy_perception_range_m,speed_mps,speed_kmph,response_time_s,effective_deceleration_mps2,margin_m,uncertainty_m,encounter_type,initial_separation_m,target_speed_mps,detected,detection_wait_s,available_distance_m,initial_closing_rate_mps,ttc_analysis_s,minimum_clearance_m,safety_margin_m,required_detection_range_m,model_collision,stop_time_s,stop_position_m,observation_horizon_s,eventual_oncoming_collision,response_distance_m,braking_distance_m,stopping_distance_m,required_perception_range_m,simulation_id,scenario_id,input_provenance,result_class
favourable,5,2,7.2,0.5,3.0,0.5,0.5,stationary,5,0,True,0.0,5.0,2,2.5,3.3333333333333335,2.3333333333333335,2.6666666666666665,False,1.1666666666666665,1.6666666666666665,6.166666666666666,False,1.0,0.6666666666666666,2.1666666666666665,2.6666666666666665,SIM-03,sim03_encounters-000001,ASSUMED_SENSITIVITY,SENSITIVITY_RESULT
favourable,5,2,7.2,0.5,3.0,0.5,0.5,slower_lead,5,1.0,True,0.0,5.0,1.0,5.0,4.333333333333333,3.333333333333333,1.6666666666666667,False,1.1666666666666665,1.6666666666666665,6.166666666666666,False,1.0,0.6666666666666666,2.1666666666666665,2.6666666666666665,SIM-03,sim03_encounters-000002,ASSUMED_SENSITIVITY,SENSITIVITY_RESULT
favourable,5,2,7.2,0.5,3.0,0.5,0.5,oncoming,5,-2,True,0.0,5.0,4,1.25,-8.999999999999998,-9.999999999999998,14.999999999999998,True,1.1666666666666665,1.6666666666666665,6.166666666666666,True,1.0,0.6666666666666666,2.1666666666666665,2.6666666666666665,SIM-03,sim03_encounters-000003,ASSUMED_SENSITIVITY,SENSITIVITY_RESULT
favourable,20,2,7.2,0.5,3.0,0.5,0.5,stationary,5,0,True,0.0,5.0,2,2.5,3.3333333333333335,2.3333333333333335,2.6666666666666665,False,1.1666666666666665,1.6666666666666665,6.166666666666666,False,1.0,0.6666666666666666,2.1666666666666665,2.6666666666666665,SIM-03,sim03_encounters-000004,ASSUMED_SENSITIVITY,SENSITIVITY_RESULT
favourable,20,2,7.2,0.5,3.0,0.5,0.5,slower_lead,5,1.0,True,0.0,5.0,1.0,5.0,4.333333333333333,3.333333333333333,1.6666666666666667,False,1.1666666666666665,1.6666666666666665,6.166666666666666,False,1.0,0.6666666666666666,2.1666666666666665,2.6666666666666665,SIM-03,sim03_encounters-000005,ASSUMED_SENSITIVITY,SENSITIVITY_RESULT
favourable,20,2,7.2,0.5,3.0,0.5,0.5,oncoming,5,-2,True,0.0,5.0,4,1.25,-8.999999999999998,-9.999999999999998,14.999999999999998,True,1.1666666666666665,1.6666666666666665,6.166666666666666,True,1.0,0.6666666666666666,2.1666666666666665,2.6666666666666665,SIM-03,sim03_encounters-000006,ASSUMED_SENSITIVITY,SENSITIVITY_RESULT
favourable,50,2,7.2,0.5,3.0,0.5,0.5,stationary,5,0,True,0.0,5.0,2,2.5,3.3333333333333335,2.3333333333333335,2.6666666666666665,False,1.1666666666666665,1.6666666666666665,6.166666666666666,False,1.0,0.6666666666666666,2.1666666666666665,2.6666666666666665,SIM-03,sim03_encounters-000007,ASSUMED_SENSITIVITY,SENSITIVITY_RESULT
favourable,50,2,7.2,0.5,3.0,0.5,0.5,slower_lead,5,1.0,True,0.0,5.0,1.0,5.0,4.333333333333333,3.333333333333333,1.6666666666666667,False,1.1666666666666665,1.6666666666666665,6.166666666666666,False,1.0,0.6666666666666666,2.1666666666666665,2.6666666666666665,SIM-03,sim03_encounters-000008,ASSUMED_SENSITIVITY,SENSITIVITY_RESULT
favourable,50,2,7.2,0.5,3.0,0.5,0.5,oncoming,5,-2,True,0.0,5.0,4,1.25,-8.999999999999998,-9.999999999999998,14.999999999999998,True,1.1666666666666665,1.6666666666666665,6.166666666666666,True,1.0,0.6666666666666666,2.1666666666666665,2.6666666666666665,SIM-03,sim03_encounters-000009,ASSUMED_SENSITIVITY,SENSITIVITY_RESULT
favourable,5,5,18.0,0.5,3.0,0.5,0.5,stationary,5,0,True,0.0,5.0,5,1.0,-1.666666666666667,-2.666666666666667,7.666666666666667,True,2.166666666666667,6.666666666666667,7.166666666666667,False,2.5,4.166666666666667,7.166666666666667,7.666666666666667,SIM-03,sim03_encounters-000010,ASSUMED_SENSITIVITY,SENSITIVITY_RESULT
favourable,5,5,18.0,0.5,3.0,0.5,0.5,slower_lead,5,2.5,True,0.0,5.0,2.5,2.0,2.708333333333333,1.708333333333333,3.291666666666667,False,2.166666666666667,6.666666666666667,7.166666666666667,False,2.5,4.166666666666667,7.166666666666667,7.666666666666667,SIM-03,sim03_encounters-000011,ASSUMED_SENSITIVITY,SENSITIVITY_RESULT
favourable,5,5,18.0,0.5,3.0,0.5,0.5,oncoming,5,-5,True,0.0,5.0,10,0.5,-37.5,-38.5,43.5,True,2.166666666666667,6.666666666666667,7.166666666666667,True,2.5,4.166666666666667,7.166666666666667,7.666666666666667,SIM-03,sim03_encounters-000012,ASSUMED_SENSITIVITY,SENSITIVITY_RESULT
favourable,20,5,18.0,0.5,3.0,0.5,0.5,stationary,5,0,True,0.0,5.0,5,1.0,-1.666666666666667,-2.666666666666667,7.666666666666667,True,2.166666666666667,6.666666666666667,7.166666666666667,False,2.5,4.166666666666667,7.166666666666667,7.666666666666667,SIM-03,sim03_encounters-000013,ASSUMED_SENSITIVITY,SENSITIVITY_RESULT
favourable,20,5,18.0,0.5,3.0,0.5,0.5,slower_lead,5,2.5,True,0.0,5.0,2.5,2.0,2.708333333333333,1.708333333333333,3.291666666666667,False,2.166666666666667,6.666666666666667,7.166666666666667,False,2.5,4.166666666666667,7.166666666666667,7.666666666666667,SIM-03,sim03_encounters-000014,ASSUMED_SENSITIVITY,SENSITIVITY_RESULT
favourable,20,5,18.0,0.5,3.0,0.5,0.5,oncoming,5,-5,True,0.0,5.0,10,0.5,-37.5,-38.5,43.5,True,2.166666666666667,6.666666666666667,7.166666666666667,True,2.5,4.166666666666667,7.166666666666667,7.666666666666667,SIM-03,sim03_encounters-000015,ASSUMED_SENSITIVITY,SENSITIVITY_RESULT
favourable,50,5,18.0,0.5,3.0,0.5,0.5,stationary,5,0,True,0.0,5.0,5,1.0,-1.666666666666667,-2.666666666666667,7.666666666666667,True,2.166666666666667,6.666666666666667,7.166666666666667,False,2.5,4.166666666666667,7.166666666666667,7.666666666666667,SIM-03,sim03_encounters-000016,ASSUMED_SENSITIVITY,SENSITIVITY_RESULT
favourable,50,5,18.0,0.5,3.0,0.5,0.5,slower_lead,5,2.5,True,0.0,5.0,2.5,2.0,2.708333333333333,1.708333333333333,3.291666666666667,False,2.166666666666667,6.666666666666667,7.166666666666667,False,2.5,4.166666666666667,7.166666666666667,7.666666666666667,SIM-03,sim03_encounters-000017,ASSUMED_SENSITIVITY,SENSITIVITY_RESULT
favourable,50,5,18.0,0.5,3.0,0.5,0.5,oncoming,5,-5,True,0.0,5.0,10,0.5,-37.5,-38.5,43.5,True,2.166666666666667,6.666666666666667,7.166666666666667,True,2.5,4.166666666666667,7.166666666666667,7.666666666666667,SIM-03,sim03_encounters-000018,ASSUMED_SENSITIVITY,SENSITIVITY_RESULT
favourable,5,10,36.0,0.5,3.0,0.5,0.5,stationary,5,0,True,0.0,5.0,10,0.5,-16.666666666666668,-17.666666666666668,22.666666666666668,True,3.8333333333333335,21.666666666666668,8.833333333333334,False,5.0,16.666666666666668,22.166666666666668,22.666666666666668,SIM-03,sim03_encounters-000019,ASSUMED_SENSITIVITY,SENSITIVITY_RESULT
favourable,5,10,36.0,0.5,3.0,0.5,0.5,slower_lead,5,5.0,True,0.0,5.0,5.0,1.0,-1.6666666666666679,-2.666666666666668,7.666666666666668,True,3.8333333333333335,21.666666666666668,8.833333333333334,False,5.0,16.666666666666668,22.166666666666668,22.666666666666668,SIM-03,sim03_encounters-000020,ASSUMED_SENSITIVITY,SENSITIVITY_RESULT
favourable,5,10,36.0,0.5,3.0,0.5,0.5,oncoming,5,-10,True,0.0,5.0,20,0.25,-105.00000000000001,-106.00000000000001,111.00000000000001,True,3.8333333333333335,21.666666666666668,8.833333333333334,True,5.0,16.666666666666668,22.166666666666668,22.666666666666668,SIM-03,sim03_encounters-000021,ASSUMED_SENSITIVITY,SENSITIVITY_RESULT
favourable,20,10,36.0,0.5,3.0,0.5,0.5,stationary,5,0,True,0.0,5.0,10,0.5,-16.666666666666668,-17.666666666666668,22.666666666666668,True,3.8333333333333335,21.666666666666668,8.833333333333334,False,5.0,16.666666666666668,22.166666666666668,22.666666666666668,SIM-03,sim03_encounters-000022,ASSUMED_SENSITIVITY,SENSITIVITY_RESULT
favourable,20,10,36.0,0.5,3.0,0.5,0.5,slower_lead,5,5.0,True,0.0,5.0,5.0,1.0,-1.6666666666666679,-2.666666666666668,7.666666666666668,True,3.8333333333333335,21.666666666666668,8.833333333333334,False,5.0,16.666666666666668,22.166666666666668,22.666666666666668,SIM-03,sim03_encounters-000023,ASSUMED_SENSITIVITY,SENSITIVITY_RESULT
favourable,20,10,36.0,0.5,3.0,0.5,0.5,oncoming,5,-10,True,0.0,5.0,20,0.25,-105.00000000000001,-106.00000000000001,111.00000000000001,True,3.8333333333333335,21.666666666666668,8.833333333333334,True,5.0,16.666666666666668,22.166666666666668,22.666666666666668,SIM-03,sim03_encounters-000024,ASSUMED_SENSITIVITY,SENSITIVITY_RESULT
favourable,50,10,36.0,0.5,3.0,0.5,0.5,stationary,5,0,True,0.0,5.0,10,0.5,-16.666666666666668,-17.666666666666668,22.666666666666668,True,3.8333333333333335,21.666666666666668,8.833333333333334,False,5.0,16.666666666666668,22.166666666666668,22.666666666666668,SIM-03,sim03_encounters-000025,ASSUMED_SENSITIVITY,SENSITIVITY_RESULT
favourable,50,10,36.0,0.5,3.0,0.5,0.5,slower_lead,5,5.0,True,0.0,5.0,5.0,1.0,-1.6666666666666679,-2.666666666666668,7.666666666666668,True,3.8333333333333335,21.666666666666668,8.833333333333334,False,5.0,16.666666666666668,22.166666666666668,22.666666666666668,SIM-03,sim03_encounters-000026,ASSUMED_SENSITIVITY,SENSITIVITY_RESULT
favourable,50,10,36.0,0.5,3.0,0.5,0.5,oncoming,5,-10,True,0.0,5.0,20,0.25,-105.00000000000001,-106.00000000000001,111.00000000000001,True,3.8333333333333335,21.666666666666668,8.833333333333334,True,5.0,16.666666666666668,22.166666666666668,22.666666666666668,SIM-03,sim03_encounters-000027,ASSUMED_SENSITIVITY,SENSITIVITY_RESULT
favourable,5,2,7.2,0.5,3.0,0.5,0.5,stationary,20,0,True,7.5,5.0,2,10.0,3.3333333333333335,2.3333333333333335,2.6666666666666665,False,8.666666666666666,16.666666666666668,13.666666666666666,False,1.0,0.6666666666666666,2.1666666666666665,2.6666666666666665,SIM-03,sim03_encounters-000028,ASSUMED_SENSITIVITY,SENSITIVITY_RESULT
favourable,5,2,7.2,0.5,3.0,0.5,0.5,slower_lead,20,1.0,True,15.0,5.0,1.0,20.0,4.333333333333333,3.333333333333333,1.6666666666666667,False,16.166666666666668,31.666666666666668,21.166666666666664,False,1.0,0.6666666666666666,2.1666666666666665,2.6666666666666665,SIM-03,sim03_encounters-000029,ASSUMED_SENSITIVITY,SENSITIVITY_RESULT
favourable,5,2,7.2,0.5,3.0,0.5,0.5,oncoming,20,-2,True,3.75,5.0,4,5.0,-8.999999999999998,-9.999999999999998,14.999999999999998,True,4.916666666666666,9.166666666666666,9.916666666666666,True,1.0,0.6666666666666666,2.1666666666666665,2.6666666666666665,SIM-03,sim03_encounters-000030,ASSUMED_SENSITIVITY,SENSITIVITY_RESULT
favourable,20,2,7.2,0.5,3.0,0.5,0.5,stationary,20,0,True,0.0,20.0,2,10.0,18.333333333333332,17.333333333333332,2.6666666666666665,False,1.1666666666666665,1.6666666666666665,6.166666666666666,False,1.0,0.6666666666666666,2.1666666666666665,2.6666666666666665,SIM-03,sim03_encounters-000031,ASSUMED_SENSITIVITY,SENSITIVITY_RESULT
favourable,20,2,7.2,0.5,3.0,0.5,0.5,slower_lead,20,1.0,True,0.0,20.0,1.0,20.0,19.333333333333332,18.333333333333332,1.6666666666666667,False,1.1666666666666665,1.6666666666666665,6.166666666666666,False,1.0,0.6666666666666666,2.1666666666666665,2.6666666666666665,SIM-03,sim03_encounters-000032,ASSUMED_SENSITIVITY,SENSITIVITY_RESULT
favourable,20,2,7.2,0.5,3.0,0.5,0.5,oncoming,20,-2,True,0.0,20.0,4,5.0,6.000000000000002,5.000000000000002,14.999999999999998,False,1.1666666666666665,1.6666666666666665,6.166666666666666,True,1.0,0.6666666666666666,2.1666666666666665,2.6666666666666665,SIM-03,sim03_encounters-000033,ASSUMED_SENSITIVITY,SENSITIVITY_RESULT
favourable,50,2,7.2,0.5,3.0,0.5,0.5,stationary,20,0,True,0.0,20.0,2,10.0,18.333333333333332,17.333333333333332,2.6666666666666665,False,1.1666666666666665,1.6666666666666665,6.166666666666666,False,1.0,0.6666666666666666,2.1666666666666665,2.6666666666666665,SIM-03,sim03_encounters-000034,ASSUMED_SENSITIVITY,SENSITIVITY_RESULT
favourable,50,2,7.2,0.5,3.0,0.5,0.5,slower_lead,20,1.0,True,0.0,20.0,1.0,20.0,19.333333333333332,18.333333333333332,1.6666666666666667,False,1.1666666666666665,1.6666666666666665,6.166666666666666,False,1.0,0.6666666666666666,2.1666666666666665,2.6666666666666665,SIM-03,sim03_encounters-000035,ASSUMED_SENSITIVITY,SENSITIVITY_RESULT
favourable,50,2,7.2,0.5,3.0,0.5,0.5,oncoming,20,-2,True,0.0,20.0,4,5.0,6.000000000000002,5.000000000000002,14.999999999999998,False,1.1666666666666665,1.6666666666666665,6.166666666666666,True,1.0,0.6666666666666666,2.1666666666666665,2.6666666666666665,SIM-03,sim03_encounters-000036,ASSUMED_SENSITIVITY,SENSITIVITY_RESULT
favourable,5,5,18.0,0.5,3.0,0.5,0.5,stationary,20,0,True,3.0,5.0,5,4.0,-1.666666666666667,-2.666666666666667,7.666666666666667,True,5.166666666666667,21.666666666666668,10.166666666666668,False,2.5,4.166666666666667,7.166666666666667,7.666666666666667,SIM-03,sim03_encounters-000037,ASSUMED_SENSITIVITY,SENSITIVITY_RESULT
favourable,5,5,18.0,0.5,3.0,0.5,0.5,slower_lead,20,2.5,True,6.0,5.0,2.5,8.0,2.708333333333333,1.708333333333333,3.291666666666667,False,8.166666666666668,36.666666666666664,13.166666666666668,False,2.5,4.166666666666667,7.166666666666667,7.666666666666667,SIM-03,sim03_encounters-000038,ASSUMED_SENSITIVITY,SENSITIVITY_RESULT
favourable,5,5,18.0,0.5,3.0,0.5,0.5,oncoming,20,-5,True,1.5,5.0,10,2.0,-37.5,-38.5,43.5,True,3.666666666666667,14.166666666666668,8.666666666666668,True,2.5,4.166666666666667,7.166666666666667,7.666666666666667,SIM-03,sim03_encounters-000039,ASSUMED_SENSITIVITY,SENSITIVITY_RESULT
favourable,20,5,18.0,0.5,3.0,0.5,0.5,stationary,20,0,True,0.0,20.0,5,4.0,13.333333333333332,12.333333333333332,7.666666666666667,False,2.166666666666667,6.666666666666667,7.166666666666667,False,2.5,4.166666666666667,7.166666666666667,7.666666666666667,SIM-03,sim03_encounters-000040,ASSUMED_SENSITIVITY,SENSITIVITY_RESULT
favourable,20,5,18.0,0.5,3.0,0.5,0.5,slower_lead,20,2.5,True,0.0,20.0,2.5,8.0,17.708333333333336,16.708333333333332,3.291666666666667,False,2.166666666666667,6.666666666666667,7.166666666666667,False,2.5,4.166666666666667,7.166666666666667,7.666666666666667,SIM-03,sim03_encounters-000041,ASSUMED_SENSITIVITY,SENSITIVITY_RESULT
favourable,20,5,18.0,0.5,3.0,0.5,0.5,oncoming,20,-5,True,0.0,20.0,10,2.0,-22.500000000000004,-23.5,43.5,True,2.166666666666667,6.666666666666667,7.166666666666667,True,2.5,4.166666666666667,7.166666666666667,7.666666666666667,SIM-03,sim03_encounters-000042,ASSUMED_SENSITIVITY,SENSITIVITY_RESULT
favourable,50,5,18.0,0.5,3.0,0.5,0.5,stationary,20,0,True,0.0,20.0,5,4.0,13.333333333333332,12.333333333333332,7.666666666666667,False,2.166666666666667,6.666666666666667,7.166666666666667,False,2.5,4.166666666666667,7.166666666666667,7.666666666666667,SIM-03,sim03_encounters-000043,ASSUMED_SENSITIVITY,SENSITIVITY_RESULT
favourable,50,5,18.0,0.5,3.0,0.5,0.5,slower_lead,20,2.5,True,0.0,20.0,2.5,8.0,17.708333333333336,16.708333333333332,3.291666666666667,False,2.166666666666667,6.666666666666667,7.166666666666667,False,2.5,4.166666666666667,7.166666666666667,7.666666666666667,SIM-03,sim03_encounters-000044,ASSUMED_SENSITIVITY,SENSITIVITY_RESULT
favourable,50,5,18.0,0.5,3.0,0.5,0.5,oncoming,20,-5,True,0.0,20.0,10,2.0,-22.500000000000004,-23.5,43.5,True,2.166666666666667,6.666666666666667,7.166666666666667,True,2.5,4.166666666666667,7.166666666666667,7.666666666666667,SIM-03,sim03_encounters-000045,ASSUMED_SENSITIVITY,SENSITIVITY_RESULT
favourable,5,10,36.0,0.5,3.0,0.5,0.5,stationary,20,0,True,1.5,5.0,10,2.0,-16.666666666666668,-17.666666666666668,22.666666666666668,True,5.333333333333334,36.66666666666667,10.333333333333334,False,5.0,16.666666666666668,22.166666666666668,22.666666666666668,SIM-03,sim03_encounters-000046,ASSUMED_SENSITIVITY,SENSITIVITY_RESULT
favourable,5,10,36.0,0.5,3.0,0.5,0.5,slower_lead,20,5.0,True,3.0,5.0,5.0,4.0,-1.6666666666666679,-2.666666666666668,7.666666666666668,True,6.833333333333334,51.66666666666667,11.833333333333334,False,5.0,16.666666666666668,22.166666666666668,22.666666666666668,SIM-03,sim03_encounters-000047,ASSUMED_SENSITIVITY,SENSITIVITY_RESULT
favourable,5,10,36.0,0.5,3.0,0.5,0.5,oncoming,20,-10,True,0.75,5.0,20,1.0,-105.00000000000001,-106.00000000000001,111.00000000000001,True,4.583333333333334,29.166666666666668,9.583333333333334,True,5.0,16.666666666666668,22.166666666666668,22.666666666666668,SIM-03,sim03_encounters-000048,ASSUMED_SENSITIVITY,SENSITIVITY_RESULT
favourable,20,10,36.0,0.5,3.0,0.5,0.5,stationary,20,0,True,0.0,20.0,10,2.0,-1.6666666666666679,-2.666666666666668,22.666666666666668,True,3.8333333333333335,21.666666666666668,8.833333333333334,False,5.0,16.666666666666668,22.166666666666668,22.666666666666668,SIM-03,sim03_encounters-000049,ASSUMED_SENSITIVITY,SENSITIVITY_RESULT
favourable,20,10,36.0,0.5,3.0,0.5,0.5,slower_lead,20,5.0,True,0.0,20.0,5.0,4.0,13.333333333333332,12.333333333333332,7.666666666666668,False,3.8333333333333335,21.666666666666668,8.833333333333334,False,5.0,16.666666666666668,22.166666666666668,22.666666666666668,SIM-03,sim03_encounters-000050,ASSUMED_SENSITIVITY,SENSITIVITY_RESULT
favourable,20,10,36.0,0.5,3.0,0.5,0.5,oncoming,20,-10,True,0.0,20.0,20,1.0,-90.00000000000001,-91.00000000000001,111.00000000000001,True,3.8333333333333335,21.666666666666668,8.833333333333334,True,5.0,16.666666666666668,22.166666666666668,22.666666666666668,SIM-03,sim03_encounters-000051,ASSUMED_SENSITIVITY,SENSITIVITY_RESULT
favourable,50,10,36.0,0.5,3.0,0.5,0.5,stationary,20,0,True,0.0,20.0,10,2.0,-1.6666666666666679,-2.666666666666668,22.666666666666668,True,3.8333333333333335,21.666666666666668,8.833333333333334,False,5.0,16.666666666666668,22.166666666666668,22.666666666666668,SIM-03,sim03_encounters-000052,ASSUMED_SENSITIVITY,SENSITIVITY_RESULT
favourable,50,10,36.0,0.5,3.0,0.5,0.5,slower_lead,20,5.0,True,0.0,20.0,5.0,4.0,13.333333333333332,12.333333333333332,7.666666666666668,False,3.8333333333333335,21.666666666666668,8.833333333333334,False,5.0,16.666666666666668,22.166666666666668,22.666666666666668,SIM-03,sim03_encounters-000053,ASSUMED_SENSITIVITY,SENSITIVITY_RESULT
favourable,50,10,36.0,0.5,3.0,0.5,0.5,oncoming,20,-10,True,0.0,20.0,20,1.0,-90.00000000000001,-91.00000000000001,111.00000000000001,True,3.8333333333333335,21.666666666666668,8.833333333333334,True,5.0,16.666666666666668,22.166666666666668,22.666666666666668,SIM-03,sim03_encounters-000054,ASSUMED_SENSITIVITY,SENSITIVITY_RESULT
favourable,5,2,7.2,0.5,3.0,0.5,0.5,stationary,40,0,True,17.5,5.0,2,20.0,3.3333333333333335,2.3333333333333335,2.6666666666666665,False,18.666666666666668,36.666666666666664,23.666666666666664,False,1.0,0.6666666666666666,2.1666666666666665,2.6666666666666665,SIM-03,sim03_encounters-000055,ASSUMED_SENSITIVITY,SENSITIVITY_RESULT
favourable,5,2,7.2,0.5,3.0,0.5,0.5,slower_lead,40,1.0,True,35.0,5.0,1.0,40.0,4.333333333333333,3.333333333333333,1.6666666666666667,False,36.166666666666664,71.66666666666667,41.166666666666664,False,1.0,0.6666666666666666,2.1666666666666665,2.6666666666666665,SIM-03,sim03_encounters-000056,ASSUMED_SENSITIVITY,SENSITIVITY_RESULT
favourable,5,2,7.2,0.5,3.0,0.5,0.5,oncoming,40,-2,True,8.75,5.0,4,10.0,-8.999999999999998,-9.999999999999998,14.999999999999998,True,9.916666666666666,19.166666666666668,14.916666666666666,True,1.0,0.6666666666666666,2.1666666666666665,2.6666666666666665,SIM-03,sim03_encounters-000057,ASSUMED_SENSITIVITY,SENSITIVITY_RESULT
favourable,20,2,7.2,0.5,3.0,0.5,0.5,stationary,40,0,True,10.0,20.0,2,20.0,18.333333333333332,17.333333333333332,2.6666666666666665,False,11.166666666666666,21.666666666666668,16.166666666666664,False,1.0,0.6666666666666666,2.1666666666666665,2.6666666666666665,SIM-03,sim03_encounters-000058,ASSUMED_SENSITIVITY,SENSITIVITY_RESULT
favourable,20,2,7.2,0.5,3.0,0.5,0.5,slower_lead,40,1.0,True,20.0,20.0,1.0,40.0,19.333333333333332,18.333333333333332,1.6666666666666667,False,21.166666666666668,41.666666666666664,26.166666666666664,False,1.0,0.6666666666666666,2.1666666666666665,2.6666666666666665,SIM-03,sim03_encounters-000059,ASSUMED_SENSITIVITY,SENSITIVITY_RESULT
favourable,20,2,7.2,0.5,3.0,0.5,0.5,oncoming,40,-2,True,5.0,20.0,4,10.0,6.000000000000002,5.000000000000002,14.999999999999998,False,6.166666666666666,11.666666666666666,11.166666666666666,True,1.0,0.6666666666666666,2.1666666666666665,2.6666666666666665,SIM-03,sim03_encounters-000060,ASSUMED_SENSITIVITY,SENSITIVITY_RESULT
favourable,50,2,7.2,0.5,3.0,0.5,0.5,stationary,40,0,True,0.0,40.0,2,20.0,38.333333333333336,37.333333333333336,2.6666666666666665,False,1.1666666666666665,1.6666666666666665,6.166666666666666,False,1.0,0.6666666666666666,2.1666666666666665,2.6666666666666665,SIM-03,sim03_encounters-000061,ASSUMED_SENSITIVITY,SENSITIVITY_RESULT
favourable,50,2,7.2,0.5,3.0,0.5,0.5,slower_lead,40,1.0,True,0.0,40.0,1.0,40.0,39.333333333333336,38.333333333333336,1.6666666666666667,False,1.1666666666666665,1.6666666666666665,6.166666666666666,False,1.0,0.6666666666666666,2.1666666666666665,2.6666666666666665,SIM-03,sim03_encounters-000062,ASSUMED_SENSITIVITY,SENSITIVITY_RESULT
favourable,50,2,7.2,0.5,3.0,0.5,0.5,oncoming,40,-2,True,0.0,40.0,4,10.0,26.0,25.0,14.999999999999998,False,1.1666666666666665,1.6666666666666665,6.166666666666666,True,1.0,0.6666666666666666,2.1666666666666665,2.6666666666666665,SIM-03,sim03_encounters-000063,ASSUMED_SENSITIVITY,SENSITIVITY_RESULT
favourable,5,5,18.0,0.5,3.0,0.5,0.5,stationary,40,0,True,7.0,5.0,5,8.0,-1.666666666666667,-2.666666666666667,7.666666666666667,True,9.166666666666668,41.666666666666664,14.166666666666668,False,2.5,4.166666666666667,7.166666666666667,7.666666666666667,SIM-03,sim03_encounters-000064,ASSUMED_SENSITIVITY,SENSITIVITY_RESULT
favourable,5,5,18.0,0.5,3.0,0.5,0.5,slower_lead,40,2.5,True,14.0,5.0,2.5,16.0,2.708333333333333,1.708333333333333,3.291666666666667,False,16.166666666666668,76.66666666666667,21.166666666666668,False,2.5,4.166666666666667,7.166666666666667,7.666666666666667,SIM-03,sim03_encounters-000065,ASSUMED_SENSITIVITY,SENSITIVITY_RESULT
favourable,5,5,18.0,0.5,3.0,0.5,0.5,oncoming,40,-5,True,3.5,5.0,10,4.0,-37.5,-38.5,43.5,True,5.666666666666667,24.166666666666668,10.666666666666668,True,2.5,4.166666666666667,7.166666666666667,7.666666666666667,SIM-03,sim03_encounters-000066,ASSUMED_SENSITIVITY,SENSITIVITY_RESULT
favourable,20,5,18.0,0.5,3.0,0.5,0.5,stationary,40,0,True,4.0,20.0,5,8.0,13.333333333333332,12.333333333333332,7.666666666666667,False,6.166666666666667,26.666666666666668,11.166666666666668,False,2.5,4.166666666666667,7.166666666666667,7.666666666666667,SIM-03,sim03_encounters-000067,ASSUMED_SENSITIVITY,SENSITIVITY_RESULT
favourable,20,5,18.0,0.5,3.0,0.5,0.5,slower_lead,40,2.5,True,8.0,20.0,2.5,16.0,17.708333333333336,16.708333333333332,3.291666666666667,False,10.166666666666668,46.666666666666664,15.166666666666668,False,2.5,4.166666666666667,7.166666666666667,7.666666666666667,SIM-03,sim03_encounters-000068,ASSUMED_SENSITIVITY,SENSITIVITY_RESULT
favourable,20,5,18.0,0.5,3.0,0.5,0.5,oncoming,40,-5,True,2.0,20.0,10,4.0,-22.500000000000004,-23.5,43.5,True,4.166666666666667,16.666666666666668,9.166666666666668,True,2.5,4.166666666666667,7.166666666666667,7.666666666666667,SIM-03,sim03_encounters-000069,ASSUMED_SENSITIVITY,SENSITIVITY_RESULT
favourable,50,5,18.0,0.5,3.0,0.5,0.5,stationary,40,0,True,0.0,40.0,5,8.0,33.333333333333336,32.333333333333336,7.666666666666667,False,2.166666666666667,6.666666666666667,7.166666666666667,False,2.5,4.166666666666667,7.166666666666667,7.666666666666667,SIM-03,sim03_encounters-000070,ASSUMED_SENSITIVITY,SENSITIVITY_RESULT
favourable,50,5,18.0,0.5,3.0,0.5,0.5,slower_lead,40,2.5,True,0.0,40.0,2.5,16.0,37.708333333333336,36.708333333333336,3.291666666666667,False,2.166666666666667,6.666666666666667,7.166666666666667,False,2.5,4.166666666666667,7.166666666666667,7.666666666666667,SIM-03,sim03_encounters-000071,ASSUMED_SENSITIVITY,SENSITIVITY_RESULT
favourable,50,5,18.0,0.5,3.0,0.5,0.5,oncoming,40,-5,True,0.0,40.0,10,4.0,-2.5000000000000027,-3.5,43.5,True,2.166666666666667,6.666666666666667,7.166666666666667,True,2.5,4.166666666666667,7.166666666666667,7.666666666666667,SIM-03,sim03_encounters-000072,ASSUMED_SENSITIVITY,SENSITIVITY_RESULT
favourable,5,10,36.0,0.5,3.0,0.5,0.5,stationary,40,0,True,3.5,5.0,10,4.0,-16.666666666666668,-17.666666666666668,22.666666666666668,True,7.333333333333334,56.66666666666667,12.333333333333334,False,5.0,16.666666666666668,22.166666666666668,22.666666666666668,SIM-03,sim03_encounters-000073,ASSUMED_SENSITIVITY,SENSITIVITY_RESULT
favourable,5,10,36.0,0.5,3.0,0.5,0.5,slower_lead,40,5.0,True,7.0,5.0,5.0,8.0,-1.6666666666666679,-2.666666666666668,7.666666666666668,True,10.833333333333334,91.66666666666667,15.833333333333334,False,5.0,16.666666666666668,22.166666666666668,22.666666666666668,SIM-03,sim03_encounters-000074,ASSUMED_SENSITIVITY,SENSITIVITY_RESULT
favourable,5,10,36.0,0.5,3.0,0.5,0.5,oncoming,40,-10,True,1.75,5.0,20,2.0,-105.00000000000001,-106.00000000000001,111.00000000000001,True,5.583333333333334,39.16666666666667,10.583333333333334,True,5.0,16.666666666666668,22.166666666666668,22.666666666666668,SIM-03,sim03_encounters-000075,ASSUMED_SENSITIVITY,SENSITIVITY_RESULT
favourable,20,10,36.0,0.5,3.0,0.5,0.5,stationary,40,0,True,2.0,20.0,10,4.0,-1.6666666666666679,-2.666666666666668,22.666666666666668,True,5.833333333333334,41.66666666666667,10.833333333333334,False,5.0,16.666666666666668,22.166666666666668,22.666666666666668,SIM-03,sim03_encounters-000076,ASSUMED_SENSITIVITY,SENSITIVITY_RESULT
favourable,20,10,36.0,0.5,3.0,0.5,0.5,slower_lead,40,5.0,True,4.0,20.0,5.0,8.0,13.333333333333332,12.333333333333332,7.666666666666668,False,7.833333333333334,61.66666666666667,12.833333333333334,False,5.0,16.666666666666668,22.166666666666668,22.666666666666668,SIM-03,sim03_encounters-000077,ASSUMED_SENSITIVITY,SENSITIVITY_RESULT
favourable,20,10,36.0,0.5,3.0,0.5,0.5,oncoming,40,-10,True,1.0,20.0,20,2.0,-90.00000000000001,-91.00000000000001,111.00000000000001,True,4.833333333333334,31.666666666666668,9.833333333333334,True,5.0,16.666666666666668,22.166666666666668,22.666666666666668,SIM-03,sim03_encounters-000078,ASSUMED_SENSITIVITY,SENSITIVITY_RESULT
favourable,50,10,36.0,0.5,3.0,0.5,0.5,stationary,40,0,True,0.0,40.0,10,4.0,18.333333333333332,17.333333333333332,22.666666666666668,False,3.8333333333333335,21.666666666666668,8.833333333333334,False,5.0,16.666666666666668,22.166666666666668,22.666666666666668,SIM-03,sim03_encounters-000079,ASSUMED_SENSITIVITY,SENSITIVITY_RESULT
favourable,50,10,36.0,0.5,3.0,0.5,0.5,slower_lead,40,5.0,True,0.0,40.0,5.0,8.0,33.33333333333333,32.33333333333333,7.666666666666668,False,3.8333333333333335,21.666666666666668,8.833333333333334,False,5.0,16.666666666666668,22.166666666666668,22.666666666666668,SIM-03,sim03_encounters-000080,ASSUMED_SENSITIVITY,SENSITIVITY_RESULT
favourable,50,10,36.0,0.5,3.0,0.5,0.5,oncoming,40,-10,True,0.0,40.0,20,2.0,-70.00000000000001,-71.00000000000001,111.00000000000001,True,3.8333333333333335,21.666666666666668,8.833333333333334,True,5.0,16.666666666666668,22.166666666666668,22.666666666666668,SIM-03,sim03_encounters-000081,ASSUMED_SENSITIVITY,SENSITIVITY_RESULT
favourable,5,2,7.2,0.5,3.0,0.5,0.5,stationary,80,0,True,37.5,5.0,2,40.0,3.3333333333333335,2.3333333333333335,2.6666666666666665,False,38.666666666666664,76.66666666666667,43.666666666666664,False,1.0,0.6666666666666666,2.1666666666666665,2.6666666666666665,SIM-03,sim03_encounters-000082,ASSUMED_SENSITIVITY,SENSITIVITY_RESULT
favourable,5,2,7.2,0.5,3.0,0.5,0.5,slower_lead,80,1.0,True,75.0,5.0,1.0,80.0,4.333333333333333,3.333333333333333,1.6666666666666667,False,76.16666666666667,151.66666666666666,81.16666666666667,False,1.0,0.6666666666666666,2.1666666666666665,2.6666666666666665,SIM-03,sim03_encounters-000083,ASSUMED_SENSITIVITY,SENSITIVITY_RESULT
favourable,5,2,7.2,0.5,3.0,0.5,0.5,oncoming,80,-2,True,18.75,5.0,4,20.0,-8.999999999999998,-9.999999999999998,14.999999999999998,True,19.916666666666668,39.166666666666664,24.916666666666664,True,1.0,0.6666666666666666,2.1666666666666665,2.6666666666666665,SIM-03,sim03_encounters-000084,ASSUMED_SENSITIVITY,SENSITIVITY_RESULT
favourable,20,2,7.2,0.5,3.0,0.5,0.5,stationary,80,0,True,30.0,20.0,2,40.0,18.333333333333332,17.333333333333332,2.6666666666666665,False,31.166666666666668,61.666666666666664,36.166666666666664,False,1.0,0.6666666666666666,2.1666666666666665,2.6666666666666665,SIM-03,sim03_encounters-000085,ASSUMED_SENSITIVITY,SENSITIVITY_RESULT
favourable,20,2,7.2,0.5,3.0,0.5,0.5,slower_lead,80,1.0,True,60.0,20.0,1.0,80.0,19.333333333333332,18.333333333333332,1.6666666666666667,False,61.166666666666664,121.66666666666667,66.16666666666667,False,1.0,0.6666666666666666,2.1666666666666665,2.6666666666666665,SIM-03,sim03_encounters-000086,ASSUMED_SENSITIVITY,SENSITIVITY_RESULT
favourable,20,2,7.2,0.5,3.0,0.5,0.5,oncoming,80,-2,True,15.0,20.0,4,20.0,6.000000000000002,5.000000000000002,14.999999999999998,False,16.166666666666668,31.666666666666668,21.166666666666664,True,1.0,0.6666666666666666,2.1666666666666665,2.6666666666666665,SIM-03,sim03_encounters-000087,ASSUMED_SENSITIVITY,SENSITIVITY_RESULT
favourable,50,2,7.2,0.5,3.0,0.5,0.5,stationary,80,0,True,15.0,50.0,2,40.0,48.333333333333336,47.333333333333336,2.6666666666666665,False,16.166666666666668,31.666666666666668,21.166666666666664,False,1.0,0.6666666666666666,2.1666666666666665,2.6666666666666665,SIM-03,sim03_encounters-000088,ASSUMED_SENSITIVITY,SENSITIVITY_RESULT
favourable,50,2,7.2,0.5,3.0,0.5,0.5,slower_lead,80,1.0,True,30.0,50.0,1.0,80.0,49.333333333333336,48.333333333333336,1.6666666666666667,False,31.166666666666668,61.666666666666664,36.166666666666664,False,1.0,0.6666666666666666,2.1666666666666665,2.6666666666666665,SIM-03,sim03_encounters-000089,ASSUMED_SENSITIVITY,SENSITIVITY_RESULT
favourable,50,2,7.2,0.5,3.0,0.5,0.5,oncoming,80,-2,True,7.5,50.0,4,20.0,36.00000000000001,35.0,14.999999999999998,False,8.666666666666666,16.666666666666668,13.666666666666666,True,1.0,0.6666666666666666,2.1666666666666665,2.6666666666666665,SIM-03,sim03_encounters-000090,ASSUMED_SENSITIVITY,SENSITIVITY_RESULT
favourable,5,5,18.0,0.5,3.0,0.5,0.5,stationary,80,0,True,15.0,5.0,5,16.0,-1.666666666666667,-2.666666666666667,7.666666666666667,True,17.166666666666668,81.66666666666667,22.166666666666668,False,2.5,4.166666666666667,7.166666666666667,7.666666666666667,SIM-03,sim03_encounters-000091,ASSUMED_SENSITIVITY,SENSITIVITY_RESULT
favourable,5,5,18.0,0.5,3.0,0.5,0.5,slower_lead,80,2.5,True,30.0,5.0,2.5,32.0,2.708333333333333,1.708333333333333,3.291666666666667,False,32.166666666666664,156.66666666666666,37.166666666666664,False,2.5,4.166666666666667,7.166666666666667,7.666666666666667,SIM-03,sim03_encounters-000092,ASSUMED_SENSITIVITY,SENSITIVITY_RESULT
favourable,5,5,18.0,0.5,3.0,0.5,0.5,oncoming,80,-5,True,7.5,5.0,10,8.0,-37.5,-38.5,43.5,True,9.666666666666668,44.166666666666664,14.666666666666668,True,2.5,4.166666666666667,7.166666666666667,7.666666666666667,SIM-03,sim03_encounters-000093,ASSUMED_SENSITIVITY,SENSITIVITY_RESULT
favourable,20,5,18.0,0.5,3.0,0.5,0.5,stationary,80,0,True,12.0,20.0,5,16.0,13.333333333333332,12.333333333333332,7.666666666666667,False,14.166666666666668,66.66666666666667,19.166666666666668,False,2.5,4.166666666666667,7.166666666666667,7.666666666666667,SIM-03,sim03_encounters-000094,ASSUMED_SENSITIVITY,SENSITIVITY_RESULT
favourable,20,5,18.0,0.5,3.0,0.5,0.5,slower_lead,80,2.5,True,24.0,20.0,2.5,32.0,17.708333333333336,16.708333333333332,3.291666666666667,False,26.166666666666668,126.66666666666667,31.166666666666668,False,2.5,4.166666666666667,7.166666666666667,7.666666666666667,SIM-03,sim03_encounters-000095,ASSUMED_SENSITIVITY,SENSITIVITY_RESULT
favourable,20,5,18.0,0.5,3.0,0.5,0.5,oncoming,80,-5,True,6.0,20.0,10,8.0,-22.500000000000004,-23.5,43.5,True,8.166666666666668,36.666666666666664,13.166666666666668,True,2.5,4.166666666666667,7.166666666666667,7.666666666666667,SIM-03,sim03_encounters-000096,ASSUMED_SENSITIVITY,SENSITIVITY_RESULT
favourable,50,5,18.0,0.5,3.0,0.5,0.5,stationary,80,0,True,6.0,50.0,5,16.0,43.333333333333336,42.333333333333336,7.666666666666667,False,8.166666666666668,36.666666666666664,13.166666666666668,False,2.5,4.166666666666667,7.166666666666667,7.666666666666667,SIM-03,sim03_encounters-000097,ASSUMED_SENSITIVITY,SENSITIVITY_RESULT
favourable,50,5,18.0,0.5,3.0,0.5,0.5,slower_lead,80,2.5,True,12.0,50.0,2.5,32.0,47.708333333333336,46.708333333333336,3.291666666666667,False,14.166666666666668,66.66666666666667,19.166666666666668,False,2.5,4.166666666666667,7.166666666666667,7.666666666666667,SIM-03,sim03_encounters-000098,ASSUMED_SENSITIVITY,SENSITIVITY_RESULT
favourable,50,5,18.0,0.5,3.0,0.5,0.5,oncoming,80,-5,True,3.0,50.0,10,8.0,7.499999999999997,6.5,43.5,False,5.166666666666667,21.666666666666668,10.166666666666668,True,2.5,4.166666666666667,7.166666666666667,7.666666666666667,SIM-03,sim03_encounters-000099,ASSUMED_SENSITIVITY,SENSITIVITY_RESULT
favourable,5,10,36.0,0.5,3.0,0.5,0.5,stationary,80,0,True,7.5,5.0,10,8.0,-16.666666666666668,-17.666666666666668,22.666666666666668,True,11.333333333333334,96.66666666666667,16.333333333333336,False,5.0,16.666666666666668,22.166666666666668,22.666666666666668,SIM-03,sim03_encounters-000100,ASSUMED_SENSITIVITY,SENSITIVITY_RESULT
favourable,5,10,36.0,0.5,3.0,0.5,0.5,slower_lead,80,5.0,True,15.0,5.0,5.0,16.0,-1.6666666666666679,-2.666666666666668,7.666666666666668,True,18.833333333333332,171.66666666666666,23.833333333333336,False,5.0,16.666666666666668,22.166666666666668,22.666666666666668,SIM-03,sim03_encounters-000101,ASSUMED_SENSITIVITY,SENSITIVITY_RESULT
favourable,5,10,36.0,0.5,3.0,0.5,0.5,oncoming,80,-10,True,3.75,5.0,20,4.0,-105.00000000000001,-106.00000000000001,111.00000000000001,True,7.583333333333334,59.16666666666667,12.583333333333334,True,5.0,16.666666666666668,22.166666666666668,22.666666666666668,SIM-03,sim03_encounters-000102,ASSUMED_SENSITIVITY,SENSITIVITY_RESULT
favourable,20,10,36.0,0.5,3.0,0.5,0.5,stationary,80,0,True,6.0,20.0,10,8.0,-1.6666666666666679,-2.666666666666668,22.666666666666668,True,9.833333333333334,81.66666666666667,14.833333333333334,False,5.0,16.666666666666668,22.166666666666668,22.666666666666668,SIM-03,sim03_encounters-000103,ASSUMED_SENSITIVITY,SENSITIVITY_RESULT
favourable,20,10,36.0,0.5,3.0,0.5,0.5,slower_lead,80,5.0,True,12.0,20.0,5.0,16.0,13.333333333333332,12.333333333333332,7.666666666666668,False,15.833333333333334,141.66666666666666,20.833333333333336,False,5.0,16.666666666666668,22.166666666666668,22.666666666666668,SIM-03,sim03_encounters-000104,ASSUMED_SENSITIVITY,SENSITIVITY_RESULT
favourable,20,10,36.0,0.5,3.0,0.5,0.5,oncoming,80,-10,True,3.0,20.0,20,4.0,-90.00000000000001,-91.00000000000001,111.00000000000001,True,6.833333333333334,51.66666666666667,11.833333333333334,True,5.0,16.666666666666668,22.166666666666668,22.666666666666668,SIM-03,sim03_encounters-000105,ASSUMED_SENSITIVITY,SENSITIVITY_RESULT
favourable,50,10,36.0,0.5,3.0,0.5,0.5,stationary,80,0,True,3.0,50.0,10,8.0,28.333333333333332,27.333333333333332,22.666666666666668,False,6.833333333333334,51.66666666666667,11.833333333333334,False,5.0,16.666666666666668,22.166666666666668,22.666666666666668,SIM-03,sim03_encounters-000106,ASSUMED_SENSITIVITY,SENSITIVITY_RESULT
favourable,50,10,36.0,0.5,3.0,0.5,0.5,slower_lead,80,5.0,True,6.0,50.0,5.0,16.0,43.33333333333333,42.33333333333333,7.666666666666668,False,9.833333333333334,81.66666666666667,14.833333333333334,False,5.0,16.666666666666668,22.166666666666668,22.666666666666668,SIM-03,sim03_encounters-000107,ASSUMED_SENSITIVITY,SENSITIVITY_RESULT
favourable,50,10,36.0,0.5,3.0,0.5,0.5,oncoming,80,-10,True,1.5,50.0,20,4.0,-60.000000000000014,-61.000000000000014,111.00000000000001,True,5.333333333333334,36.66666666666667,10.333333333333334,True,5.0,16.666666666666668,22.166666666666668,22.666666666666668,SIM-03,sim03_encounters-000108,ASSUMED_SENSITIVITY,SENSITIVITY_RESULT
reference,5,2,7.2,1.5,1.5,2.0,1.0,stationary,5,0,True,0.0,5.0,2,2.5,0.666666666666667,-2.333333333333333,7.333333333333333,False,2.833333333333333,4.333333333333333,7.833333333333333,False,3.0,1.3333333333333333,6.333333333333333,7.333333333333333,SIM-03,sim03_encounters-000109,ASSUMED_SENSITIVITY,SENSITIVITY_RESULT
reference,5,2,7.2,1.5,1.5,2.0,1.0,slower_lead,5,1.0,True,0.0,5.0,1.0,5.0,3.166666666666666,0.16666666666666607,4.833333333333334,False,2.833333333333333,4.333333333333333,7.833333333333333,False,3.0,1.3333333333333333,6.333333333333333,7.333333333333333,SIM-03,sim03_encounters-000110,ASSUMED_SENSITIVITY,SENSITIVITY_RESULT
reference,5,2,7.2,1.5,1.5,2.0,1.0,oncoming,5,-2,True,0.0,5.0,4,1.25,-15.0,-18.0,23.0,True,2.833333333333333,4.333333333333333,7.833333333333333,True,3.0,1.3333333333333333,6.333333333333333,7.333333333333333,SIM-03,sim03_encounters-000111,ASSUMED_SENSITIVITY,SENSITIVITY_RESULT
reference,20,2,7.2,1.5,1.5,2.0,1.0,stationary,5,0,True,0.0,5.0,2,2.5,0.666666666666667,-2.333333333333333,7.333333333333333,False,2.833333333333333,4.333333333333333,7.833333333333333,False,3.0,1.3333333333333333,6.333333333333333,7.333333333333333,SIM-03,sim03_encounters-000112,ASSUMED_SENSITIVITY,SENSITIVITY_RESULT
reference,20,2,7.2,1.5,1.5,2.0,1.0,slower_lead,5,1.0,True,0.0,5.0,1.0,5.0,3.166666666666666,0.16666666666666607,4.833333333333334,False,2.833333333333333,4.333333333333333,7.833333333333333,False,3.0,1.3333333333333333,6.333333333333333,7.333333333333333,SIM-03,sim03_encounters-000113,ASSUMED_SENSITIVITY,SENSITIVITY_RESULT
reference,20,2,7.2,1.5,1.5,2.0,1.0,oncoming,5,-2,True,0.0,5.0,4,1.25,-15.0,-18.0,23.0,True,2.833333333333333,4.333333333333333,7.833333333333333,True,3.0,1.3333333333333333,6.333333333333333,7.333333333333333,SIM-03,sim03_encounters-000114,ASSUMED_SENSITIVITY,SENSITIVITY_RESULT
reference,50,2,7.2,1.5,1.5,2.0,1.0,stationary,5,0,True,0.0,5.0,2,2.5,0.666666666666667,-2.333333333333333,7.333333333333333,False,2.833333333333333,4.333333333333333,7.833333333333333,False,3.0,1.3333333333333333,6.333333333333333,7.333333333333333,SIM-03,sim03_encounters-000115,ASSUMED_SENSITIVITY,SENSITIVITY_RESULT
reference,50,2,7.2,1.5,1.5,2.0,1.0,slower_lead,5,1.0,True,0.0,5.0,1.0,5.0,3.166666666666666,0.16666666666666607,4.833333333333334,False,2.833333333333333,4.333333333333333,7.833333333333333,False,3.0,1.3333333333333333,6.333333333333333,7.333333333333333,SIM-03,sim03_encounters-000116,ASSUMED_SENSITIVITY,SENSITIVITY_RESULT
reference,50,2,7.2,1.5,1.5,2.0,1.0,oncoming,5,-2,True,0.0,5.0,4,1.25,-15.0,-18.0,23.0,True,2.833333333333333,4.333333333333333,7.833333333333333,True,3.0,1.3333333333333333,6.333333333333333,7.333333333333333,SIM-03,sim03_encounters-000117,ASSUMED_SENSITIVITY,SENSITIVITY_RESULT
reference,5,5,18.0,1.5,1.5,2.0,1.0,stationary,5,0,True,0.0,5.0,5,1.0,-10.833333333333334,-13.833333333333336,18.833333333333336,True,4.833333333333334,15.833333333333334,9.833333333333334,False,7.5,8.333333333333334,17.833333333333336,18.833333333333336,SIM-03,sim03_encounters-000118,ASSUMED_SENSITIVITY,SENSITIVITY_RESULT
reference,5,5,18.0,1.5,1.5,2.0,1.0,slower_lead,5,2.5,True,0.0,5.0,2.5,2.0,-0.8333333333333339,-3.833333333333334,8.833333333333334,True,4.833333333333334,15.833333333333334,9.833333333333334,False,7.5,8.333333333333334,17.833333333333336,18.833333333333336,SIM-03,sim03_encounters-000119,ASSUMED_SENSITIVITY,SENSITIVITY_RESULT
reference,5,5,18.0,1.5,1.5,2.0,1.0,oncoming,5,-5,True,0.0,5.0,10,0.5,-60.00000000000001,-63.0,68.0,True,4.833333333333334,15.833333333333334,9.833333333333334,True,7.5,8.333333333333334,17.833333333333336,18.833333333333336,SIM-03,sim03_encounters-000120,ASSUMED_SENSITIVITY,SENSITIVITY_RESULT
reference,20,5,18.0,1.5,1.5,2.0,1.0,stationary,5,0,True,0.0,5.0,5,1.0,-10.833333333333334,-13.833333333333336,18.833333333333336,True,4.833333333333334,15.833333333333334,9.833333333333334,False,7.5,8.333333333333334,17.833333333333336,18.833333333333336,SIM-03,sim03_encounters-000121,ASSUMED_SENSITIVITY,SENSITIVITY_RESULT
reference,20,5,18.0,1.5,1.5,2.0,1.0,slower_lead,5,2.5,True,0.0,5.0,2.5,2.0,-0.8333333333333339,-3.833333333333334,8.833333333333334,True,4.833333333333334,15.833333333333334,9.833333333333334,False,7.5,8.333333333333334,17.833333333333336,18.833333333333336,SIM-03,sim03_encounters-000122,ASSUMED_SENSITIVITY,SENSITIVITY_RESULT
reference,20,5,18.0,1.5,1.5,2.0,1.0,oncoming,5,-5,True,0.0,5.0,10,0.5,-60.00000000000001,-63.0,68.0,True,4.833333333333334,15.833333333333334,9.833333333333334,True,7.5,8.333333333333334,17.833333333333336,18.833333333333336,SIM-03,sim03_encounters-000123,ASSUMED_SENSITIVITY,SENSITIVITY_RESULT
reference,50,5,18.0,1.5,1.5,2.0,1.0,stationary,5,0,True,0.0,5.0,5,1.0,-10.833333333333334,-13.833333333333336,18.833333333333336,True,4.833333333333334,15.833333333333334,9.833333333333334,False,7.5,8.333333333333334,17.833333333333336,18.833333333333336,SIM-03,sim03_encounters-000124,ASSUMED_SENSITIVITY,SENSITIVITY_RESULT
reference,50,5,18.0,1.5,1.5,2.0,1.0,slower_lead,5,2.5,True,0.0,5.0,2.5,2.0,-0.8333333333333339,-3.833333333333334,8.833333333333334,True,4.833333333333334,15.833333333333334,9.833333333333334,False,7.5,8.333333333333334,17.833333333333336,18.833333333333336,SIM-03,sim03_encounters-000125,ASSUMED_SENSITIVITY,SENSITIVITY_RESULT
reference,50,5,18.0,1.5,1.5,2.0,1.0,oncoming,5,-5,True,0.0,5.0,10,0.5,-60.00000000000001,-63.0,68.0,True,4.833333333333334,15.833333333333334,9.833333333333334,True,7.5,8.333333333333334,17.833333333333336,18.833333333333336,SIM-03,sim03_encounters-000126,ASSUMED_SENSITIVITY,SENSITIVITY_RESULT
reference,5,10,36.0,1.5,1.5,2.0,1.0,stationary,5,0,True,0.0,5.0,10,0.5,-43.333333333333336,-46.333333333333336,51.333333333333336,True,8.166666666666668,48.333333333333336,13.166666666666668,False,15.0,33.333333333333336,50.333333333333336,51.333333333333336,SIM-03,sim03_encounters-000127,ASSUMED_SENSITIVITY,SENSITIVITY_RESULT
reference,5,10,36.0,1.5,1.5,2.0,1.0,slower_lead,5,5.0,True,0.0,5.0,5.0,1.0,-10.833333333333336,-13.833333333333336,18.833333333333336,True,8.166666666666668,48.333333333333336,13.166666666666668,False,15.0,33.333333333333336,50.333333333333336,51.333333333333336,SIM-03,sim03_encounters-000128,ASSUMED_SENSITIVITY,SENSITIVITY_RESULT
reference,5,10,36.0,1.5,1.5,2.0,1.0,oncoming,5,-10,True,0.0,5.0,20,0.25,-175.00000000000003,-178.00000000000003,183.00000000000003,True,8.166666666666668,48.333333333333336,13.166666666666668,True,15.0,33.333333333333336,50.333333333333336,51.333333333333336,SIM-03,sim03_encounters-000129,ASSUMED_SENSITIVITY,SENSITIVITY_RESULT
reference,20,10,36.0,1.5,1.5,2.0,1.0,stationary,5,0,True,0.0,5.0,10,0.5,-43.333333333333336,-46.333333333333336,51.333333333333336,True,8.166666666666668,48.333333333333336,13.166666666666668,False,15.0,33.333333333333336,50.333333333333336,51.333333333333336,SIM-03,sim03_encounters-000130,ASSUMED_SENSITIVITY,SENSITIVITY_RESULT
reference,20,10,36.0,1.5,1.5,2.0,1.0,slower_lead,5,5.0,True,0.0,5.0,5.0,1.0,-10.833333333333336,-13.833333333333336,18.833333333333336,True,8.166666666666668,48.333333333333336,13.166666666666668,False,15.0,33.333333333333336,50.333333333333336,51.333333333333336,SIM-03,sim03_encounters-000131,ASSUMED_SENSITIVITY,SENSITIVITY_RESULT
reference,20,10,36.0,1.5,1.5,2.0,1.0,oncoming,5,-10,True,0.0,5.0,20,0.25,-175.00000000000003,-178.00000000000003,183.00000000000003,True,8.166666666666668,48.333333333333336,13.166666666666668,True,15.0,33.333333333333336,50.333333333333336,51.333333333333336,SIM-03,sim03_encounters-000132,ASSUMED_SENSITIVITY,SENSITIVITY_RESULT
reference,50,10,36.0,1.5,1.5,2.0,1.0,stationary,5,0,True,0.0,5.0,10,0.5,-43.333333333333336,-46.333333333333336,51.333333333333336,True,8.166666666666668,48.333333333333336,13.166666666666668,False,15.0,33.333333333333336,50.333333333333336,51.333333333333336,SIM-03,sim03_encounters-000133,ASSUMED_SENSITIVITY,SENSITIVITY_RESULT
reference,50,10,36.0,1.5,1.5,2.0,1.0,slower_lead,5,5.0,True,0.0,5.0,5.0,1.0,-10.833333333333336,-13.833333333333336,18.833333333333336,True,8.166666666666668,48.333333333333336,13.166666666666668,False,15.0,33.333333333333336,50.333333333333336,51.333333333333336,SIM-03,sim03_encounters-000134,ASSUMED_SENSITIVITY,SENSITIVITY_RESULT
reference,50,10,36.0,1.5,1.5,2.0,1.0,oncoming,5,-10,True,0.0,5.0,20,0.25,-175.00000000000003,-178.00000000000003,183.00000000000003,True,8.166666666666668,48.333333333333336,13.166666666666668,True,15.0,33.333333333333336,50.333333333333336,51.333333333333336,SIM-03,sim03_encounters-000135,ASSUMED_SENSITIVITY,SENSITIVITY_RESULT
reference,5,2,7.2,1.5,1.5,2.0,1.0,stationary,20,0,True,7.5,5.0,2,10.0,0.666666666666667,-2.333333333333333,7.333333333333333,False,10.333333333333332,19.333333333333332,15.333333333333332,False,3.0,1.3333333333333333,6.333333333333333,7.333333333333333,SIM-03,sim03_encounters-000136,ASSUMED_SENSITIVITY,SENSITIVITY_RESULT
reference,5,2,7.2,1.5,1.5,2.0,1.0,slower_lead,20,1.0,True,15.0,5.0,1.0,20.0,3.166666666666666,0.16666666666666607,4.833333333333334,False,17.833333333333332,34.333333333333336,22.833333333333332,False,3.0,1.3333333333333333,6.333333333333333,7.333333333333333,SIM-03,sim03_encounters-000137,ASSUMED_SENSITIVITY,SENSITIVITY_RESULT
reference,5,2,7.2,1.5,1.5,2.0,1.0,oncoming,20,-2,True,3.75,5.0,4,5.0,-15.0,-18.0,23.0,True,6.583333333333333,11.833333333333332,11.583333333333332,True,3.0,1.3333333333333333,6.333333333333333,7.333333333333333,SIM-03,sim03_encounters-000138,ASSUMED_SENSITIVITY,SENSITIVITY_RESULT
reference,20,2,7.2,1.5,1.5,2.0,1.0,stationary,20,0,True,0.0,20.0,2,10.0,15.666666666666668,12.666666666666668,7.333333333333333,False,2.833333333333333,4.333333333333333,7.833333333333333,False,3.0,1.3333333333333333,6.333333333333333,7.333333333333333,SIM-03,sim03_encounters-000139,ASSUMED_SENSITIVITY,SENSITIVITY_RESULT
reference,20,2,7.2,1.5,1.5,2.0,1.0,slower_lead,20,1.0,True,0.0,20.0,1.0,20.0,18.166666666666668,15.166666666666666,4.833333333333334,False,2.833333333333333,4.333333333333333,7.833333333333333,False,3.0,1.3333333333333333,6.333333333333333,7.333333333333333,SIM-03,sim03_encounters-000140,ASSUMED_SENSITIVITY,SENSITIVITY_RESULT
reference,20,2,7.2,1.5,1.5,2.0,1.0,oncoming,20,-2,True,0.0,20.0,4,5.0,8.881784197001252e-16,-3.0,23.0,False,2.833333333333333,4.333333333333333,7.833333333333333,True,3.0,1.3333333333333333,6.333333333333333,7.333333333333333,SIM-03,sim03_encounters-000141,ASSUMED_SENSITIVITY,SENSITIVITY_RESULT
reference,50,2,7.2,1.5,1.5,2.0,1.0,stationary,20,0,True,0.0,20.0,2,10.0,15.666666666666668,12.666666666666668,7.333333333333333,False,2.833333333333333,4.333333333333333,7.833333333333333,False,3.0,1.3333333333333333,6.333333333333333,7.333333333333333,SIM-03,sim03_encounters-000142,ASSUMED_SENSITIVITY,SENSITIVITY_RESULT
reference,50,2,7.2,1.5,1.5,2.0,1.0,slower_lead,20,1.0,True,0.0,20.0,1.0,20.0,18.166666666666668,15.166666666666666,4.833333333333334,False,2.833333333333333,4.333333333333333,7.833333333333333,False,3.0,1.3333333333333333,6.333333333333333,7.333333333333333,SIM-03,sim03_encounters-000143,ASSUMED_SENSITIVITY,SENSITIVITY_RESULT
reference,50,2,7.2,1.5,1.5,2.0,1.0,oncoming,20,-2,True,0.0,20.0,4,5.0,8.881784197001252e-16,-3.0,23.0,False,2.833333333333333,4.333333333333333,7.833333333333333,True,3.0,1.3333333333333333,6.333333333333333,7.333333333333333,SIM-03,sim03_encounters-000144,ASSUMED_SENSITIVITY,SENSITIVITY_RESULT
reference,5,5,18.0,1.5,1.5,2.0,1.0,stationary,20,0,True,3.0,5.0,5,4.0,-10.833333333333334,-13.833333333333336,18.833333333333336,True,7.833333333333334,30.833333333333336,12.833333333333334,False,7.5,8.333333333333334,17.833333333333336,18.833333333333336,SIM-03,sim03_encounters-000145,ASSUMED_SENSITIVITY,SENSITIVITY_RESULT
reference,5,5,18.0,1.5,1.5,2.0,1.0,slower_lead,20,2.5,True,6.0,5.0,2.5,8.0,-0.8333333333333339,-3.833333333333334,8.833333333333334,True,10.833333333333334,45.833333333333336,15.833333333333334,False,7.5,8.333333333333334,17.833333333333336,18.833333333333336,SIM-03,sim03_encounters-000146,ASSUMED_SENSITIVITY,SENSITIVITY_RESULT
reference,5,5,18.0,1.5,1.5,2.0,1.0,oncoming,20,-5,True,1.5,5.0,10,2.0,-60.00000000000001,-63.0,68.0,True,6.333333333333334,23.333333333333336,11.333333333333334,True,7.5,8.333333333333334,17.833333333333336,18.833333333333336,SIM-03,sim03_encounters-000147,ASSUMED_SENSITIVITY,SENSITIVITY_RESULT
reference,20,5,18.0,1.5,1.5,2.0,1.0,stationary,20,0,True,0.0,20.0,5,4.0,4.166666666666666,1.1666666666666643,18.833333333333336,False,4.833333333333334,15.833333333333334,9.833333333333334,False,7.5,8.333333333333334,17.833333333333336,18.833333333333336,SIM-03,sim03_encounters-000148,ASSUMED_SENSITIVITY,SENSITIVITY_RESULT
reference,20,5,18.0,1.5,1.5,2.0,1.0,slower_lead,20,2.5,True,0.0,20.0,2.5,8.0,14.166666666666666,11.166666666666666,8.833333333333334,False,4.833333333333334,15.833333333333334,9.833333333333334,False,7.5,8.333333333333334,17.833333333333336,18.833333333333336,SIM-03,sim03_encounters-000149,ASSUMED_SENSITIVITY,SENSITIVITY_RESULT
reference,20,5,18.0,1.5,1.5,2.0,1.0,oncoming,20,-5,True,0.0,20.0,10,2.0,-45.00000000000001,-48.0,68.0,True,4.833333333333334,15.833333333333334,9.833333333333334,True,7.5,8.333333333333334,17.833333333333336,18.833333333333336,SIM-03,sim03_encounters-000150,ASSUMED_SENSITIVITY,SENSITIVITY_RESULT
reference,50,5,18.0,1.5,1.5,2.0,1.0,stationary,20,0,True,0.0,20.0,5,4.0,4.166666666666666,1.1666666666666643,18.833333333333336,False,4.833333333333334,15.833333333333334,9.833333333333334,False,7.5,8.333333333333334,17.833333333333336,18.833333333333336,SIM-03,sim03_encounters-000151,ASSUMED_SENSITIVITY,SENSITIVITY_RESULT
reference,50,5,18.0,1.5,1.5,2.0,1.0,slower_lead,20,2.5,True,0.0,20.0,2.5,8.0,14.166666666666666,11.166666666666666,8.833333333333334,False,4.833333333333334,15.833333333333334,9.833333333333334,False,7.5,8.333333333333334,17.833333333333336,18.833333333333336,SIM-03,sim03_encounters-000152,ASSUMED_SENSITIVITY,SENSITIVITY_RESULT
reference,50,5,18.0,1.5,1.5,2.0,1.0,oncoming,20,-5,True,0.0,20.0,10,2.0,-45.00000000000001,-48.0,68.0,True,4.833333333333334,15.833333333333334,9.833333333333334,True,7.5,8.333333333333334,17.833333333333336,18.833333333333336,SIM-03,sim03_encounters-000153,ASSUMED_SENSITIVITY,SENSITIVITY_RESULT
reference,5,10,36.0,1.5,1.5,2.0,1.0,stationary,20,0,True,1.5,5.0,10,2.0,-43.333333333333336,-46.333333333333336,51.333333333333336,True,9.666666666666668,63.333333333333336,14.666666666666668,False,15.0,33.333333333333336,50.333333333333336,51.333333333333336,SIM-03,sim03_encounters-000154,ASSUMED_SENSITIVITY,SENSITIVITY_RESULT
reference,5,10,36.0,1.5,1.5,2.0,1.0,slower_lead,20,5.0,True,3.0,5.0,5.0,4.0,-10.833333333333336,-13.833333333333336,18.833333333333336,True,11.166666666666668,78.33333333333334,16.166666666666668,False,15.0,33.333333333333336,50.333333333333336,51.333333333333336,SIM-03,sim03_encounters-000155,ASSUMED_SENSITIVITY,SENSITIVITY_RESULT
reference,5,10,36.0,1.5,1.5,2.0,1.0,oncoming,20,-10,True,0.75,5.0,20,1.0,-175.00000000000003,-178.00000000000003,183.00000000000003,True,8.916666666666668,55.833333333333336,13.916666666666668,True,15.0,33.333333333333336,50.333333333333336,51.333333333333336,SIM-03,sim03_encounters-000156,ASSUMED_SENSITIVITY,SENSITIVITY_RESULT
reference,20,10,36.0,1.5,1.5,2.0,1.0,stationary,20,0,True,0.0,20.0,10,2.0,-28.333333333333336,-31.333333333333336,51.333333333333336,True,8.166666666666668,48.333333333333336,13.166666666666668,False,15.0,33.333333333333336,50.333333333333336,51.333333333333336,SIM-03,sim03_encounters-000157,ASSUMED_SENSITIVITY,SENSITIVITY_RESULT
reference,20,10,36.0,1.5,1.5,2.0,1.0,slower_lead,20,5.0,True,0.0,20.0,5.0,4.0,4.166666666666664,1.1666666666666643,18.833333333333336,False,8.166666666666668,48.333333333333336,13.166666666666668,False,15.0,33.333333333333336,50.333333333333336,51.333333333333336,SIM-03,sim03_encounters-000158,ASSUMED_SENSITIVITY,SENSITIVITY_RESULT
reference,20,10,36.0,1.5,1.5,2.0,1.0,oncoming,20,-10,True,0.0,20.0,20,1.0,-160.00000000000003,-163.00000000000003,183.00000000000003,True,8.166666666666668,48.333333333333336,13.166666666666668,True,15.0,33.333333333333336,50.333333333333336,51.333333333333336,SIM-03,sim03_encounters-000159,ASSUMED_SENSITIVITY,SENSITIVITY_RESULT
reference,50,10,36.0,1.5,1.5,2.0,1.0,stationary,20,0,True,0.0,20.0,10,2.0,-28.333333333333336,-31.333333333333336,51.333333333333336,True,8.166666666666668,48.333333333333336,13.166666666666668,False,15.0,33.333333333333336,50.333333333333336,51.333333333333336,SIM-03,sim03_encounters-000160,ASSUMED_SENSITIVITY,SENSITIVITY_RESULT
reference,50,10,36.0,1.5,1.5,2.0,1.0,slower_lead,20,5.0,True,0.0,20.0,5.0,4.0,4.166666666666664,1.1666666666666643,18.833333333333336,False,8.166666666666668,48.333333333333336,13.166666666666668,False,15.0,33.333333333333336,50.333333333333336,51.333333333333336,SIM-03,sim03_encounters-000161,ASSUMED_SENSITIVITY,SENSITIVITY_RESULT
reference,50,10,36.0,1.5,1.5,2.0,1.0,oncoming,20,-10,True,0.0,20.0,20,1.0,-160.00000000000003,-163.00000000000003,183.00000000000003,True,8.166666666666668,48.333333333333336,13.166666666666668,True,15.0,33.333333333333336,50.333333333333336,51.333333333333336,SIM-03,sim03_encounters-000162,ASSUMED_SENSITIVITY,SENSITIVITY_RESULT
reference,5,2,7.2,1.5,1.5,2.0,1.0,stationary,40,0,True,17.5,5.0,2,20.0,0.666666666666667,-2.333333333333333,7.333333333333333,False,20.333333333333332,39.333333333333336,25.333333333333332,False,3.0,1.3333333333333333,6.333333333333333,7.333333333333333,SIM-03,sim03_encounters-000163,ASSUMED_SENSITIVITY,SENSITIVITY_RESULT
reference,5,2,7.2,1.5,1.5,2.0,1.0,slower_lead,40,1.0,True,35.0,5.0,1.0,40.0,3.166666666666666,0.16666666666666607,4.833333333333334,False,37.833333333333336,74.33333333333333,42.833333333333336,False,3.0,1.3333333333333333,6.333333333333333,7.333333333333333,SIM-03,sim03_encounters-000164,ASSUMED_SENSITIVITY,SENSITIVITY_RESULT
reference,5,2,7.2,1.5,1.5,2.0,1.0,oncoming,40,-2,True,8.75,5.0,4,10.0,-15.0,-18.0,23.0,True,11.583333333333332,21.833333333333332,16.583333333333332,True,3.0,1.3333333333333333,6.333333333333333,7.333333333333333,SIM-03,sim03_encounters-000165,ASSUMED_SENSITIVITY,SENSITIVITY_RESULT
reference,20,2,7.2,1.5,1.5,2.0,1.0,stationary,40,0,True,10.0,20.0,2,20.0,15.666666666666668,12.666666666666668,7.333333333333333,False,12.833333333333332,24.333333333333332,17.833333333333332,False,3.0,1.3333333333333333,6.333333333333333,7.333333333333333,SIM-03,sim03_encounters-000166,ASSUMED_SENSITIVITY,SENSITIVITY_RESULT
reference,20,2,7.2,1.5,1.5,2.0,1.0,slower_lead,40,1.0,True,20.0,20.0,1.0,40.0,18.166666666666668,15.166666666666666,4.833333333333334,False,22.833333333333332,44.333333333333336,27.833333333333332,False,3.0,1.3333333333333333,6.333333333333333,7.333333333333333,SIM-03,sim03_encounters-000167,ASSUMED_SENSITIVITY,SENSITIVITY_RESULT
reference,20,2,7.2,1.5,1.5,2.0,1.0,oncoming,40,-2,True,5.0,20.0,4,10.0,8.881784197001252e-16,-3.0,23.0,False,7.833333333333333,14.333333333333332,12.833333333333332,True,3.0,1.3333333333333333,6.333333333333333,7.333333333333333,SIM-03,sim03_encounters-000168,ASSUMED_SENSITIVITY,SENSITIVITY_RESULT
reference,50,2,7.2,1.5,1.5,2.0,1.0,stationary,40,0,True,0.0,40.0,2,20.0,35.666666666666664,32.666666666666664,7.333333333333333,False,2.833333333333333,4.333333333333333,7.833333333333333,False,3.0,1.3333333333333333,6.333333333333333,7.333333333333333,SIM-03,sim03_encounters-000169,ASSUMED_SENSITIVITY,SENSITIVITY_RESULT
reference,50,2,7.2,1.5,1.5,2.0,1.0,slower_lead,40,1.0,True,0.0,40.0,1.0,40.0,38.166666666666664,35.166666666666664,4.833333333333334,False,2.833333333333333,4.333333333333333,7.833333333333333,False,3.0,1.3333333333333333,6.333333333333333,7.333333333333333,SIM-03,sim03_encounters-000170,ASSUMED_SENSITIVITY,SENSITIVITY_RESULT
reference,50,2,7.2,1.5,1.5,2.0,1.0,oncoming,40,-2,True,0.0,40.0,4,10.0,20.000000000000004,17.0,23.0,False,2.833333333333333,4.333333333333333,7.833333333333333,True,3.0,1.3333333333333333,6.333333333333333,7.333333333333333,SIM-03,sim03_encounters-000171,ASSUMED_SENSITIVITY,SENSITIVITY_RESULT
reference,5,5,18.0,1.5,1.5,2.0,1.0,stationary,40,0,True,7.0,5.0,5,8.0,-10.833333333333334,-13.833333333333336,18.833333333333336,True,11.833333333333334,50.833333333333336,16.833333333333336,False,7.5,8.333333333333334,17.833333333333336,18.833333333333336,SIM-03,sim03_encounters-000172,ASSUMED_SENSITIVITY,SENSITIVITY_RESULT
reference,5,5,18.0,1.5,1.5,2.0,1.0,slower_lead,40,2.5,True,14.0,5.0,2.5,16.0,-0.8333333333333339,-3.833333333333334,8.833333333333334,True,18.833333333333336,85.83333333333333,23.833333333333336,False,7.5,8.333333333333334,17.833333333333336,18.833333333333336,SIM-03,sim03_encounters-000173,ASSUMED_SENSITIVITY,SENSITIVITY_RESULT
reference,5,5,18.0,1.5,1.5,2.0,1.0,oncoming,40,-5,True,3.5,5.0,10,4.0,-60.00000000000001,-63.0,68.0,True,8.333333333333334,33.333333333333336,13.333333333333334,True,7.5,8.333333333333334,17.833333333333336,18.833333333333336,SIM-03,sim03_encounters-000174,ASSUMED_SENSITIVITY,SENSITIVITY_RESULT
reference,20,5,18.0,1.5,1.5,2.0,1.0,stationary,40,0,True,4.0,20.0,5,8.0,4.166666666666666,1.1666666666666643,18.833333333333336,False,8.833333333333334,35.833333333333336,13.833333333333334,False,7.5,8.333333333333334,17.833333333333336,18.833333333333336,SIM-03,sim03_encounters-000175,ASSUMED_SENSITIVITY,SENSITIVITY_RESULT
reference,20,5,18.0,1.5,1.5,2.0,1.0,slower_lead,40,2.5,True,8.0,20.0,2.5,16.0,14.166666666666666,11.166666666666666,8.833333333333334,False,12.833333333333334,55.833333333333336,17.833333333333336,False,7.5,8.333333333333334,17.833333333333336,18.833333333333336,SIM-03,sim03_encounters-000176,ASSUMED_SENSITIVITY,SENSITIVITY_RESULT
reference,20,5,18.0,1.5,1.5,2.0,1.0,oncoming,40,-5,True,2.0,20.0,10,4.0,-45.00000000000001,-48.0,68.0,True,6.833333333333334,25.833333333333336,11.833333333333334,True,7.5,8.333333333333334,17.833333333333336,18.833333333333336,SIM-03,sim03_encounters-000177,ASSUMED_SENSITIVITY,SENSITIVITY_RESULT
reference,50,5,18.0,1.5,1.5,2.0,1.0,stationary,40,0,True,0.0,40.0,5,8.0,24.166666666666664,21.166666666666664,18.833333333333336,False,4.833333333333334,15.833333333333334,9.833333333333334,False,7.5,8.333333333333334,17.833333333333336,18.833333333333336,SIM-03,sim03_encounters-000178,ASSUMED_SENSITIVITY,SENSITIVITY_RESULT
reference,50,5,18.0,1.5,1.5,2.0,1.0,slower_lead,40,2.5,True,0.0,40.0,2.5,16.0,34.16666666666667,31.166666666666664,8.833333333333334,False,4.833333333333334,15.833333333333334,9.833333333333334,False,7.5,8.333333333333334,17.833333333333336,18.833333333333336,SIM-03,sim03_encounters-000179,ASSUMED_SENSITIVITY,SENSITIVITY_RESULT
reference,50,5,18.0,1.5,1.5,2.0,1.0,oncoming,40,-5,True,0.0,40.0,10,4.0,-25.000000000000007,-28.0,68.0,True,4.833333333333334,15.833333333333334,9.833333333333334,True,7.5,8.333333333333334,17.833333333333336,18.833333333333336,SIM-03,sim03_encounters-000180,ASSUMED_SENSITIVITY,SENSITIVITY_RESULT
reference,5,10,36.0,1.5,1.5,2.0,1.0,stationary,40,0,True,3.5,5.0,10,4.0,-43.333333333333336,-46.333333333333336,51.333333333333336,True,11.666666666666668,83.33333333333334,16.666666666666668,False,15.0,33.333333333333336,50.333333333333336,51.333333333333336,SIM-03,sim03_encounters-000181,ASSUMED_SENSITIVITY,SENSITIVITY_RESULT
reference,5,10,36.0,1.5,1.5,2.0,1.0,slower_lead,40,5.0,True,7.0,5.0,5.0,8.0,-10.833333333333336,-13.833333333333336,18.833333333333336,True,15.166666666666668,118.33333333333334,20.166666666666668,False,15.0,33.333333333333336,50.333333333333336,51.333333333333336,SIM-03,sim03_encounters-000182,ASSUMED_SENSITIVITY,SENSITIVITY_RESULT
reference,5,10,36.0,1.5,1.5,2.0,1.0,oncoming,40,-10,True,1.75,5.0,20,2.0,-175.00000000000003,-178.00000000000003,183.00000000000003,True,9.916666666666668,65.83333333333334,14.916666666666668,True,15.0,33.333333333333336,50.333333333333336,51.333333333333336,SIM-03,sim03_encounters-000183,ASSUMED_SENSITIVITY,SENSITIVITY_RESULT
reference,20,10,36.0,1.5,1.5,2.0,1.0,stationary,40,0,True,2.0,20.0,10,4.0,-28.333333333333336,-31.333333333333336,51.333333333333336,True,10.166666666666668,68.33333333333334,15.166666666666668,False,15.0,33.333333333333336,50.333333333333336,51.333333333333336,SIM-03,sim03_encounters-000184,ASSUMED_SENSITIVITY,SENSITIVITY_RESULT
reference,20,10,36.0,1.5,1.5,2.0,1.0,slower_lead,40,5.0,True,4.0,20.0,5.0,8.0,4.166666666666664,1.1666666666666643,18.833333333333336,False,12.166666666666668,88.33333333333334,17.166666666666668,False,15.0,33.333333333333336,50.333333333333336,51.333333333333336,SIM-03,sim03_encounters-000185,ASSUMED_SENSITIVITY,SENSITIVITY_RESULT
reference,20,10,36.0,1.5,1.5,2.0,1.0,oncoming,40,-10,True,1.0,20.0,20,2.0,-160.00000000000003,-163.00000000000003,183.00000000000003,True,9.166666666666668,58.333333333333336,14.166666666666668,True,15.0,33.333333333333336,50.333333333333336,51.333333333333336,SIM-03,sim03_encounters-000186,ASSUMED_SENSITIVITY,SENSITIVITY_RESULT
reference,50,10,36.0,1.5,1.5,2.0,1.0,stationary,40,0,True,0.0,40.0,10,4.0,-8.333333333333336,-11.333333333333336,51.333333333333336,True,8.166666666666668,48.333333333333336,13.166666666666668,False,15.0,33.333333333333336,50.333333333333336,51.333333333333336,SIM-03,sim03_encounters-000187,ASSUMED_SENSITIVITY,SENSITIVITY_RESULT
reference,50,10,36.0,1.5,1.5,2.0,1.0,slower_lead,40,5.0,True,0.0,40.0,5.0,8.0,24.166666666666664,21.166666666666664,18.833333333333336,False,8.166666666666668,48.333333333333336,13.166666666666668,False,15.0,33.333333333333336,50.333333333333336,51.333333333333336,SIM-03,sim03_encounters-000188,ASSUMED_SENSITIVITY,SENSITIVITY_RESULT
reference,50,10,36.0,1.5,1.5,2.0,1.0,oncoming,40,-10,True,0.0,40.0,20,2.0,-140.00000000000003,-143.00000000000003,183.00000000000003,True,8.166666666666668,48.333333333333336,13.166666666666668,True,15.0,33.333333333333336,50.333333333333336,51.333333333333336,SIM-03,sim03_encounters-000189,ASSUMED_SENSITIVITY,SENSITIVITY_RESULT
reference,5,2,7.2,1.5,1.5,2.0,1.0,stationary,80,0,True,37.5,5.0,2,40.0,0.666666666666667,-2.333333333333333,7.333333333333333,False,40.333333333333336,79.33333333333333,45.333333333333336,False,3.0,1.3333333333333333,6.333333333333333,7.333333333333333,SIM-03,sim03_encounters-000190,ASSUMED_SENSITIVITY,SENSITIVITY_RESULT
reference,5,2,7.2,1.5,1.5,2.0,1.0,slower_lead,80,1.0,True,75.0,5.0,1.0,80.0,3.166666666666666,0.16666666666666607,4.833333333333334,False,77.83333333333333,154.33333333333334,82.83333333333333,False,3.0,1.3333333333333333,6.333333333333333,7.333333333333333,SIM-03,sim03_encounters-000191,ASSUMED_SENSITIVITY,SENSITIVITY_RESULT
reference,5,2,7.2,1.5,1.5,2.0,1.0,oncoming,80,-2,True,18.75,5.0,4,20.0,-15.0,-18.0,23.0,True,21.583333333333332,41.833333333333336,26.583333333333332,True,3.0,1.3333333333333333,6.333333333333333,7.333333333333333,SIM-03,sim03_encounters-000192,ASSUMED_SENSITIVITY,SENSITIVITY_RESULT
reference,20,2,7.2,1.5,1.5,2.0,1.0,stationary,80,0,True,30.0,20.0,2,40.0,15.666666666666668,12.666666666666668,7.333333333333333,False,32.833333333333336,64.33333333333333,37.833333333333336,False,3.0,1.3333333333333333,6.333333333333333,7.333333333333333,SIM-03,sim03_encounters-000193,ASSUMED_SENSITIVITY,SENSITIVITY_RESULT
reference,20,2,7.2,1.5,1.5,2.0,1.0,slower_lead,80,1.0,True,60.0,20.0,1.0,80.0,18.166666666666668,15.166666666666666,4.833333333333334,False,62.833333333333336,124.33333333333333,67.83333333333333,False,3.0,1.3333333333333333,6.333333333333333,7.333333333333333,SIM-03,sim03_encounters-000194,ASSUMED_SENSITIVITY,SENSITIVITY_RESULT
reference,20,2,7.2,1.5,1.5,2.0,1.0,oncoming,80,-2,True,15.0,20.0,4,20.0,8.881784197001252e-16,-3.0,23.0,False,17.833333333333332,34.333333333333336,22.833333333333332,True,3.0,1.3333333333333333,6.333333333333333,7.333333333333333,SIM-03,sim03_encounters-000195,ASSUMED_SENSITIVITY,SENSITIVITY_RESULT
reference,50,2,7.2,1.5,1.5,2.0,1.0,stationary,80,0,True,15.0,50.0,2,40.0,45.666666666666664,42.666666666666664,7.333333333333333,False,17.833333333333332,34.333333333333336,22.833333333333332,False,3.0,1.3333333333333333,6.333333333333333,7.333333333333333,SIM-03,sim03_encounters-000196,ASSUMED_SENSITIVITY,SENSITIVITY_RESULT
reference,50,2,7.2,1.5,1.5,2.0,1.0,slower_lead,80,1.0,True,30.0,50.0,1.0,80.0,48.166666666666664,45.166666666666664,4.833333333333334,False,32.833333333333336,64.33333333333333,37.833333333333336,False,3.0,1.3333333333333333,6.333333333333333,7.333333333333333,SIM-03,sim03_encounters-000197,ASSUMED_SENSITIVITY,SENSITIVITY_RESULT
reference,50,2,7.2,1.5,1.5,2.0,1.0,oncoming,80,-2,True,7.5,50.0,4,20.0,30.000000000000004,27.0,23.0,False,10.333333333333332,19.333333333333332,15.333333333333332,True,3.0,1.3333333333333333,6.333333333333333,7.333333333333333,SIM-03,sim03_encounters-000198,ASSUMED_SENSITIVITY,SENSITIVITY_RESULT
reference,5,5,18.0,1.5,1.5,2.0,1.0,stationary,80,0,True,15.0,5.0,5,16.0,-10.833333333333334,-13.833333333333336,18.833333333333336,True,19.833333333333336,90.83333333333333,24.833333333333336,False,7.5,8.333333333333334,17.833333333333336,18.833333333333336,SIM-03,sim03_encounters-000199,ASSUMED_SENSITIVITY,SENSITIVITY_RESULT
reference,5,5,18.0,1.5,1.5,2.0,1.0,slower_lead,80,2.5,True,30.0,5.0,2.5,32.0,-0.8333333333333339,-3.833333333333334,8.833333333333334,True,34.833333333333336,165.83333333333334,39.833333333333336,False,7.5,8.333333333333334,17.833333333333336,18.833333333333336,SIM-03,sim03_encounters-000200,ASSUMED_SENSITIVITY,SENSITIVITY_RESULT
reference,5,5,18.0,1.5,1.5,2.0,1.0,oncoming,80,-5,True,7.5,5.0,10,8.0,-60.00000000000001,-63.0,68.0,True,12.333333333333334,53.333333333333336,17.333333333333336,True,7.5,8.333333333333334,17.833333333333336,18.833333333333336,SIM-03,sim03_encounters-000201,ASSUMED_SENSITIVITY,SENSITIVITY_RESULT
reference,20,5,18.0,1.5,1.5,2.0,1.0,stationary,80,0,True,12.0,20.0,5,16.0,4.166666666666666,1.1666666666666643,18.833333333333336,False,16.833333333333336,75.83333333333333,21.833333333333336,False,7.5,8.333333333333334,17.833333333333336,18.833333333333336,SIM-03,sim03_encounters-000202,ASSUMED_SENSITIVITY,SENSITIVITY_RESULT
reference,20,5,18.0,1.5,1.5,2.0,1.0,slower_lead,80,2.5,True,24.0,20.0,2.5,32.0,14.166666666666666,11.166666666666666,8.833333333333334,False,28.833333333333336,135.83333333333334,33.833333333333336,False,7.5,8.333333333333334,17.833333333333336,18.833333333333336,SIM-03,sim03_encounters-000203,ASSUMED_SENSITIVITY,SENSITIVITY_RESULT
reference,20,5,18.0,1.5,1.5,2.0,1.0,oncoming,80,-5,True,6.0,20.0,10,8.0,-45.00000000000001,-48.0,68.0,True,10.833333333333334,45.833333333333336,15.833333333333334,True,7.5,8.333333333333334,17.833333333333336,18.833333333333336,SIM-03,sim03_encounters-000204,ASSUMED_SENSITIVITY,SENSITIVITY_RESULT
reference,50,5,18.0,1.5,1.5,2.0,1.0,stationary,80,0,True,6.0,50.0,5,16.0,34.166666666666664,31.166666666666664,18.833333333333336,False,10.833333333333334,45.833333333333336,15.833333333333334,False,7.5,8.333333333333334,17.833333333333336,18.833333333333336,SIM-03,sim03_encounters-000205,ASSUMED_SENSITIVITY,SENSITIVITY_RESULT
reference,50,5,18.0,1.5,1.5,2.0,1.0,slower_lead,80,2.5,True,12.0,50.0,2.5,32.0,44.16666666666667,41.166666666666664,8.833333333333334,False,16.833333333333336,75.83333333333333,21.833333333333336,False,7.5,8.333333333333334,17.833333333333336,18.833333333333336,SIM-03,sim03_encounters-000206,ASSUMED_SENSITIVITY,SENSITIVITY_RESULT
reference,50,5,18.0,1.5,1.5,2.0,1.0,oncoming,80,-5,True,3.0,50.0,10,8.0,-15.000000000000005,-18.0,68.0,True,7.833333333333334,30.833333333333336,12.833333333333334,True,7.5,8.333333333333334,17.833333333333336,18.833333333333336,SIM-03,sim03_encounters-000207,ASSUMED_SENSITIVITY,SENSITIVITY_RESULT
reference,5,10,36.0,1.5,1.5,2.0,1.0,stationary,80,0,True,7.5,5.0,10,8.0,-43.333333333333336,-46.333333333333336,51.333333333333336,True,15.666666666666668,123.33333333333334,20.666666666666668,False,15.0,33.333333333333336,50.333333333333336,51.333333333333336,SIM-03,sim03_encounters-000208,ASSUMED_SENSITIVITY,SENSITIVITY_RESULT
reference,5,10,36.0,1.5,1.5,2.0,1.0,slower_lead,80,5.0,True,15.0,5.0,5.0,16.0,-10.833333333333336,-13.833333333333336,18.833333333333336,True,23.166666666666668,198.33333333333334,28.166666666666668,False,15.0,33.333333333333336,50.333333333333336,51.333333333333336,SIM-03,sim03_encounters-000209,ASSUMED_SENSITIVITY,SENSITIVITY_RESULT
reference,5,10,36.0,1.5,1.5,2.0,1.0,oncoming,80,-10,True,3.75,5.0,20,4.0,-175.00000000000003,-178.00000000000003,183.00000000000003,True,11.916666666666668,85.83333333333334,16.916666666666668,True,15.0,33.333333333333336,50.333333333333336,51.333333333333336,SIM-03,sim03_encounters-000210,ASSUMED_SENSITIVITY,SENSITIVITY_RESULT
reference,20,10,36.0,1.5,1.5,2.0,1.0,stationary,80,0,True,6.0,20.0,10,8.0,-28.333333333333336,-31.333333333333336,51.333333333333336,True,14.166666666666668,108.33333333333334,19.166666666666668,False,15.0,33.333333333333336,50.333333333333336,51.333333333333336,SIM-03,sim03_encounters-000211,ASSUMED_SENSITIVITY,SENSITIVITY_RESULT
reference,20,10,36.0,1.5,1.5,2.0,1.0,slower_lead,80,5.0,True,12.0,20.0,5.0,16.0,4.166666666666664,1.1666666666666643,18.833333333333336,False,20.166666666666668,168.33333333333334,25.166666666666668,False,15.0,33.333333333333336,50.333333333333336,51.333333333333336,SIM-03,sim03_encounters-000212,ASSUMED_SENSITIVITY,SENSITIVITY_RESULT
reference,20,10,36.0,1.5,1.5,2.0,1.0,oncoming,80,-10,True,3.0,20.0,20,4.0,-160.00000000000003,-163.00000000000003,183.00000000000003,True,11.166666666666668,78.33333333333334,16.166666666666668,True,15.0,33.333333333333336,50.333333333333336,51.333333333333336,SIM-03,sim03_encounters-000213,ASSUMED_SENSITIVITY,SENSITIVITY_RESULT
reference,50,10,36.0,1.5,1.5,2.0,1.0,stationary,80,0,True,3.0,50.0,10,8.0,1.6666666666666643,-1.3333333333333357,51.333333333333336,False,11.166666666666668,78.33333333333334,16.166666666666668,False,15.0,33.333333333333336,50.333333333333336,51.333333333333336,SIM-03,sim03_encounters-000214,ASSUMED_SENSITIVITY,SENSITIVITY_RESULT
reference,50,10,36.0,1.5,1.5,2.0,1.0,slower_lead,80,5.0,True,6.0,50.0,5.0,16.0,34.166666666666664,31.166666666666664,18.833333333333336,False,14.166666666666668,108.33333333333334,19.166666666666668,False,15.0,33.333333333333336,50.333333333333336,51.333333333333336,SIM-03,sim03_encounters-000215,ASSUMED_SENSITIVITY,SENSITIVITY_RESULT
reference,50,10,36.0,1.5,1.5,2.0,1.0,oncoming,80,-10,True,1.5,50.0,20,4.0,-130.00000000000003,-133.00000000000003,183.00000000000003,True,9.666666666666668,63.333333333333336,14.666666666666668,True,15.0,33.333333333333336,50.333333333333336,51.333333333333336,SIM-03,sim03_encounters-000216,ASSUMED_SENSITIVITY,SENSITIVITY_RESULT
adverse,5,2,7.2,2.5,0.5,5.0,5.0,stationary,5,0,True,0.0,5.0,2,2.5,-4.0,-14.0,19.0,True,6.5,9.0,11.5,False,5.0,4.0,14.0,19.0,SIM-03,sim03_encounters-000217,ASSUMED_SENSITIVITY,SENSITIVITY_RESULT
adverse,5,2,7.2,2.5,0.5,5.0,5.0,slower_lead,5,1.0,True,0.0,5.0,1.0,5.0,1.5,-8.5,13.5,False,6.5,9.0,11.5,False,5.0,4.0,14.0,19.0,SIM-03,sim03_encounters-000218,ASSUMED_SENSITIVITY,SENSITIVITY_RESULT
adverse,5,2,7.2,2.5,0.5,5.0,5.0,oncoming,5,-2,True,0.0,5.0,4,1.25,-27.0,-37.0,42.0,True,6.5,9.0,11.5,True,5.0,4.0,14.0,19.0,SIM-03,sim03_encounters-000219,ASSUMED_SENSITIVITY,SENSITIVITY_RESULT
adverse,20,2,7.2,2.5,0.5,5.0,5.0,stationary,5,0,True,0.0,5.0,2,2.5,-4.0,-14.0,19.0,True,6.5,9.0,11.5,False,5.0,4.0,14.0,19.0,SIM-03,sim03_encounters-000220,ASSUMED_SENSITIVITY,SENSITIVITY_RESULT
adverse,20,2,7.2,2.5,0.5,5.0,5.0,slower_lead,5,1.0,True,0.0,5.0,1.0,5.0,1.5,-8.5,13.5,False,6.5,9.0,11.5,False,5.0,4.0,14.0,19.0,SIM-03,sim03_encounters-000221,ASSUMED_SENSITIVITY,SENSITIVITY_RESULT
adverse,20,2,7.2,2.5,0.5,5.0,5.0,oncoming,5,-2,True,0.0,5.0,4,1.25,-27.0,-37.0,42.0,True,6.5,9.0,11.5,True,5.0,4.0,14.0,19.0,SIM-03,sim03_encounters-000222,ASSUMED_SENSITIVITY,SENSITIVITY_RESULT
adverse,50,2,7.2,2.5,0.5,5.0,5.0,stationary,5,0,True,0.0,5.0,2,2.5,-4.0,-14.0,19.0,True,6.5,9.0,11.5,False,5.0,4.0,14.0,19.0,SIM-03,sim03_encounters-000223,ASSUMED_SENSITIVITY,SENSITIVITY_RESULT
adverse,50,2,7.2,2.5,0.5,5.0,5.0,slower_lead,5,1.0,True,0.0,5.0,1.0,5.0,1.5,-8.5,13.5,False,6.5,9.0,11.5,False,5.0,4.0,14.0,19.0,SIM-03,sim03_encounters-000224,ASSUMED_SENSITIVITY,SENSITIVITY_RESULT
adverse,50,2,7.2,2.5,0.5,5.0,5.0,oncoming,5,-2,True,0.0,5.0,4,1.25,-27.0,-37.0,42.0,True,6.5,9.0,11.5,True,5.0,4.0,14.0,19.0,SIM-03,sim03_encounters-000225,ASSUMED_SENSITIVITY,SENSITIVITY_RESULT
adverse,5,5,18.0,2.5,0.5,5.0,5.0,stationary,5,0,True,0.0,5.0,5,1.0,-32.5,-42.5,47.5,True,12.5,37.5,17.5,False,12.5,25.0,42.5,47.5,SIM-03,sim03_encounters-000226,ASSUMED_SENSITIVITY,SENSITIVITY_RESULT
adverse,5,5,18.0,2.5,0.5,5.0,5.0,slower_lead,5,2.5,True,0.0,5.0,2.5,2.0,-7.5,-17.5,22.5,True,12.5,37.5,17.5,False,12.5,25.0,42.5,47.5,SIM-03,sim03_encounters-000227,ASSUMED_SENSITIVITY,SENSITIVITY_RESULT
adverse,5,5,18.0,2.5,0.5,5.0,5.0,oncoming,5,-5,True,0.0,5.0,10,0.5,-120.0,-130.0,135.0,True,12.5,37.5,17.5,True,12.5,25.0,42.5,47.5,SIM-03,sim03_encounters-000228,ASSUMED_SENSITIVITY,SENSITIVITY_RESULT
adverse,20,5,18.0,2.5,0.5,5.0,5.0,stationary,5,0,True,0.0,5.0,5,1.0,-32.5,-42.5,47.5,True,12.5,37.5,17.5,False,12.5,25.0,42.5,47.5,SIM-03,sim03_encounters-000229,ASSUMED_SENSITIVITY,SENSITIVITY_RESULT
adverse,20,5,18.0,2.5,0.5,5.0,5.0,slower_lead,5,2.5,True,0.0,5.0,2.5,2.0,-7.5,-17.5,22.5,True,12.5,37.5,17.5,False,12.5,25.0,42.5,47.5,SIM-03,sim03_encounters-000230,ASSUMED_SENSITIVITY,SENSITIVITY_RESULT
adverse,20,5,18.0,2.5,0.5,5.0,5.0,oncoming,5,-5,True,0.0,5.0,10,0.5,-120.0,-130.0,135.0,True,12.5,37.5,17.5,True,12.5,25.0,42.5,47.5,SIM-03,sim03_encounters-000231,ASSUMED_SENSITIVITY,SENSITIVITY_RESULT
adverse,50,5,18.0,2.5,0.5,5.0,5.0,stationary,5,0,True,0.0,5.0,5,1.0,-32.5,-42.5,47.5,True,12.5,37.5,17.5,False,12.5,25.0,42.5,47.5,SIM-03,sim03_encounters-000232,ASSUMED_SENSITIVITY,SENSITIVITY_RESULT
adverse,50,5,18.0,2.5,0.5,5.0,5.0,slower_lead,5,2.5,True,0.0,5.0,2.5,2.0,-7.5,-17.5,22.5,True,12.5,37.5,17.5,False,12.5,25.0,42.5,47.5,SIM-03,sim03_encounters-000233,ASSUMED_SENSITIVITY,SENSITIVITY_RESULT
adverse,50,5,18.0,2.5,0.5,5.0,5.0,oncoming,5,-5,True,0.0,5.0,10,0.5,-120.0,-130.0,135.0,True,12.5,37.5,17.5,True,12.5,25.0,42.5,47.5,SIM-03,sim03_encounters-000234,ASSUMED_SENSITIVITY,SENSITIVITY_RESULT
adverse,5,10,36.0,2.5,0.5,5.0,5.0,stationary,5,0,True,0.0,5.0,10,0.5,-120.0,-130.0,135.0,True,22.5,125.0,27.5,False,25.0,100.0,130.0,135.0,SIM-03,sim03_encounters-000235,ASSUMED_SENSITIVITY,SENSITIVITY_RESULT
adverse,5,10,36.0,2.5,0.5,5.0,5.0,slower_lead,5,5.0,True,0.0,5.0,5.0,1.0,-32.5,-42.5,47.5,True,22.5,125.0,27.5,False,25.0,100.0,130.0,135.0,SIM-03,sim03_encounters-000236,ASSUMED_SENSITIVITY,SENSITIVITY_RESULT
adverse,5,10,36.0,2.5,0.5,5.0,5.0,oncoming,5,-10,True,0.0,5.0,20,0.25,-395.0,-405.0,410.0,True,22.5,125.0,27.5,True,25.0,100.0,130.0,135.0,SIM-03,sim03_encounters-000237,ASSUMED_SENSITIVITY,SENSITIVITY_RESULT
adverse,20,10,36.0,2.5,0.5,5.0,5.0,stationary,5,0,True,0.0,5.0,10,0.5,-120.0,-130.0,135.0,True,22.5,125.0,27.5,False,25.0,100.0,130.0,135.0,SIM-03,sim03_encounters-000238,ASSUMED_SENSITIVITY,SENSITIVITY_RESULT
adverse,20,10,36.0,2.5,0.5,5.0,5.0,slower_lead,5,5.0,True,0.0,5.0,5.0,1.0,-32.5,-42.5,47.5,True,22.5,125.0,27.5,False,25.0,100.0,130.0,135.0,SIM-03,sim03_encounters-000239,ASSUMED_SENSITIVITY,SENSITIVITY_RESULT
adverse,20,10,36.0,2.5,0.5,5.0,5.0,oncoming,5,-10,True,0.0,5.0,20,0.25,-395.0,-405.0,410.0,True,22.5,125.0,27.5,True,25.0,100.0,130.0,135.0,SIM-03,sim03_encounters-000240,ASSUMED_SENSITIVITY,SENSITIVITY_RESULT
adverse,50,10,36.0,2.5,0.5,5.0,5.0,stationary,5,0,True,0.0,5.0,10,0.5,-120.0,-130.0,135.0,True,22.5,125.0,27.5,False,25.0,100.0,130.0,135.0,SIM-03,sim03_encounters-000241,ASSUMED_SENSITIVITY,SENSITIVITY_RESULT
adverse,50,10,36.0,2.5,0.5,5.0,5.0,slower_lead,5,5.0,True,0.0,5.0,5.0,1.0,-32.5,-42.5,47.5,True,22.5,125.0,27.5,False,25.0,100.0,130.0,135.0,SIM-03,sim03_encounters-000242,ASSUMED_SENSITIVITY,SENSITIVITY_RESULT
adverse,50,10,36.0,2.5,0.5,5.0,5.0,oncoming,5,-10,True,0.0,5.0,20,0.25,-395.0,-405.0,410.0,True,22.5,125.0,27.5,True,25.0,100.0,130.0,135.0,SIM-03,sim03_encounters-000243,ASSUMED_SENSITIVITY,SENSITIVITY_RESULT
adverse,5,2,7.2,2.5,0.5,5.0,5.0,stationary,20,0,True,7.5,5.0,2,10.0,-4.0,-14.0,19.0,True,14.0,24.0,19.0,False,5.0,4.0,14.0,19.0,SIM-03,sim03_encounters-000244,ASSUMED_SENSITIVITY,SENSITIVITY_RESULT
adverse,5,2,7.2,2.5,0.5,5.0,5.0,slower_lead,20,1.0,True,15.0,5.0,1.0,20.0,1.5,-8.5,13.5,False,21.5,39.0,26.5,False,5.0,4.0,14.0,19.0,SIM-03,sim03_encounters-000245,ASSUMED_SENSITIVITY,SENSITIVITY_RESULT
adverse,5,2,7.2,2.5,0.5,5.0,5.0,oncoming,20,-2,True,3.75,5.0,4,5.0,-27.0,-37.0,42.0,True,10.25,16.5,15.25,True,5.0,4.0,14.0,19.0,SIM-03,sim03_encounters-000246,ASSUMED_SENSITIVITY,SENSITIVITY_RESULT
adverse,20,2,7.2,2.5,0.5,5.0,5.0,stationary,20,0,True,0.0,20.0,2,10.0,11.0,1.0,19.0,False,6.5,9.0,11.5,False,5.0,4.0,14.0,19.0,SIM-03,sim03_encounters-000247,ASSUMED_SENSITIVITY,SENSITIVITY_RESULT
adverse,20,2,7.2,2.5,0.5,5.0,5.0,slower_lead,20,1.0,True,0.0,20.0,1.0,20.0,16.5,6.5,13.5,False,6.5,9.0,11.5,False,5.0,4.0,14.0,19.0,SIM-03,sim03_encounters-000248,ASSUMED_SENSITIVITY,SENSITIVITY_RESULT
adverse,20,2,7.2,2.5,0.5,5.0,5.0,oncoming,20,-2,True,0.0,20.0,4,5.0,-12.0,-22.0,42.0,True,6.5,9.0,11.5,True,5.0,4.0,14.0,19.0,SIM-03,sim03_encounters-000249,ASSUMED_SENSITIVITY,SENSITIVITY_RESULT
adverse,50,2,7.2,2.5,0.5,5.0,5.0,stationary,20,0,True,0.0,20.0,2,10.0,11.0,1.0,19.0,False,6.5,9.0,11.5,False,5.0,4.0,14.0,19.0,SIM-03,sim03_encounters-000250,ASSUMED_SENSITIVITY,SENSITIVITY_RESULT
adverse,50,2,7.2,2.5,0.5,5.0,5.0,slower_lead,20,1.0,True,0.0,20.0,1.0,20.0,16.5,6.5,13.5,False,6.5,9.0,11.5,False,5.0,4.0,14.0,19.0,SIM-03,sim03_encounters-000251,ASSUMED_SENSITIVITY,SENSITIVITY_RESULT
adverse,50,2,7.2,2.5,0.5,5.0,5.0,oncoming,20,-2,True,0.0,20.0,4,5.0,-12.0,-22.0,42.0,True,6.5,9.0,11.5,True,5.0,4.0,14.0,19.0,SIM-03,sim03_encounters-000252,ASSUMED_SENSITIVITY,SENSITIVITY_RESULT
adverse,5,5,18.0,2.5,0.5,5.0,5.0,stationary,20,0,True,3.0,5.0,5,4.0,-32.5,-42.5,47.5,True,15.5,52.5,20.5,False,12.5,25.0,42.5,47.5,SIM-03,sim03_encounters-000253,ASSUMED_SENSITIVITY,SENSITIVITY_RESULT
adverse,5,5,18.0,2.5,0.5,5.0,5.0,slower_lead,20,2.5,True,6.0,5.0,2.5,8.0,-7.5,-17.5,22.5,True,18.5,67.5,23.5,False,12.5,25.0,42.5,47.5,SIM-03,sim03_encounters-000254,ASSUMED_SENSITIVITY,SENSITIVITY_RESULT
adverse,5,5,18.0,2.5,0.5,5.0,5.0,oncoming,20,-5,True,1.5,5.0,10,2.0,-120.0,-130.0,135.0,True,14.0,45.0,19.0,True,12.5,25.0,42.5,47.5,SIM-03,sim03_encounters-000255,ASSUMED_SENSITIVITY,SENSITIVITY_RESULT
adverse,20,5,18.0,2.5,0.5,5.0,5.0,stationary,20,0,True,0.0,20.0,5,4.0,-17.5,-27.5,47.5,True,12.5,37.5,17.5,False,12.5,25.0,42.5,47.5,SIM-03,sim03_encounters-000256,ASSUMED_SENSITIVITY,SENSITIVITY_RESULT
adverse,20,5,18.0,2.5,0.5,5.0,5.0,slower_lead,20,2.5,True,0.0,20.0,2.5,8.0,7.5,-2.5,22.5,False,12.5,37.5,17.5,False,12.5,25.0,42.5,47.5,SIM-03,sim03_encounters-000257,ASSUMED_SENSITIVITY,SENSITIVITY_RESULT
adverse,20,5,18.0,2.5,0.5,5.0,5.0,oncoming,20,-5,True,0.0,20.0,10,2.0,-105.0,-115.0,135.0,True,12.5,37.5,17.5,True,12.5,25.0,42.5,47.5,SIM-03,sim03_encounters-000258,ASSUMED_SENSITIVITY,SENSITIVITY_RESULT
adverse,50,5,18.0,2.5,0.5,5.0,5.0,stationary,20,0,True,0.0,20.0,5,4.0,-17.5,-27.5,47.5,True,12.5,37.5,17.5,False,12.5,25.0,42.5,47.5,SIM-03,sim03_encounters-000259,ASSUMED_SENSITIVITY,SENSITIVITY_RESULT
adverse,50,5,18.0,2.5,0.5,5.0,5.0,slower_lead,20,2.5,True,0.0,20.0,2.5,8.0,7.5,-2.5,22.5,False,12.5,37.5,17.5,False,12.5,25.0,42.5,47.5,SIM-03,sim03_encounters-000260,ASSUMED_SENSITIVITY,SENSITIVITY_RESULT
adverse,50,5,18.0,2.5,0.5,5.0,5.0,oncoming,20,-5,True,0.0,20.0,10,2.0,-105.0,-115.0,135.0,True,12.5,37.5,17.5,True,12.5,25.0,42.5,47.5,SIM-03,sim03_encounters-000261,ASSUMED_SENSITIVITY,SENSITIVITY_RESULT
adverse,5,10,36.0,2.5,0.5,5.0,5.0,stationary,20,0,True,1.5,5.0,10,2.0,-120.0,-130.0,135.0,True,24.0,140.0,29.0,False,25.0,100.0,130.0,135.0,SIM-03,sim03_encounters-000262,ASSUMED_SENSITIVITY,SENSITIVITY_RESULT
adverse,5,10,36.0,2.5,0.5,5.0,5.0,slower_lead,20,5.0,True,3.0,5.0,5.0,4.0,-32.5,-42.5,47.5,True,25.5,155.0,30.5,False,25.0,100.0,130.0,135.0,SIM-03,sim03_encounters-000263,ASSUMED_SENSITIVITY,SENSITIVITY_RESULT
adverse,5,10,36.0,2.5,0.5,5.0,5.0,oncoming,20,-10,True,0.75,5.0,20,1.0,-395.0,-405.0,410.0,True,23.25,132.5,28.25,True,25.0,100.0,130.0,135.0,SIM-03,sim03_encounters-000264,ASSUMED_SENSITIVITY,SENSITIVITY_RESULT
adverse,20,10,36.0,2.5,0.5,5.0,5.0,stationary,20,0,True,0.0,20.0,10,2.0,-105.0,-115.0,135.0,True,22.5,125.0,27.5,False,25.0,100.0,130.0,135.0,SIM-03,sim03_encounters-000265,ASSUMED_SENSITIVITY,SENSITIVITY_RESULT
adverse,20,10,36.0,2.5,0.5,5.0,5.0,slower_lead,20,5.0,True,0.0,20.0,5.0,4.0,-17.5,-27.5,47.5,True,22.5,125.0,27.5,False,25.0,100.0,130.0,135.0,SIM-03,sim03_encounters-000266,ASSUMED_SENSITIVITY,SENSITIVITY_RESULT
adverse,20,10,36.0,2.5,0.5,5.0,5.0,oncoming,20,-10,True,0.0,20.0,20,1.0,-380.0,-390.0,410.0,True,22.5,125.0,27.5,True,25.0,100.0,130.0,135.0,SIM-03,sim03_encounters-000267,ASSUMED_SENSITIVITY,SENSITIVITY_RESULT
adverse,50,10,36.0,2.5,0.5,5.0,5.0,stationary,20,0,True,0.0,20.0,10,2.0,-105.0,-115.0,135.0,True,22.5,125.0,27.5,False,25.0,100.0,130.0,135.0,SIM-03,sim03_encounters-000268,ASSUMED_SENSITIVITY,SENSITIVITY_RESULT
adverse,50,10,36.0,2.5,0.5,5.0,5.0,slower_lead,20,5.0,True,0.0,20.0,5.0,4.0,-17.5,-27.5,47.5,True,22.5,125.0,27.5,False,25.0,100.0,130.0,135.0,SIM-03,sim03_encounters-000269,ASSUMED_SENSITIVITY,SENSITIVITY_RESULT
adverse,50,10,36.0,2.5,0.5,5.0,5.0,oncoming,20,-10,True,0.0,20.0,20,1.0,-380.0,-390.0,410.0,True,22.5,125.0,27.5,True,25.0,100.0,130.0,135.0,SIM-03,sim03_encounters-000270,ASSUMED_SENSITIVITY,SENSITIVITY_RESULT
adverse,5,2,7.2,2.5,0.5,5.0,5.0,stationary,40,0,True,17.5,5.0,2,20.0,-4.0,-14.0,19.0,True,24.0,44.0,29.0,False,5.0,4.0,14.0,19.0,SIM-03,sim03_encounters-000271,ASSUMED_SENSITIVITY,SENSITIVITY_RESULT
adverse,5,2,7.2,2.5,0.5,5.0,5.0,slower_lead,40,1.0,True,35.0,5.0,1.0,40.0,1.5,-8.5,13.5,False,41.5,79.0,46.5,False,5.0,4.0,14.0,19.0,SIM-03,sim03_encounters-000272,ASSUMED_SENSITIVITY,SENSITIVITY_RESULT
adverse,5,2,7.2,2.5,0.5,5.0,5.0,oncoming,40,-2,True,8.75,5.0,4,10.0,-27.0,-37.0,42.0,True,15.25,26.5,20.25,True,5.0,4.0,14.0,19.0,SIM-03,sim03_encounters-000273,ASSUMED_SENSITIVITY,SENSITIVITY_RESULT
adverse,20,2,7.2,2.5,0.5,5.0,5.0,stationary,40,0,True,10.0,20.0,2,20.0,11.0,1.0,19.0,False,16.5,29.0,21.5,False,5.0,4.0,14.0,19.0,SIM-03,sim03_encounters-000274,ASSUMED_SENSITIVITY,SENSITIVITY_RESULT
adverse,20,2,7.2,2.5,0.5,5.0,5.0,slower_lead,40,1.0,True,20.0,20.0,1.0,40.0,16.5,6.5,13.5,False,26.5,49.0,31.5,False,5.0,4.0,14.0,19.0,SIM-03,sim03_encounters-000275,ASSUMED_SENSITIVITY,SENSITIVITY_RESULT
adverse,20,2,7.2,2.5,0.5,5.0,5.0,oncoming,40,-2,True,5.0,20.0,4,10.0,-12.0,-22.0,42.0,True,11.5,19.0,16.5,True,5.0,4.0,14.0,19.0,SIM-03,sim03_encounters-000276,ASSUMED_SENSITIVITY,SENSITIVITY_RESULT
adverse,50,2,7.2,2.5,0.5,5.0,5.0,stationary,40,0,True,0.0,40.0,2,20.0,31.0,21.0,19.0,False,6.5,9.0,11.5,False,5.0,4.0,14.0,19.0,SIM-03,sim03_encounters-000277,ASSUMED_SENSITIVITY,SENSITIVITY_RESULT
adverse,50,2,7.2,2.5,0.5,5.0,5.0,slower_lead,40,1.0,True,0.0,40.0,1.0,40.0,36.5,26.5,13.5,False,6.5,9.0,11.5,False,5.0,4.0,14.0,19.0,SIM-03,sim03_encounters-000278,ASSUMED_SENSITIVITY,SENSITIVITY_RESULT
adverse,50,2,7.2,2.5,0.5,5.0,5.0,oncoming,40,-2,True,0.0,40.0,4,10.0,8.0,-2.0,42.0,False,6.5,9.0,11.5,True,5.0,4.0,14.0,19.0,SIM-03,sim03_encounters-000279,ASSUMED_SENSITIVITY,SENSITIVITY_RESULT
adverse,5,5,18.0,2.5,0.5,5.0,5.0,stationary,40,0,True,7.0,5.0,5,8.0,-32.5,-42.5,47.5,True,19.5,72.5,24.5,False,12.5,25.0,42.5,47.5,SIM-03,sim03_encounters-000280,ASSUMED_SENSITIVITY,SENSITIVITY_RESULT
adverse,5,5,18.0,2.5,0.5,5.0,5.0,slower_lead,40,2.5,True,14.0,5.0,2.5,16.0,-7.5,-17.5,22.5,True,26.5,107.5,31.5,False,12.5,25.0,42.5,47.5,SIM-03,sim03_encounters-000281,ASSUMED_SENSITIVITY,SENSITIVITY_RESULT
adverse,5,5,18.0,2.5,0.5,5.0,5.0,oncoming,40,-5,True,3.5,5.0,10,4.0,-120.0,-130.0,135.0,True,16.0,55.0,21.0,True,12.5,25.0,42.5,47.5,SIM-03,sim03_encounters-000282,ASSUMED_SENSITIVITY,SENSITIVITY_RESULT
adverse,20,5,18.0,2.5,0.5,5.0,5.0,stationary,40,0,True,4.0,20.0,5,8.0,-17.5,-27.5,47.5,True,16.5,57.5,21.5,False,12.5,25.0,42.5,47.5,SIM-03,sim03_encounters-000283,ASSUMED_SENSITIVITY,SENSITIVITY_RESULT
adverse,20,5,18.0,2.5,0.5,5.0,5.0,slower_lead,40,2.5,True,8.0,20.0,2.5,16.0,7.5,-2.5,22.5,False,20.5,77.5,25.5,False,12.5,25.0,42.5,47.5,SIM-03,sim03_encounters-000284,ASSUMED_SENSITIVITY,SENSITIVITY_RESULT
adverse,20,5,18.0,2.5,0.5,5.0,5.0,oncoming,40,-5,True,2.0,20.0,10,4.0,-105.0,-115.0,135.0,True,14.5,47.5,19.5,True,12.5,25.0,42.5,47.5,SIM-03,sim03_encounters-000285,ASSUMED_SENSITIVITY,SENSITIVITY_RESULT
adverse,50,5,18.0,2.5,0.5,5.0,5.0,stationary,40,0,True,0.0,40.0,5,8.0,2.5,-7.5,47.5,False,12.5,37.5,17.5,False,12.5,25.0,42.5,47.5,SIM-03,sim03_encounters-000286,ASSUMED_SENSITIVITY,SENSITIVITY_RESULT
adverse,50,5,18.0,2.5,0.5,5.0,5.0,slower_lead,40,2.5,True,0.0,40.0,2.5,16.0,27.5,17.5,22.5,False,12.5,37.5,17.5,False,12.5,25.0,42.5,47.5,SIM-03,sim03_encounters-000287,ASSUMED_SENSITIVITY,SENSITIVITY_RESULT
adverse,50,5,18.0,2.5,0.5,5.0,5.0,oncoming,40,-5,True,0.0,40.0,10,4.0,-85.0,-95.0,135.0,True,12.5,37.5,17.5,True,12.5,25.0,42.5,47.5,SIM-03,sim03_encounters-000288,ASSUMED_SENSITIVITY,SENSITIVITY_RESULT
adverse,5,10,36.0,2.5,0.5,5.0,5.0,stationary,40,0,True,3.5,5.0,10,4.0,-120.0,-130.0,135.0,True,26.0,160.0,31.0,False,25.0,100.0,130.0,135.0,SIM-03,sim03_encounters-000289,ASSUMED_SENSITIVITY,SENSITIVITY_RESULT
adverse,5,10,36.0,2.5,0.5,5.0,5.0,slower_lead,40,5.0,True,7.0,5.0,5.0,8.0,-32.5,-42.5,47.5,True,29.5,195.0,34.5,False,25.0,100.0,130.0,135.0,SIM-03,sim03_encounters-000290,ASSUMED_SENSITIVITY,SENSITIVITY_RESULT
adverse,5,10,36.0,2.5,0.5,5.0,5.0,oncoming,40,-10,True,1.75,5.0,20,2.0,-395.0,-405.0,410.0,True,24.25,142.5,29.25,True,25.0,100.0,130.0,135.0,SIM-03,sim03_encounters-000291,ASSUMED_SENSITIVITY,SENSITIVITY_RESULT
adverse,20,10,36.0,2.5,0.5,5.0,5.0,stationary,40,0,True,2.0,20.0,10,4.0,-105.0,-115.0,135.0,True,24.5,145.0,29.5,False,25.0,100.0,130.0,135.0,SIM-03,sim03_encounters-000292,ASSUMED_SENSITIVITY,SENSITIVITY_RESULT
adverse,20,10,36.0,2.5,0.5,5.0,5.0,slower_lead,40,5.0,True,4.0,20.0,5.0,8.0,-17.5,-27.5,47.5,True,26.5,165.0,31.5,False,25.0,100.0,130.0,135.0,SIM-03,sim03_encounters-000293,ASSUMED_SENSITIVITY,SENSITIVITY_RESULT
adverse,20,10,36.0,2.5,0.5,5.0,5.0,oncoming,40,-10,True,1.0,20.0,20,2.0,-380.0,-390.0,410.0,True,23.5,135.0,28.5,True,25.0,100.0,130.0,135.0,SIM-03,sim03_encounters-000294,ASSUMED_SENSITIVITY,SENSITIVITY_RESULT
adverse,50,10,36.0,2.5,0.5,5.0,5.0,stationary,40,0,True,0.0,40.0,10,4.0,-85.0,-95.0,135.0,True,22.5,125.0,27.5,False,25.0,100.0,130.0,135.0,SIM-03,sim03_encounters-000295,ASSUMED_SENSITIVITY,SENSITIVITY_RESULT
adverse,50,10,36.0,2.5,0.5,5.0,5.0,slower_lead,40,5.0,True,0.0,40.0,5.0,8.0,2.5,-7.5,47.5,False,22.5,125.0,27.5,False,25.0,100.0,130.0,135.0,SIM-03,sim03_encounters-000296,ASSUMED_SENSITIVITY,SENSITIVITY_RESULT
adverse,50,10,36.0,2.5,0.5,5.0,5.0,oncoming,40,-10,True,0.0,40.0,20,2.0,-360.0,-370.0,410.0,True,22.5,125.0,27.5,True,25.0,100.0,130.0,135.0,SIM-03,sim03_encounters-000297,ASSUMED_SENSITIVITY,SENSITIVITY_RESULT
adverse,5,2,7.2,2.5,0.5,5.0,5.0,stationary,80,0,True,37.5,5.0,2,40.0,-4.0,-14.0,19.0,True,44.0,84.0,49.0,False,5.0,4.0,14.0,19.0,SIM-03,sim03_encounters-000298,ASSUMED_SENSITIVITY,SENSITIVITY_RESULT
adverse,5,2,7.2,2.5,0.5,5.0,5.0,slower_lead,80,1.0,True,75.0,5.0,1.0,80.0,1.5,-8.5,13.5,False,81.5,159.0,86.5,False,5.0,4.0,14.0,19.0,SIM-03,sim03_encounters-000299,ASSUMED_SENSITIVITY,SENSITIVITY_RESULT
adverse,5,2,7.2,2.5,0.5,5.0,5.0,oncoming,80,-2,True,18.75,5.0,4,20.0,-27.0,-37.0,42.0,True,25.25,46.5,30.25,True,5.0,4.0,14.0,19.0,SIM-03,sim03_encounters-000300,ASSUMED_SENSITIVITY,SENSITIVITY_RESULT
adverse,20,2,7.2,2.5,0.5,5.0,5.0,stationary,80,0,True,30.0,20.0,2,40.0,11.0,1.0,19.0,False,36.5,69.0,41.5,False,5.0,4.0,14.0,19.0,SIM-03,sim03_encounters-000301,ASSUMED_SENSITIVITY,SENSITIVITY_RESULT
adverse,20,2,7.2,2.5,0.5,5.0,5.0,slower_lead,80,1.0,True,60.0,20.0,1.0,80.0,16.5,6.5,13.5,False,66.5,129.0,71.5,False,5.0,4.0,14.0,19.0,SIM-03,sim03_encounters-000302,ASSUMED_SENSITIVITY,SENSITIVITY_RESULT
adverse,20,2,7.2,2.5,0.5,5.0,5.0,oncoming,80,-2,True,15.0,20.0,4,20.0,-12.0,-22.0,42.0,True,21.5,39.0,26.5,True,5.0,4.0,14.0,19.0,SIM-03,sim03_encounters-000303,ASSUMED_SENSITIVITY,SENSITIVITY_RESULT
adverse,50,2,7.2,2.5,0.5,5.0,5.0,stationary,80,0,True,15.0,50.0,2,40.0,41.0,31.0,19.0,False,21.5,39.0,26.5,False,5.0,4.0,14.0,19.0,SIM-03,sim03_encounters-000304,ASSUMED_SENSITIVITY,SENSITIVITY_RESULT
adverse,50,2,7.2,2.5,0.5,5.0,5.0,slower_lead,80,1.0,True,30.0,50.0,1.0,80.0,46.5,36.5,13.5,False,36.5,69.0,41.5,False,5.0,4.0,14.0,19.0,SIM-03,sim03_encounters-000305,ASSUMED_SENSITIVITY,SENSITIVITY_RESULT
adverse,50,2,7.2,2.5,0.5,5.0,5.0,oncoming,80,-2,True,7.5,50.0,4,20.0,18.0,8.0,42.0,False,14.0,24.0,19.0,True,5.0,4.0,14.0,19.0,SIM-03,sim03_encounters-000306,ASSUMED_SENSITIVITY,SENSITIVITY_RESULT
adverse,5,5,18.0,2.5,0.5,5.0,5.0,stationary,80,0,True,15.0,5.0,5,16.0,-32.5,-42.5,47.5,True,27.5,112.5,32.5,False,12.5,25.0,42.5,47.5,SIM-03,sim03_encounters-000307,ASSUMED_SENSITIVITY,SENSITIVITY_RESULT
adverse,5,5,18.0,2.5,0.5,5.0,5.0,slower_lead,80,2.5,True,30.0,5.0,2.5,32.0,-7.5,-17.5,22.5,True,42.5,187.5,47.5,False,12.5,25.0,42.5,47.5,SIM-03,sim03_encounters-000308,ASSUMED_SENSITIVITY,SENSITIVITY_RESULT
adverse,5,5,18.0,2.5,0.5,5.0,5.0,oncoming,80,-5,True,7.5,5.0,10,8.0,-120.0,-130.0,135.0,True,20.0,75.0,25.0,True,12.5,25.0,42.5,47.5,SIM-03,sim03_encounters-000309,ASSUMED_SENSITIVITY,SENSITIVITY_RESULT
adverse,20,5,18.0,2.5,0.5,5.0,5.0,stationary,80,0,True,12.0,20.0,5,16.0,-17.5,-27.5,47.5,True,24.5,97.5,29.5,False,12.5,25.0,42.5,47.5,SIM-03,sim03_encounters-000310,ASSUMED_SENSITIVITY,SENSITIVITY_RESULT
adverse,20,5,18.0,2.5,0.5,5.0,5.0,slower_lead,80,2.5,True,24.0,20.0,2.5,32.0,7.5,-2.5,22.5,False,36.5,157.5,41.5,False,12.5,25.0,42.5,47.5,SIM-03,sim03_encounters-000311,ASSUMED_SENSITIVITY,SENSITIVITY_RESULT
adverse,20,5,18.0,2.5,0.5,5.0,5.0,oncoming,80,-5,True,6.0,20.0,10,8.0,-105.0,-115.0,135.0,True,18.5,67.5,23.5,True,12.5,25.0,42.5,47.5,SIM-03,sim03_encounters-000312,ASSUMED_SENSITIVITY,SENSITIVITY_RESULT
adverse,50,5,18.0,2.5,0.5,5.0,5.0,stationary,80,0,True,6.0,50.0,5,16.0,12.5,2.5,47.5,False,18.5,67.5,23.5,False,12.5,25.0,42.5,47.5,SIM-03,sim03_encounters-000313,ASSUMED_SENSITIVITY,SENSITIVITY_RESULT
adverse,50,5,18.0,2.5,0.5,5.0,5.0,slower_lead,80,2.5,True,12.0,50.0,2.5,32.0,37.5,27.5,22.5,False,24.5,97.5,29.5,False,12.5,25.0,42.5,47.5,SIM-03,sim03_encounters-000314,ASSUMED_SENSITIVITY,SENSITIVITY_RESULT
adverse,50,5,18.0,2.5,0.5,5.0,5.0,oncoming,80,-5,True,3.0,50.0,10,8.0,-75.0,-85.0,135.0,True,15.5,52.5,20.5,True,12.5,25.0,42.5,47.5,SIM-03,sim03_encounters-000315,ASSUMED_SENSITIVITY,SENSITIVITY_RESULT
adverse,5,10,36.0,2.5,0.5,5.0,5.0,stationary,80,0,True,7.5,5.0,10,8.0,-120.0,-130.0,135.0,True,30.0,200.0,35.0,False,25.0,100.0,130.0,135.0,SIM-03,sim03_encounters-000316,ASSUMED_SENSITIVITY,SENSITIVITY_RESULT
adverse,5,10,36.0,2.5,0.5,5.0,5.0,slower_lead,80,5.0,True,15.0,5.0,5.0,16.0,-32.5,-42.5,47.5,True,37.5,275.0,42.5,False,25.0,100.0,130.0,135.0,SIM-03,sim03_encounters-000317,ASSUMED_SENSITIVITY,SENSITIVITY_RESULT
adverse,5,10,36.0,2.5,0.5,5.0,5.0,oncoming,80,-10,True,3.75,5.0,20,4.0,-395.0,-405.0,410.0,True,26.25,162.5,31.25,True,25.0,100.0,130.0,135.0,SIM-03,sim03_encounters-000318,ASSUMED_SENSITIVITY,SENSITIVITY_RESULT
adverse,20,10,36.0,2.5,0.5,5.0,5.0,stationary,80,0,True,6.0,20.0,10,8.0,-105.0,-115.0,135.0,True,28.5,185.0,33.5,False,25.0,100.0,130.0,135.0,SIM-03,sim03_encounters-000319,ASSUMED_SENSITIVITY,SENSITIVITY_RESULT
adverse,20,10,36.0,2.5,0.5,5.0,5.0,slower_lead,80,5.0,True,12.0,20.0,5.0,16.0,-17.5,-27.5,47.5,True,34.5,245.0,39.5,False,25.0,100.0,130.0,135.0,SIM-03,sim03_encounters-000320,ASSUMED_SENSITIVITY,SENSITIVITY_RESULT
adverse,20,10,36.0,2.5,0.5,5.0,5.0,oncoming,80,-10,True,3.0,20.0,20,4.0,-380.0,-390.0,410.0,True,25.5,155.0,30.5,True,25.0,100.0,130.0,135.0,SIM-03,sim03_encounters-000321,ASSUMED_SENSITIVITY,SENSITIVITY_RESULT
adverse,50,10,36.0,2.5,0.5,5.0,5.0,stationary,80,0,True,3.0,50.0,10,8.0,-75.0,-85.0,135.0,True,25.5,155.0,30.5,False,25.0,100.0,130.0,135.0,SIM-03,sim03_encounters-000322,ASSUMED_SENSITIVITY,SENSITIVITY_RESULT
adverse,50,10,36.0,2.5,0.5,5.0,5.0,slower_lead,80,5.0,True,6.0,50.0,5.0,16.0,12.5,2.5,47.5,False,28.5,185.0,33.5,False,25.0,100.0,130.0,135.0,SIM-03,sim03_encounters-000323,ASSUMED_SENSITIVITY,SENSITIVITY_RESULT
adverse,50,10,36.0,2.5,0.5,5.0,5.0,oncoming,80,-10,True,1.5,50.0,20,4.0,-350.0,-360.0,410.0,True,24.0,140.0,29.0,True,25.0,100.0,130.0,135.0,SIM-03,sim03_encounters-000324,ASSUMED_SENSITIVITY,SENSITIVITY_RESULT
