"BOM_ID","Subsystem","Manufacturer","Exact product","Exact SKU / part number","Quantity","Owned_or_Buy","Unit price","Currency","Tax status","Shipping/import note","Planning landed unit cost","Extended cost","Source for technical specification","Source for price","Date checked","Stock/lead-time observation","Supply voltage","Typical power/current if documented","Maximum/peak current if documented","Data interface","Connector","Dimensions","Mass","Operating temperature if documented","Host compatibility","Purpose","Reason selected","Required accessories","Replacement/spare plan","Confidence in procurement data","Status","Release status","Record type","Requirement IDs","Primary authority","Release qualification","Listed price extension INR"
"A01","Compute","NVIDIA","NVIDIA Jetson Orin Nano Super Developer Kit 8 GB, 945-13766-0007-000","945-13766-0007-000","1","BUY","68000","INR","UNKNOWN; reconcile dated exact-SKU quote","Actual PIN missing; landed charges/arrival UNKNOWN","UNKNOWN","UNKNOWN","S04: https://developer.nvidia.com/embedded/faq ; S05: https://docs.nvidia.com/jetson/orin-nano-devkit/user-guide/latest/hardware_layout.html ; S06: https://docs.nvidia.com/jetson/orin-nano-devkit/user-guide/latest/quick_start.html","S07: https://www.robotechminds.com/product-page/nvidia-jetson-orin-nano-super-developer-kit-945-13766-0007-000","2026-10-01","Exact revision/dispatch/arrival UNKNOWN; procurement risk","19 V included bench PSU; mobile supply unresolved","UNKNOWN","UNKNOWN","4 USB-A hosts; DisplayPort; Ethernet; M.2 NVMe","USB-A; DP; RJ45; M.2; DC barrel","UNKNOWN","UNKNOWN","UNKNOWN","JetPack/Linux platform; R2 workloads not benchmarked","Main R2 perception/decision-support owner; local API/HMI host","Main edge compute; India/Taiwan SKU verified by NVIDIA; budget not closed","Included bench PSU/cooling; A10,A11,A13; mobile supply unresolved","R06 limited spare allowance; no spare premium sensor assumed","LOW","INCLUDED","NOT FROZEN","PHYSICAL ITEM","TARK-HW-REQ-008; TARK-HW-REQ-009; TARK-HW-REQ-010","COMPUTE / DECISION SUPPORT","Main edge compute; India/Taiwan SKU verified by NVIDIA; budget not closed","68000"
"A02","Radar","Texas Instruments","Texas Instruments IWR1843BOOST","IWR1843BOOST","1","BUY","35892","INR","UNKNOWN; reconcile dated exact-SKU quote","Actual PIN missing; landed charges/arrival UNKNOWN","UNKNOWN","UNKNOWN","S01: https://www.ti.com/tool/IWR1843BOOST ; S02: https://www.ti.com/lit/ug/spruim4b/spruim4b.pdf ; S35: https://www.ti.com/product/IWR1843","S03: see BATCH_A_SOURCE_LEDGER.md","2026-10-01","Indexed 63 stock / 12-week factory lead; direct page unconfirmed","External 5 V supply; >2.5 A supply capability per guide","UNKNOWN","UNKNOWN","Processed USB-UART; onboard XDS110","Micro-USB; 2.1 mm center-positive DC barrel","UNKNOWN","UNKNOWN","UNKNOWN","Host USB serial through pinned TI radar application; not raw ADC","Range/radial-motion evidence; radar characterization","Primary processed-measurement radar; not AWR1843BOOST","Included micro-USB cable/brackets; external regulated supply required","R06 limited spare allowance; no spare premium sensor assumed","LOW","INCLUDED","NOT FROZEN","PHYSICAL ITEM","TARK-HW-REQ-002; TARK-HW-REQ-003","OBSERVATION ONLY","Primary processed-measurement radar; not AWR1843BOOST","35892"
"A03","RGB","Arducam","Arducam B0200, IMX291 RGB, supplied 100-degree diagonal lens","B0200","1","BUY","5262","INR","UNKNOWN; reconcile dated exact-SKU quote","Actual PIN missing; landed charges/arrival UNKNOWN","UNKNOWN","UNKNOWN","S09: https://www.arducam.com/arducam-1080p-low-light-wdr-usb-camera-module-for-computer-2mp-1-2-8-cmos-imx291-100-degree-wide-angle-mini-uvc-spy-webcam-board-with-microphone-3-3ft-1m-cable-for-windows-linux-mac-os.html","S10: https://www.fabtolab.com/arducam-b0200-b0201-b0202-1080p-low-light-wide-angle-usb-camera-module-microphone-computer-2mp-1-2-8-inch-cmos-imx291-120-degree-mini-uvc-usb2.0-webcam-board-3-3ft-1m-cable-windows-linux-mac-os","2026-10-01","Exact revision/dispatch/arrival UNKNOWN; procurement risk","5 V","UNKNOWN","300 mA working current maximum per S09","UVC USB 2.0; 1080p MJPEG/H264 30 fps","USB via included cable","38 x 38 mm board","UNKNOWN","UNKNOWN","Manufacturer lists Linux; actual Jetson acquisition unverified","Semantic/image evidence; degradation assessment","UVC color evidence; not B0201/B0202 variants","Included 1 m USB cable; rigid calibrated mount","R06 limited spare allowance; no spare premium sensor assumed","LOW","INCLUDED","NOT FROZEN","PHYSICAL ITEM","TARK-HW-REQ-002; TARK-HW-REQ-004","OBSERVATION ONLY","UVC color evidence; not B0201/B0202 variants","5262"
"A04","Thermal core","Teledyne FLIR","Teledyne FLIR Lepton 3.5 500-0771-01","500-0771-01","1","BUY","16434.6","INR","UNKNOWN; reconcile dated exact-SKU quote","Actual PIN missing; landed charges/arrival UNKNOWN","UNKNOWN","UNKNOWN","S11: https://mm.digikey.com/Volume0/opasdata/d220001/medias/docus/5491/Lepton_Series_7-28-23.pdf","S15: https://www.digikey.in/en/products/detail/flir-lepton/500-0771-01/500-0771-01-ND/7606616","2026-10-01","S15 displayed 14718; 16-week factory lead, allocation/India arrival unknown","Through A05; never apply USB 5 V directly to core","UNKNOWN","UNKNOWN","Lepton thermal pixel interface through A05","Lepton socket on A05","UNKNOWN","UNKNOWN","UNKNOWN","A05 lists Lepton 3.x; physical assembly untested","Complementary thermal signatures; low-light evidence","LWIR core; installed in A05","A05 interface; core installation and mount","R06 limited spare allowance; no spare premium sensor assumed","LOW","INCLUDED","NOT FROZEN","PHYSICAL ITEM","TARK-HW-REQ-002; TARK-HW-REQ-005","OBSERVATION ONLY","LWIR core; installed in A05","16434.6"
"A05","Thermal interface","GroupGets","GroupGets PURETHERMAL-3","PURETHERMAL-3","1","BUY","11465.04","INR","UNKNOWN; reconcile dated exact-SKU quote","Actual PIN missing; landed charges/arrival UNKNOWN","UNKNOWN","UNKNOWN","S13: https://groupgets-files.s3.amazonaws.com/PT3/PT3%20Datasheet%20Rev2%20Oct%202022.pdf","S16: https://www.digikey.in/en/products/detail/groupgets-llc/PURETHERMAL-3/18677153","2026-10-01","S16 displayed 378; India arrival unknown","VIN 3.4-5.5 V per S13","UNKNOWN","350 mA peak specification; 320 mA VIN-row conflict unresolved","USB UVC thermal","USB-C; Lepton socket","25.8 x 28.9 mm","<3 g excluding core","UNKNOWN","Linux UVC per S13; actual selected host not tested","Bridge A04 to host; diagnostic acquisition","Complete core host-interface selection; USB data cable A14 required","A04 core and one A14 cable","R06 limited spare allowance; no spare premium sensor assumed","LOW","INCLUDED","NOT FROZEN","PHYSICAL ITEM","TARK-HW-REQ-005","OBSERVATION ONLY","Complete core host-interface selection; USB data cable A14 required","11465.04"
"A06","GNSS rover A","Waveshare","Waveshare LG290P GNSS RTK Module 33000, with RTC battery","33000","1","BUY","9099","INR","GST included in listed price","Actual PIN missing; landed charges/arrival UNKNOWN","UNKNOWN","UNKNOWN","S17: https://www.quectel.com/product/gnss-lg290p/ ; S18: https://quectel.com/content/uploads/2024/07/Quectel_LG290P03_RTK_Application_Note_V1.0.pdf ; S19: https://www.waveshare.com/product/lg290p-gnss-rtk-module.htm ; https://www.waveshare.com/wiki/LG290P_GNSS_RTK_Module","S20: https://hubtronics.in/lg290p-gnss-rtk-module","2026-10-01","OUT OF STOCK: 0 units per S20; arrival UNKNOWN","UNKNOWN","UNKNOWN","UNKNOWN","UNKNOWN","UNKNOWN","UNKNOWN","UNKNOWN","UNKNOWN","UNKNOWN; exact board/host evidence required","Main vehicle context; trajectory recording","Main rover; supplier identity recorded, full manufacturer board/antenna verification open","Bundled antenna/RTC battery; A14 cable; corrections","R06 limited spare allowance; no spare premium sensor assumed","LOW","INCLUDED","NOT FROZEN","PHYSICAL ITEM","TARK-HW-REQ-020; TARK-HW-REQ-021","CONTEXT ONLY","Main rover; supplier identity recorded, full manufacturer board/antenna verification open","9099"
"A07","GNSS rover B","Waveshare","Same exact 33000 kit","33000","1","BUY","9099","INR","GST included in listed price","Actual PIN missing; landed charges/arrival UNKNOWN","UNKNOWN","UNKNOWN","S17: https://www.quectel.com/product/gnss-lg290p/ ; S18: https://quectel.com/content/uploads/2024/07/Quectel_LG290P03_RTK_Application_Note_V1.0.pdf ; S19: https://www.waveshare.com/product/lg290p-gnss-rtk-module.htm ; https://www.waveshare.com/wiki/LG290P_GNSS_RTK_Module","S20: https://hubtronics.in/lg290p-gnss-rtk-module","2026-10-01","OUT OF STOCK: 0 units per S20; arrival UNKNOWN","UNKNOWN","UNKNOWN","UNKNOWN","UNKNOWN","UNKNOWN","UNKNOWN","UNKNOWN","UNKNOWN","UNKNOWN; exact board/host evidence required","Actual second physical fleet node; cooperative context","Second physical rover, hosted by A15","Bundled antenna/RTC battery; A14 cable; A15 host","R06 limited spare allowance; no spare premium sensor assumed","LOW","INCLUDED","NOT FROZEN","PHYSICAL ITEM","TARK-HW-REQ-020; TARK-HW-REQ-021","CONTEXT ONLY","Second physical rover, hosted by A15","9099"
"A08","GNSS base","Waveshare","Same exact 33000 kit","33000","1","BUY","9099","INR","GST included in listed price","Actual PIN missing; landed charges/arrival UNKNOWN","UNKNOWN","UNKNOWN","S17: https://www.quectel.com/product/gnss-lg290p/ ; S18: https://quectel.com/content/uploads/2024/07/Quectel_LG290P03_RTK_Application_Note_V1.0.pdf ; S19: https://www.waveshare.com/product/lg290p-gnss-rtk-module.htm ; https://www.waveshare.com/wiki/LG290P_GNSS_RTK_Module","S20: https://hubtronics.in/lg290p-gnss-rtk-module","2026-10-01","OUT OF STOCK: 0 units per S20; arrival UNKNOWN","UNKNOWN","UNKNOWN","UNKNOWN","UNKNOWN","UNKNOWN","UNKNOWN","UNKNOWN","UNKNOWN","UNKNOWN; exact board/host evidence required","Shared correction source; reference-position record","Fixed local base, hosted by A25; not a third vehicle","Bundled antenna/RTC battery; A14 cable; A25 host; reference mount","R06 limited spare allowance; no spare premium sensor assumed","LOW","INCLUDED","NOT FROZEN","PHYSICAL ITEM","TARK-HW-REQ-021","CONTEXT ONLY","Fixed local base, hosted by A25; not a third vehicle","9099"
"A09","Display","Waveshare","Waveshare 11199, 7inch HDMI LCD (C), 1024 × 600","11199","1","BUY","4479","INR","GST included in listed price","Actual PIN missing; landed charges/arrival UNKNOWN","UNKNOWN","UNKNOWN","S21: https://www.waveshare.com/product/raspberry-pi/7inch-hdmi-lcd-c.htm ; https://files.waveshare.com/upload/c/cc/7inch_HDMI_LCD_%28C%29_User_Manual.pdf","S22: https://hubtronics.in/7inch-hdmi-lcd-c","2026-10-01","S22 displayed 38; arrival unknown","USB 5 V; input current UNKNOWN","UNKNOWN","UNKNOWN","HDMI video; USB touch","HDMI; exact USB board revision confirmation required","UNKNOWN","UNKNOWN","UNKNOWN","Needs A13 and verified 1024x600 display mode","Local assistance display; status inspection","Local driver display; HDMI model, not DSI","A13; HDMI cable and USB touch/power cable contents require confirmation","R06 limited spare allowance; no spare premium sensor assumed","LOW","INCLUDED","NOT FROZEN","PHYSICAL ITEM","TARK-HW-REQ-025","MONITORING ONLY","Local driver display; HDMI model, not DSI","4479"
"A10","Storage","Kingston","Kingston NV3 500 GB SNV3S/500G, M.2 2280","SNV3S/500G","1","BUY","10616","INR","UNKNOWN; reconcile dated exact-SKU quote","Actual PIN missing; landed charges/arrival UNKNOWN","UNKNOWN","UNKNOWN","S23: https://www.kingston.com/en/ssd/nv3-nvme-pcie-ssd","S24: https://mdcomputers.in/product/kingston-nv3-500gb-ssd-snv3s-500g/kingston-ssd","2026-10-01","Exact revision/dispatch/arrival UNKNOWN; procurement risk","UNKNOWN","UNKNOWN","UNKNOWN","NVMe PCIe; M.2 2280","M.2 2280","22 x 80 x 2.3 mm","7 g","0 to 70 C","Documented host form-factor/interface class; boot not physically verified","Boot and evidence storage; replay dataset retention","Main boot/recording SSD; host/boot compatibility still requires confirmation","Host M.2 mounting hardware; verify inclusion","R06 limited spare allowance; no spare premium sensor assumed","LOW","INCLUDED","NOT FROZEN","PHYSICAL ITEM","TARK-HW-REQ-011","COMPUTE / DECISION SUPPORT","Main boot/recording SSD; host/boot compatibility still requires confirmation","10616"
"A11","USB hub","TP-Link","TP-Link UH720(UN), hardware V5.0","UH720(UN) V5.0","1","BUY","2905","INR","All taxes included per retailer","Actual PIN missing; landed charges/arrival UNKNOWN","UNKNOWN","UNKNOWN","S28: https://static.tp-link.com/upload/product-overview/2025/202505/20250520/UH720%28UN%295.0_datasheet.pdf ; S29: https://www.tp-link.com/in/home-networking/computer-accessory/uh720/","S30: https://www.moglix.com/tp-link-7-port-usb-30-data-hub-with-2-port-smart-charger-uh720/mp/msnm9xy2zj7mkj","2026-10-01","Exact revision/dispatch/arrival UNKNOWN; procurement risk","V5.0 supplied adapter 12 V / 3.3 A rating; not measured draw","UNKNOWN","UNKNOWN","7 USB 3.0 data ports plus 2 charging-only ports","USB-A downstream; supplied upstream cable; DC power","165 x 65.5 x 17.5 mm","UNKNOWN","UNKNOWN","Linux per product page; delivered V5.0 not guaranteed","Expand required host connectivity; isolate consumer loads from simple port-count assumptions","Powered USB expansion; retailer has not guaranteed V5.0","Included host cable/PSU; mobile regulated supply unresolved","R06 limited spare allowance; no spare premium sensor assumed","LOW","INCLUDED","NOT FROZEN","PHYSICAL ITEM","TARK-HW-REQ-009; TARK-HW-REQ-027","OBSERVATION ONLY","Powered USB expansion; retailer has not guaranteed V5.0","2905"
"A12","Local AP","TP-Link","TP-Link TL-WR902AC, hardware V3","TL-WR902AC V3","1","BUY","2099","INR","UNKNOWN; reconcile dated exact-SKU quote","Listing adds INR 29 fee; shipping/PIN unknown","UNKNOWN","UNKNOWN","S25: https://www.tp-link.com/in/home-networking/wifi-router/tl-wr902ac/ ; S26: https://static.tp-link.com/TL-WR902AC_V3_Datasheet.pdf","S27: https://www.flipkart.com/tp-link-tl-wr902ac-750-mbps-router/p/itmf47djfhyzrhzf","2026-10-01","Exact revision/dispatch/arrival UNKNOWN; procurement risk","5 V / 2 A supply rating; not measured draw","UNKNOWN","UNKNOWN","Wi-Fi AP; 100 Mbps Ethernet","RJ45; V3 mini-USB vs current page micro-USB conflict","74 x 67 x 22 mm","UNKNOWN","0 to 40 C","Local IP clients; no safety authority","Corrections and fleet/HMI telemetry; incident transfer","Local network in AP mode; retailer hardware-version confirmation open","Included PSU/USB/Ethernet cables; verify revision connector","R06 limited spare allowance; no spare premium sensor assumed","LOW","INCLUDED","NOT FROZEN","PHYSICAL ITEM","TARK-HW-REQ-024","CONTEXT ONLY","Local network in AP mode; retailer hardware-version confirmation open","2099"
"A13","Video adapter","StarTech","StarTech DP2HD4K60S","DP2HD4K60S","1","BUY","UNKNOWN","INR","UNKNOWN; reconcile dated exact-SKU quote","Actual PIN missing; landed charges/arrival UNKNOWN","UNKNOWN","UNKNOWN","S31: https://www.startech.com/en-us/display-video-adapters/dp2hd4k60s","UNKNOWN; no price obtained","2026-10-01","Exact revision/dispatch/arrival UNKNOWN; procurement risk","UNKNOWN","UNKNOWN","UNKNOWN","Active DisplayPort-to-HDMI video","DP input; HDMI output","UNKNOWN","UNKNOWN","UNKNOWN","Generic DP host; 1024x600 panel EDID unverified","Connect display to chosen host; no other role","Active DisplayPort-to-HDMI conversion; exact display mode must be confirmed","HDMI cable; panel EDID/mode verification","R06 limited spare allowance; no spare premium sensor assumed","LOW","INCLUDED","NOT FROZEN","PHYSICAL ITEM","TARK-HW-REQ-025","MONITORING ONLY","Active DisplayPort-to-HDMI conversion; exact display mode must be confirmed","UNKNOWN"
"A14","USB cables","StarTech","StarTech USB2AC1M","USB2AC1M","4","BUY","UNKNOWN","INR","UNKNOWN; reconcile dated exact-SKU quote","Actual PIN missing; landed charges/arrival UNKNOWN","UNKNOWN","UNKNOWN","S32: https://www.startech.com/en-us/cables/usb2ac1m","UNKNOWN; no price obtained","2026-10-01","Exact revision/dispatch/arrival UNKNOWN; procurement risk","UNKNOWN","UNKNOWN","UNKNOWN","USB 2.0 data/power","USB-A to USB-C","1 m cable length","UNKNOWN","UNKNOWN","Selected peripheral connector match must be confirmed","Link one thermal and three GNSS units; serviceable harness","Data/power cables for thermal and three GNSS kits; cable prices not obtained","USB-A host and USB-C peripheral; no extra adapter assumed","R06 limited spare allowance; no spare premium sensor assumed","LOW","INCLUDED","NOT FROZEN","PHYSICAL ITEM","TARK-HW-REQ-005; TARK-HW-REQ-021; TARK-HW-REQ-027","OBSERVATION ONLY","Data/power cables for thermal and three GNSS kits; cable prices not obtained","UNKNOWN"
"A15","Node B host","Raspberry Pi","Owned Raspberry Pi 3 Model B+","Raspberry Pi 3 Model B+","1","OWNED","0","INR","No incremental purchase counted","No purchase this pass","0","0","S33: https://www.raspberrypi.com/products/raspberry-pi-3-model-b-plus/","U01/U02; zero additional acquisition cost","2026-10-01","Owned per user; verification register applies","5 V micro-USB supply; not L298N 5 V rail","UNKNOWN","UNKNOWN","USB; Ethernet/Wi-Fi","USB-A; micro-USB power; RJ45","UNKNOWN","UNKNOWN","UNKNOWN","Raspberry Pi OS working per user; node-B service later","Second-node relay only; node health","Second-node positioning/correction relay only; no duplicate perception engine","A23 boot card; correctly regulated protected supply","R06 limited spare allowance; no spare premium sensor assumed","LOW","INCLUDED","NOT FROZEN","PHYSICAL ITEM","TARK-HW-REQ-023","CONTEXT ONLY","Second-node positioning/correction relay only; no duplicate perception engine","0"
"A16","Local endpoint","UNKNOWN","Owned ESP32-S3 N16R8 / HW678-style board","ESP32-S3 N16R8 / HW678-style; PCB UNKNOWN","1","OWNED","0","INR","No incremental purchase counted","No purchase this pass","0","0","U01/U02 preliminary inventory; exact manufacturer evidence missing","U01/U02; zero additional acquisition cost","2026-10-01","Owned per user; verification register applies","UNKNOWN exact board power/input limits; not L298N 5 V rail","UNKNOWN","UNKNOWN","Reported USB serial; current GPIO4/5/16/17 bridge outputs","Exact PCB ports/labels UNKNOWN","UNKNOWN","UNKNOWN","UNKNOWN","User reports S3 MCU rev v0.2 and 8 MB PSRAM; board not frozen","Local supervision; later wheel acquisition","Local supervisor candidate; exact PCB identity remains missing","Exact PCB photos; USB data cable; regulated supply","R06 limited spare allowance; no spare premium sensor assumed","LOW","INCLUDED","NOT FROZEN","PHYSICAL ITEM","TARK-HW-REQ-012; TARK-HW-REQ-013","LOCAL SUPERVISION","Local supervisor candidate; exact PCB identity remains missing","0"
"A17","Bench radar","Hi-Link","Owned HLK-LD2450","HLK-LD2450; board revision UNKNOWN","1","OWNED","0","INR","No incremental purchase counted","No purchase this pass","0","0","U01/U02 preliminary inventory; exact manufacturer evidence missing","U01/U02; zero additional acquisition cost","2026-10-01","Owned per user; verification register applies","UNKNOWN","UNKNOWN","UNKNOWN","UNKNOWN","UNKNOWN","UNKNOWN","UNKNOWN","UNKNOWN","UNKNOWN; exact board/host evidence required","Compare current prototype evidence with new radar; regression reference","Bench comparison/reference only, not a second active primary radar","Existing bench interface; verify supply/cable before use","R06 limited spare allowance; no spare premium sensor assumed","LOW","INCLUDED","NOT FROZEN","PHYSICAL ITEM","TARK-HW-REQ-033; TARK-HW-REQ-035","TEST / CALIBRATION ONLY","Bench comparison/reference only, not a second active primary radar","0"
"A18","Motor driver","UNKNOWN","Owned L298N breakout","L298N breakout; board revision UNKNOWN","1","OWNED","0","INR","No incremental purchase counted","No purchase this pass","0","0","S34: https://www.st.com/en/motor-drivers/l298.html","U01/U02; zero additional acquisition cost","2026-10-01","Owned per user; verification register applies","User reports current traction pack 7.78 V; not qualified operating range","UNKNOWN","UNKNOWN","GPIO4/5/16/17 to IN1/2/3/4; ENA/ENB jumpers installed","Exact board terminals/pinout photo required","UNKNOWN","UNKNOWN","UNKNOWN","Reported working with 4 TT motors; current/thermal approval absent","Existing TT motor drive; no extra supply role","Existing robot bridge; exact board/current compatibility not released","Verified power/current limits and independent cutoff","R06 limited spare allowance; no spare premium sensor assumed","LOW","INCLUDED","NOT FROZEN","PHYSICAL ITEM","TARK-HW-REQ-001; TARK-HW-REQ-017","MOTION OUTPUT","Existing robot bridge; exact board/current compatibility not released","0"
"A19","Robot motors","UNKNOWN","Owned yellow TT geared DC motors","Yellow TT motor exact variant UNKNOWN","4","OWNED","0","INR","No incremental purchase counted","No purchase this pass","0","0","U01/U02 preliminary inventory; exact manufacturer evidence missing","U01/U02; zero additional acquisition cost","2026-10-01","Owned per user; verification register applies","UNKNOWN","UNKNOWN","UNKNOWN","UNKNOWN","UNKNOWN","UNKNOWN","UNKNOWN","UNKNOWN","UNKNOWN; exact board/host evidence required","Small robot motion; load for feedback trials","Existing drivetrain retained for assessment; exact variants unverified","Current wheels/mounts; exact identity and load verification","R06 limited spare allowance; no spare premium sensor assumed","LOW","INCLUDED","NOT FROZEN","PHYSICAL ITEM","TARK-HW-REQ-001; TARK-HW-REQ-017","MOTION OUTPUT","Existing drivetrain retained for assessment; exact variants unverified","0"
"A20","Robot chassis","UNKNOWN","Owned acrylic four-wheel chassis","Acrylic four-wheel chassis exact model UNKNOWN","1","OWNED","0","INR","No incremental purchase counted","No purchase this pass","0","0","U01/U02 preliminary inventory; exact manufacturer evidence missing","U01/U02; zero additional acquisition cost","2026-10-01","Owned per user; verification register applies","UNKNOWN","UNKNOWN","UNKNOWN","N/A passive mechanical support","Shaft/mount geometry UNKNOWN","UNKNOWN","UNKNOWN","UNKNOWN","Fit/payload unknown; measurements required","Physical integration and containment; serviceable sensor reference","Reuse intent; dimension/load/encoder-fit evidence missing","Measured mounts/clearances; payload and wheel geometry","R06 limited spare allowance; no spare premium sensor assumed","LOW","INCLUDED","NOT FROZEN","PHYSICAL ITEM","TARK-HW-REQ-007; TARK-HW-REQ-028","MOTION OUTPUT","Reuse intent; dimension/load/encoder-fit evidence missing","0"
"A21","Traction energy","UNKNOWN","Owned traction pack, reported 7.78 V measured","Existing 7.78 V observed pack; identity UNKNOWN","1","OWNED","0","INR","No incremental purchase counted","No purchase this pass","0","0","U01/U02 preliminary inventory; exact manufacturer evidence missing","U01/U02; zero additional acquisition cost","2026-10-01","Owned per user; verification register applies","7.78 V user-reported measurement; chemistry/range UNKNOWN","UNKNOWN","UNKNOWN","N/A energy source","UNKNOWN","UNKNOWN","UNKNOWN","UNKNOWN","Current traction source reported; charging/protection not verified","Energy source for current robot; no assumed logic-supply role","Identity, chemistry, capacity, protection and suitability unknown","Label/protection review; no charger selected","R06 limited spare allowance; no spare premium sensor assumed","LOW","INCLUDED","NOT FROZEN","PHYSICAL ITEM","TARK-HW-REQ-001; TARK-HW-REQ-018","MOTION OUTPUT","Identity, chemistry, capacity, protection and suitability unknown","0"
"A22","Bench energy","UNKNOWN","Owned 12 V SLA, reported approximately 1.3 Ah","12 V SLA reportedly 1.3 Ah; exact model UNKNOWN","1","OWNED","0","INR","No incremental purchase counted","No purchase this pass","0","0","U01/U02 preliminary inventory; exact manufacturer evidence missing","U01/U02; zero additional acquisition cost","2026-10-01","Owned per user; verification register applies","12 V nominal and ~1.3 Ah user-reported; label pending","UNKNOWN","UNKNOWN","N/A bench energy source","UNKNOWN","UNKNOWN","UNKNOWN","UNKNOWN","Bench only; not selected onboard electronics source","Retained bench asset; no active-robot power assumption","Bench asset only; label/condition not verified; no onboard payload assumption","Label/condition verification; no charger selected","R06 limited spare allowance; no spare premium sensor assumed","LOW","INCLUDED","NOT FROZEN","PHYSICAL ITEM","TARK-HW-REQ-018; TARK-HW-REQ-035","TEST / CALIBRATION ONLY","Bench asset only; label/condition not verified; no onboard payload assumption","0"
"A23","Node B storage","SanDisk","Owned SanDisk Ultra 32 GB microSDHC A1","Ultra 32 GB microSDHC A1; suffix UNKNOWN","1","OWNED","0","INR","No incremental purchase counted","No purchase this pass","0","0","U01/U02 preliminary inventory; exact manufacturer evidence missing","U01/U02; zero additional acquisition cost","2026-10-01","Owned per user; verification register applies","UNKNOWN","UNKNOWN","UNKNOWN","microSDHC boot storage","microSD","UNKNOWN","UNKNOWN","UNKNOWN","Owned Pi boot role; exact suffix/condition verification pending","Boot Pi; retain node diagnostics","Pi node-B boot card; suffix/condition not verified","Pi card slot; verify condition","R06 limited spare allowance; no spare premium sensor assumed","LOW","INCLUDED","NOT FROZEN","PHYSICAL ITEM","TARK-HW-REQ-011; TARK-HW-REQ-023","CONTEXT ONLY","Pi node-B boot card; suffix/condition not verified","0"
"A24","Bench camera","UNKNOWN","Owned unidentified working USB webcam","Existing USB webcam; exact model UNKNOWN","1","OWNED","0","INR","No incremental purchase counted","No purchase this pass","0","0","U01/U02 preliminary inventory; exact manufacturer evidence missing","U01/U02; zero additional acquisition cost","2026-10-01","Owned per user; verification register applies","UNKNOWN","UNKNOWN","UNKNOWN","USB video; actual formats UNKNOWN","USB exact type UNKNOWN","UNKNOWN","UNKNOWN","UNKNOWN","User reports streaming on Pi; no model assumption","Bench/reference streaming; integration comparison","Bench/reference stream only; not a second flagship RGB channel","Existing cable; label photos","R06 limited spare allowance; no spare premium sensor assumed","LOW","INCLUDED","NOT FROZEN","PHYSICAL ITEM","TARK-HW-REQ-033; TARK-HW-REQ-035","TEST / CALIBRATION ONLY","Bench/reference stream only; not a second flagship RGB channel","0"
"A25","Base / control room","UNKNOWN","Existing development PC, exact asset record required","Existing development PC asset identity UNKNOWN","1","OWNED","0","INR","No incremental purchase counted","No purchase this pass","0","0","U01/U02 preliminary inventory; exact manufacturer evidence missing","U01/U02; zero additional acquisition cost","2026-10-01","Owned per user; verification register applies","UNKNOWN","UNKNOWN","UNKNOWN","USB serial correction relay plus local network/browser","Actual available USB/network ports UNKNOWN","UNKNOWN","UNKNOWN","UNKNOWN","Existing asset; identity/availability require confirmation","Shared stationary base host; control-room monitoring","Shared stationary base relay and control-room browser; availability/identity open","Base USB cable and local network; availability verification","R06 limited spare allowance; no spare premium sensor assumed","LOW","INCLUDED","NOT FROZEN","PHYSICAL ITEM","TARK-HW-REQ-021; TARK-HW-REQ-026","CONTEXT ONLY","Shared stationary base relay and control-room browser; availability/identity open","0"
"A26","GNSS antennas","UNKNOWN","Antennas supplied in the exact 33000 kits","Bundled 33000-kit antenna; exact part UNKNOWN","3","BUNDLED","0","INR","No incremental purchase counted","Included in kit price; not separately purchased","0","0","S19: https://www.waveshare.com/product/lg290p-gnss-rtk-module.htm ; https://www.waveshare.com/wiki/LG290P_GNSS_RTK_Module","S20: https://hubtronics.in/lg290p-gnss-rtk-module","2026-10-01","Bundled with out-of-stock kits","Active antenna bias UNKNOWN","UNKNOWN","UNKNOWN","GNSS RF","UNKNOWN exact connector","UNKNOWN","UNKNOWN","UNKNOWN","Exact bands/bias/board compatibility not frozen","Reception for base and rovers; repeatable reference-plane placement","Included in kit cost; antenna part number, bands, connector and bias compatibility unverified","Matching bands/bias/connector/reference mount verification","R06 limited spare allowance; no spare premium sensor assumed","LOW","INCLUDED","NOT FROZEN","PHYSICAL ITEM","TARK-HW-REQ-021; TARK-HW-REQ-027","CONTEXT ONLY","Included in kit cost; antenna part number, bands, connector and bias compatibility unverified","0"
"R01","Power/protection","N/A","Power/protection reserve, not a selected physical part","N/A","1","ENGINEERING ALLOWANCE","12000","INR","Allocation, not a tax-inclusive supplier quote","No duplication with exact accessory purchases; unknown charges not assumed covered","12000","12000","H1 requirement allocation; not a product specification","H2 explicitly labelled engineering allowance","2026-10-01","N/A - ENGINEERING ALLOWANCE","N/A - ENGINEERING ALLOWANCE","N/A - ENGINEERING ALLOWANCE","N/A - ENGINEERING ALLOWANCE","N/A - ENGINEERING ALLOWANCE","N/A - ENGINEERING ALLOWANCE","N/A - ENGINEERING ALLOWANCE","N/A - ENGINEERING ALLOWANCE","N/A - ENGINEERING ALLOWANCE","N/A - ENGINEERING ALLOWANCE","Power/protection","Protect necessary integration budget","N/A - ENGINEERING ALLOWANCE","Reconcile to exact later line items without double counting","LOW","INCLUDED","NOT FROZEN","ENGINEERING ALLOWANCE","TARK-HW-REQ-013; TARK-HW-REQ-014; TARK-HW-REQ-018; TARK-HW-REQ-019; TARK-HW-REQ-031","N/A - NOT A PHYSICAL COMPONENT","Allowance does not close missing selection or compatibility evidence","12000"
"R02","Mechanical fabrication","N/A","Mechanical fabrication reserve, not a selected physical part","N/A","1","ENGINEERING ALLOWANCE","6500","INR","Allocation, not a tax-inclusive supplier quote","No duplication with exact accessory purchases; unknown charges not assumed covered","6500","6500","H1 requirement allocation; not a product specification","H2 explicitly labelled engineering allowance","2026-10-01","N/A - ENGINEERING ALLOWANCE","N/A - ENGINEERING ALLOWANCE","N/A - ENGINEERING ALLOWANCE","N/A - ENGINEERING ALLOWANCE","N/A - ENGINEERING ALLOWANCE","N/A - ENGINEERING ALLOWANCE","N/A - ENGINEERING ALLOWANCE","N/A - ENGINEERING ALLOWANCE","N/A - ENGINEERING ALLOWANCE","N/A - ENGINEERING ALLOWANCE","Mechanical fabrication","Protect necessary integration budget","N/A - ENGINEERING ALLOWANCE","Reconcile to exact later line items without double counting","LOW","INCLUDED","NOT FROZEN","ENGINEERING ALLOWANCE","TARK-HW-REQ-007; TARK-HW-REQ-010; TARK-HW-REQ-015; TARK-HW-REQ-028; TARK-HW-REQ-030","N/A - NOT A PHYSICAL COMPONENT","Allowance does not close missing selection or compatibility evidence","6500"
"R03","Remaining cables/connectors","N/A","Remaining cables/connectors reserve, not a selected physical part","N/A","1","ENGINEERING ALLOWANCE","2500","INR","Allocation, not a tax-inclusive supplier quote","No duplication with exact accessory purchases; unknown charges not assumed covered","2500","2500","H1 requirement allocation; not a product specification","H2 explicitly labelled engineering allowance","2026-10-01","N/A - ENGINEERING ALLOWANCE","N/A - ENGINEERING ALLOWANCE","N/A - ENGINEERING ALLOWANCE","N/A - ENGINEERING ALLOWANCE","N/A - ENGINEERING ALLOWANCE","N/A - ENGINEERING ALLOWANCE","N/A - ENGINEERING ALLOWANCE","N/A - ENGINEERING ALLOWANCE","N/A - ENGINEERING ALLOWANCE","N/A - ENGINEERING ALLOWANCE","Remaining cables/connectors","Protect necessary integration budget","N/A - ENGINEERING ALLOWANCE","Reconcile to exact later line items without double counting","LOW","INCLUDED","NOT FROZEN","ENGINEERING ALLOWANCE","TARK-HW-REQ-027; TARK-HW-REQ-028; TARK-HW-REQ-031","N/A - NOT A PHYSICAL COMPONENT","Allowance does not close missing selection or compatibility evidence","2500"
"R04","Calibration and test","N/A","Calibration and test reserve, not a selected physical part","N/A","1","ENGINEERING ALLOWANCE","5000","INR","Allocation, not a tax-inclusive supplier quote","No duplication with exact accessory purchases; unknown charges not assumed covered","5000","5000","H1 requirement allocation; not a product specification","H2 explicitly labelled engineering allowance","2026-10-01","N/A - ENGINEERING ALLOWANCE","N/A - ENGINEERING ALLOWANCE","N/A - ENGINEERING ALLOWANCE","N/A - ENGINEERING ALLOWANCE","N/A - ENGINEERING ALLOWANCE","N/A - ENGINEERING ALLOWANCE","N/A - ENGINEERING ALLOWANCE","N/A - ENGINEERING ALLOWANCE","N/A - ENGINEERING ALLOWANCE","N/A - ENGINEERING ALLOWANCE","Calibration and test","Protect necessary integration budget","N/A - ENGINEERING ALLOWANCE","Reconcile to exact later line items without double counting","LOW","INCLUDED","NOT FROZEN","ENGINEERING ALLOWANCE","TARK-HW-REQ-015; TARK-HW-REQ-016; TARK-HW-REQ-029","N/A - NOT A PHYSICAL COMPONENT","Allowance does not close missing selection or compatibility evidence","5000"
"R05","Controlled low-visibility experiment","N/A","Controlled low-visibility experiment reserve, not a selected physical part","N/A","1","ENGINEERING ALLOWANCE","5000","INR","Allocation, not a tax-inclusive supplier quote","No duplication with exact accessory purchases; unknown charges not assumed covered","5000","5000","H1 requirement allocation; not a product specification","H2 explicitly labelled engineering allowance","2026-10-01","N/A - ENGINEERING ALLOWANCE","N/A - ENGINEERING ALLOWANCE","N/A - ENGINEERING ALLOWANCE","N/A - ENGINEERING ALLOWANCE","N/A - ENGINEERING ALLOWANCE","N/A - ENGINEERING ALLOWANCE","N/A - ENGINEERING ALLOWANCE","N/A - ENGINEERING ALLOWANCE","N/A - ENGINEERING ALLOWANCE","N/A - ENGINEERING ALLOWANCE","Controlled low-visibility experiment","Protect necessary integration budget","N/A - ENGINEERING ALLOWANCE","Reconcile to exact later line items without double counting","LOW","INCLUDED","NOT FROZEN","ENGINEERING ALLOWANCE","TARK-HW-REQ-030","N/A - NOT A PHYSICAL COMPONENT","Allowance does not close missing selection or compatibility evidence","5000"
"R06","Spares","N/A","Spares reserve, not a selected physical part","N/A","1","ENGINEERING ALLOWANCE","4000","INR","Allocation, not a tax-inclusive supplier quote","No duplication with exact accessory purchases; unknown charges not assumed covered","4000","4000","H1 requirement allocation; not a product specification","H2 explicitly labelled engineering allowance","2026-10-01","N/A - ENGINEERING ALLOWANCE","N/A - ENGINEERING ALLOWANCE","N/A - ENGINEERING ALLOWANCE","N/A - ENGINEERING ALLOWANCE","N/A - ENGINEERING ALLOWANCE","N/A - ENGINEERING ALLOWANCE","N/A - ENGINEERING ALLOWANCE","N/A - ENGINEERING ALLOWANCE","N/A - ENGINEERING ALLOWANCE","N/A - ENGINEERING ALLOWANCE","Spares","Protect necessary integration budget","N/A - ENGINEERING ALLOWANCE","Reconcile to exact later line items without double counting","LOW","INCLUDED","NOT FROZEN","ENGINEERING ALLOWANCE","TARK-HW-REQ-031","N/A - NOT A PHYSICAL COMPONENT","Allowance does not close missing selection or compatibility evidence","4000"
"R07","Shipping/import uncertainty","N/A","Shipping/import uncertainty reserve, not a selected physical part","N/A","1","ENGINEERING ALLOWANCE","5000","INR","Allocation, not a tax-inclusive supplier quote","No duplication with exact accessory purchases; unknown charges not assumed covered","5000","5000","H1 requirement allocation; not a product specification","H2 explicitly labelled engineering allowance","2026-10-01","N/A - ENGINEERING ALLOWANCE","N/A - ENGINEERING ALLOWANCE","N/A - ENGINEERING ALLOWANCE","N/A - ENGINEERING ALLOWANCE","N/A - ENGINEERING ALLOWANCE","N/A - ENGINEERING ALLOWANCE","N/A - ENGINEERING ALLOWANCE","N/A - ENGINEERING ALLOWANCE","N/A - ENGINEERING ALLOWANCE","N/A - ENGINEERING ALLOWANCE","Shipping/import uncertainty","Protect necessary integration budget","N/A - ENGINEERING ALLOWANCE","Reconcile to exact later line items without double counting","LOW","INCLUDED","NOT FROZEN","ENGINEERING ALLOWANCE","TARK-HW-REQ-031; TARK-HW-REQ-032","N/A - NOT A PHYSICAL COMPONENT","Allowance does not close missing selection or compatibility evidence","5000"
"R08","Contingency","N/A","Contingency reserve, not a selected physical part","N/A","1","ENGINEERING ALLOWANCE","5000","INR","Allocation, not a tax-inclusive supplier quote","No duplication with exact accessory purchases; unknown charges not assumed covered","5000","5000","H1 requirement allocation; not a product specification","H2 explicitly labelled engineering allowance","2026-10-01","N/A - ENGINEERING ALLOWANCE","N/A - ENGINEERING ALLOWANCE","N/A - ENGINEERING ALLOWANCE","N/A - ENGINEERING ALLOWANCE","N/A - ENGINEERING ALLOWANCE","N/A - ENGINEERING ALLOWANCE","N/A - ENGINEERING ALLOWANCE","N/A - ENGINEERING ALLOWANCE","N/A - ENGINEERING ALLOWANCE","N/A - ENGINEERING ALLOWANCE","Contingency","Protect necessary integration budget","N/A - ENGINEERING ALLOWANCE","Reconcile to exact later line items without double counting","LOW","INCLUDED","NOT FROZEN","ENGINEERING ALLOWANCE","TARK-HW-REQ-031","N/A - NOT A PHYSICAL COMPONENT","Allowance does not close missing selection or compatibility evidence","5000"
